transaction_id,transaction_date,year,month,month_name,day_name,source_system,source_type,channel_id,sales_channel,customer_id,customer_segment,product_id,product_name,product_category,location_id,city,province,quantity,unit_price,gross_sales,promo_name,voucher_code,discount_rate,discount_amount,net_sales,payment_method,order_status
TRX00001,2025-01-01,2025,1,January,Wednesday,CSV Marketplace,CSV,C003,GoFood,CU0174,Loyal,P001,Kopi Susu Gula Aren,Minuman,L006,Bogor,Jawa Barat,1,18000,18000,Diskon Produk,DISKON10,0.1,1800,16200,Kartu Debit,Selesai
TRX00002,2025-01-01,2025,1,January,Wednesday,Excel Cabang,Excel,C001,POS Kasir,CU0007,Reguler,P007,Brownies Cokelat,Snack,L001,Bekasi,Jawa Barat,1,30000,30000,Tidak Ada,,0.0,0,30000,Kartu Debit,Selesai
TRX00003,2025-01-02,2025,1,January,Thursday,CSV Marketplace,CSV,C001,POS Kasir,CU0040,Baru,P010,Paket Hemat UMKM,Paket,L003,Jakarta Selatan,DKI Jakarta,2,45000,90000,Tidak Ada,,0.0,0,90000,E-Wallet,Selesai
TRX00004,2025-01-02,2025,1,January,Thursday,API Marketplace,API,C003,GoFood,CU0118,Reguler,P007,Brownies Cokelat,Snack,L001,Bekasi,Jawa Barat,2,30000,60000,Voucher Ongkir,ONGKIR5,0.05,3000,57000,COD,Selesai
TRX00005,2025-01-02,2025,1,January,Thursday,API Marketplace,API,C005,Tokopedia,CU0012,Reguler,P005,Nasi Goreng Spesial,Makanan,L006,Bogor,Jawa Barat,2,27000,54000,Diskon Produk,DISKON10,0.1,5400,0,E-Wallet,Refund
TRX00006,2025-01-02,2025,1,January,Thursday,API Marketplace,API,C004,GrabFood,CU0042,Reguler,P004,Nasi Ayam Geprek,Makanan,L001,Bekasi,Jawa Barat,2,25000,50000,Voucher Ongkir,ONGKIR5,0.05,2500,47500,Transfer Bank,Selesai
TRX00007,2025-01-02,2025,1,January,Thursday,Excel Cabang,Excel,C006,Website,CU0063,Baru,P012,Dimsum Ayam,Makanan,L006,Bogor,Jawa Barat,2,28000,56000,Tidak Ada,,0.0,0,56000,COD,Selesai
TRX00008,2025-01-03,2025,1,January,Friday,CSV Marketplace,CSV,C001,POS Kasir,CU0103,Baru,P011,Paket Kopi dan Snack,Paket,L003,Jakarta Selatan,DKI Jakarta,3,35000,105000,Voucher Ongkir,ONGKIR5,0.05,5250,0,Transfer Bank,Dibatalkan
TRX00009,2025-01-03,2025,1,January,Friday,CSV Marketplace,CSV,C003,GoFood,CU0165,Reguler,P010,Paket Hemat UMKM,Paket,L006,Bogor,Jawa Barat,2,45000,90000,Tidak Ada,,0.0,0,90000,E-Wallet,Selesai
TRX00010,2025-01-03,2025,1,January,Friday,API Marketplace,API,C005,Tokopedia,CU0150,Reguler,P012,Dimsum Ayam,Makanan,L005,Tangerang,Banten,2,28000,56000,Tidak Ada,,0.0,0,0,Transfer Bank,Refund
TRX00011,2025-01-04,2025,1,January,Saturday,Excel Cabang,Excel,C001,POS Kasir,CU0175,Reguler,P008,Roti Bakar Keju,Snack,L001,Bekasi,Jawa Barat,1,20000,20000,Tidak Ada,,0.0,0,20000,QRIS,Selesai
TRX00012,2025-01-04,2025,1,January,Saturday,API Marketplace,API,C005,Tokopedia,CU0003,Reguler,P010,Paket Hemat UMKM,Paket,L004,Depok,Jawa Barat,5,45000,225000,Payday Sale,PAYDAY15,0.15,33750,191250,QRIS,Selesai
TRX00013,2025-01-04,2025,1,January,Saturday,API Marketplace,API,C006,Website,CU0117,Baru,P009,Keripik Singkong,Snack,L003,Jakarta Selatan,DKI Jakarta,1,16000,16000,Tidak Ada,,0.0,0,0,E-Wallet,Refund
TRX00014,2025-01-04,2025,1,January,Saturday,API Marketplace,API,C001,POS Kasir,CU0051,Baru,P003,Teh Lemon,Minuman,L005,Tangerang,Banten,3,15000,45000,Tidak Ada,,0.0,0,45000,Transfer Bank,Selesai
TRX00015,2025-01-04,2025,1,January,Saturday,API Marketplace,API,C005,Tokopedia,CU0093,Loyal,P009,Keripik Singkong,Snack,L001,Bekasi,Jawa Barat,2,16000,32000,Tidak Ada,,0.0,0,32000,E-Wallet,Selesai
TRX00016,2025-01-04,2025,1,January,Saturday,Excel Cabang,Excel,C001,POS Kasir,CU0137,Loyal,P004,Nasi Ayam Geprek,Makanan,L005,Tangerang,Banten,2,25000,50000,Voucher Ongkir,ONGKIR5,0.05,2500,47500,Transfer Bank,Selesai
TRX00017,2025-01-04,2025,1,January,Saturday,Aplikasi Kasir Digital,POS,C003,GoFood,CU0055,Reseller,P009,Keripik Singkong,Snack,L002,Jakarta Timur,DKI Jakarta,3,16000,48000,Tidak Ada,,0.0,0,48000,Transfer Bank,Selesai
TRX00018,2025-01-05,2025,1,January,Sunday,Aplikasi Kasir Digital,POS,C004,GrabFood,CU0017,Reguler,P011,Paket Kopi dan Snack,Paket,L003,Jakarta Selatan,DKI Jakarta,2,35000,70000,Tidak Ada,,0.0,0,70000,Kartu Debit,Selesai
TRX00019,2025-01-05,2025,1,January,Sunday,Excel Cabang,Excel,C001,POS Kasir,CU0018,Reseller,P010,Paket Hemat UMKM,Paket,L002,Jakarta Timur,DKI Jakarta,2,45000,90000,Tidak Ada,,0.0,0,90000,E-Wallet,Selesai
TRX00020,2025-01-05,2025,1,January,Sunday,Database POS,Database,C006,Website,CU0147,Reguler,P004,Nasi Ayam Geprek,Makanan,L003,Jakarta Selatan,DKI Jakarta,1,25000,25000,Tidak Ada,,0.0,0,25000,Transfer Bank,Selesai
TRX00021,2025-01-05,2025,1,January,Sunday,Excel Cabang,Excel,C001,POS Kasir,CU0106,Reguler,P007,Brownies Cokelat,Snack,L002,Jakarta Timur,DKI Jakarta,2,30000,60000,Tidak Ada,,0.0,0,60000,QRIS,Selesai
TRX00022,2025-01-05,2025,1,January,Sunday,Database POS,Database,C001,POS Kasir,CU0028,Baru,P011,Paket Kopi dan Snack,Paket,L001,Bekasi,Jawa Barat,2,35000,70000,Voucher Ongkir,ONGKIR5,0.05,3500,66500,Transfer Bank,Selesai
TRX00023,2025-01-05,2025,1,January,Sunday,API Marketplace,API,C002,ShopeeFood,CU0020,Reguler,P003,Teh Lemon,Minuman,L004,Depok,Jawa Barat,2,15000,30000,Payday Sale,PAYDAY15,0.15,4500,25500,Kartu Debit,Selesai
TRX00024,2025-01-05,2025,1,January,Sunday,Excel Cabang,Excel,C001,POS Kasir,CU0043,Reguler,P011,Paket Kopi dan Snack,Paket,L005,Tangerang,Banten,4,35000,140000,Voucher Ongkir,ONGKIR5,0.05,7000,133000,COD,Selesai
TRX00025,2025-01-05,2025,1,January,Sunday,Database POS,Database,C002,ShopeeFood,CU0117,Baru,P007,Brownies Cokelat,Snack,L001,Bekasi,Jawa Barat,1,30000,30000,Tidak Ada,,0.0,0,30000,Kartu Debit,Selesai
TRX00026,2025-01-05,2025,1,January,Sunday,API Marketplace,API,C002,ShopeeFood,CU0139,Baru,P008,Roti Bakar Keju,Snack,L002,Jakarta Timur,DKI Jakarta,1,20000,20000,Tidak Ada,,0.0,0,20000,E-Wallet,Selesai
TRX00027,2025-01-06,2025,1,January,Monday,Excel Cabang,Excel,C002,ShopeeFood,CU0048,Baru,P009,Keripik Singkong,Snack,L005,Tangerang,Banten,4,16000,64000,Tidak Ada,,0.0,0,64000,QRIS,Selesai
TRX00028,2025-01-06,2025,1,January,Monday,Aplikasi Kasir Digital,POS,C001,POS Kasir,CU0159,Baru,P004,Nasi Ayam Geprek,Makanan,L004,Depok,Jawa Barat,1,25000,25000,Tidak Ada,,0.0,0,25000,Kartu Debit,Selesai
TRX00029,2025-01-06,2025,1,January,Monday,API Marketplace,API,C002,ShopeeFood,CU0172,Reguler,P006,Mie Ayam Jamur,Makanan,L003,Jakarta Selatan,DKI Jakarta,1,24000,24000,Tidak Ada,,0.0,0,24000,COD,Selesai
TRX00030,2025-01-06,2025,1,January,Monday,Aplikasi Kasir Digital,POS,C004,GrabFood,CU0019,Reguler,P002,Es Kopi Latte,Minuman,L001,Bekasi,Jawa Barat,5,22000,110000,Bundling,BUNDLE12,0.12,13200,96800,Kartu Debit,Selesai
TRX00031,2025-01-06,2025,1,January,Monday,API Marketplace,API,C002,ShopeeFood,CU0140,Loyal,P006,Mie Ayam Jamur,Makanan,L001,Bekasi,Jawa Barat,1,24000,24000,Tidak Ada,,0.0,0,0,Kartu Debit,Refund
TRX00032,2025-01-07,2025,1,January,Tuesday,Excel Cabang,Excel,C003,GoFood,CU0030,Loyal,P011,Paket Kopi dan Snack,Paket,L005,Tangerang,Banten,4,35000,140000,Tidak Ada,,0.0,0,140000,Kartu Debit,Selesai
TRX00033,2025-01-07,2025,1,January,Tuesday,API Marketplace,API,C002,ShopeeFood,CU0068,Reguler,P005,Nasi Goreng Spesial,Makanan,L005,Tangerang,Banten,1,27000,27000,Diskon Produk,DISKON10,0.1,2700,0,E-Wallet,Dibatalkan
TRX00034,2025-01-08,2025,1,January,Wednesday,API Marketplace,API,C004,GrabFood,CU0034,Reguler,P002,Es Kopi Latte,Minuman,L006,Bogor,Jawa Barat,1,22000,22000,Tidak Ada,,0.0,0,22000,E-Wallet,Selesai
TRX00035,2025-01-08,2025,1,January,Wednesday,Database POS,Database,C006,Website,CU0177,Reseller,P008,Roti Bakar Keju,Snack,L005,Tangerang,Banten,2,20000,40000,Tidak Ada,,0.0,0,40000,Kartu Debit,Selesai
TRX00036,2025-01-09,2025,1,January,Thursday,Database POS,Database,C002,ShopeeFood,CU0011,Loyal,P010,Paket Hemat UMKM,Paket,L005,Tangerang,Banten,1,45000,45000,Tidak Ada,,0.0,0,45000,Transfer Bank,Selesai
TRX00037,2025-01-09,2025,1,January,Thursday,Aplikasi Kasir Digital,POS,C003,GoFood,CU0159,Loyal,P011,Paket Kopi dan Snack,Paket,L001,Bekasi,Jawa Barat,3,35000,105000,Tidak Ada,,0.0,0,105000,Transfer Bank,Selesai
TRX00038,2025-01-09,2025,1,January,Thursday,CSV Marketplace,CSV,C001,POS Kasir,CU0106,Loyal,P003,Teh Lemon,Minuman,L004,Depok,Jawa Barat,2,15000,30000,Tidak Ada,,0.0,0,30000,Transfer Bank,Selesai
TRX00039,2025-01-09,2025,1,January,Thursday,Excel Cabang,Excel,C004,GrabFood,CU0118,Reguler,P012,Dimsum Ayam,Makanan,L001,Bekasi,Jawa Barat,3,28000,84000,Tidak Ada,,0.0,0,84000,Transfer Bank,Selesai
TRX00040,2025-01-10,2025,1,January,Friday,Excel Cabang,Excel,C003,GoFood,CU0165,Reguler,P007,Brownies Cokelat,Snack,L003,Jakarta Selatan,DKI Jakarta,4,30000,120000,Tidak Ada,,0.0,0,120000,Kartu Debit,Selesai
TRX00041,2025-01-10,2025,1,January,Friday,CSV Marketplace,CSV,C003,GoFood,CU0010,Baru,P001,Kopi Susu Gula Aren,Minuman,L001,Bekasi,Jawa Barat,2,18000,36000,Bundling,BUNDLE12,0.12,4320,31680,COD,Selesai
TRX00042,2025-01-10,2025,1,January,Friday,Aplikasi Kasir Digital,POS,C005,Tokopedia,CU0049,Baru,P006,Mie Ayam Jamur,Makanan,L004,Depok,Jawa Barat,1,24000,24000,Payday Sale,PAYDAY15,0.15,3600,20400,COD,Selesai
TRX00043,2025-01-11,2025,1,January,Saturday,API Marketplace,API,C006,Website,CU0032,Loyal,P007,Brownies Cokelat,Snack,L001,Bekasi,Jawa Barat,2,30000,60000,Diskon Produk,DISKON10,0.1,6000,54000,E-Wallet,Selesai
TRX00044,2025-01-11,2025,1,January,Saturday,Database POS,Database,C003,GoFood,CU0050,Reguler,P011,Paket Kopi dan Snack,Paket,L004,Depok,Jawa Barat,2,35000,70000,Tidak Ada,,0.0,0,70000,COD,Selesai
TRX00045,2025-01-11,2025,1,January,Saturday,API Marketplace,API,C005,Tokopedia,CU0078,Baru,P003,Teh Lemon,Minuman,L005,Tangerang,Banten,1,15000,15000,Voucher Ongkir,ONGKIR5,0.05,750,14250,COD,Selesai
TRX00046,2025-01-11,2025,1,January,Saturday,Database POS,Database,C003,GoFood,CU0131,Reguler,P010,Paket Hemat UMKM,Paket,L006,Bogor,Jawa Barat,1,45000,45000,Diskon Produk,DISKON10,0.1,4500,40500,Transfer Bank,Selesai
TRX00047,2025-01-11,2025,1,January,Saturday,Aplikasi Kasir Digital,POS,C006,Website,CU0061,Reguler,P005,Nasi Goreng Spesial,Makanan,L005,Tangerang,Banten,1,27000,27000,Voucher Ongkir,ONGKIR5,0.05,1350,25650,Transfer Bank,Selesai
TRX00048,2025-01-11,2025,1,January,Saturday,CSV Marketplace,CSV,C001,POS Kasir,CU0019,Reguler,P003,Teh Lemon,Minuman,L001,Bekasi,Jawa Barat,5,15000,75000,Diskon Produk,DISKON10,0.1,7500,67500,Kartu Debit,Selesai
TRX00049,2025-01-12,2025,1,January,Sunday,Excel Cabang,Excel,C002,ShopeeFood,CU0028,Loyal,P007,Brownies Cokelat,Snack,L002,Jakarta Timur,DKI Jakarta,3,30000,90000,Payday Sale,PAYDAY15,0.15,13500,76500,Transfer Bank,Selesai
TRX00050,2025-01-12,2025,1,January,Sunday,Excel Cabang,Excel,C004,GrabFood,CU0032,Reguler,P012,Dimsum Ayam,Makanan,L005,Tangerang,Banten,2,28000,56000,Flash Sale,FLASH20,0.2,11200,44800,COD,Selesai
TRX00051,2025-01-12,2025,1,January,Sunday,Database POS,Database,C003,GoFood,CU0130,Reguler,P009,Keripik Singkong,Snack,L005,Tangerang,Banten,2,16000,32000,Diskon Produk,DISKON10,0.1,3200,28800,Kartu Debit,Selesai
TRX00052,2025-01-12,2025,1,January,Sunday,Database POS,Database,C004,GrabFood,CU0164,Baru,P003,Teh Lemon,Minuman,L006,Bogor,Jawa Barat,1,15000,15000,Tidak Ada,,0.0,0,15000,Kartu Debit,Selesai
TRX00053,2025-01-12,2025,1,January,Sunday,Excel Cabang,Excel,C004,GrabFood,CU0086,Reguler,P004,Nasi Ayam Geprek,Makanan,L003,Jakarta Selatan,DKI Jakarta,2,25000,50000,Tidak Ada,,0.0,0,50000,Kartu Debit,Selesai
TRX00054,2025-01-12,2025,1,January,Sunday,CSV Marketplace,CSV,C004,GrabFood,CU0105,Reguler,P003,Teh Lemon,Minuman,L002,Jakarta Timur,DKI Jakarta,2,15000,30000,Tidak Ada,,0.0,0,30000,COD,Selesai
TRX00055,2025-01-12,2025,1,January,Sunday,Aplikasi Kasir Digital,POS,C004,GrabFood,CU0148,Reguler,P004,Nasi Ayam Geprek,Makanan,L004,Depok,Jawa Barat,4,25000,100000,Tidak Ada,,0.0,0,0,QRIS,Dibatalkan
TRX00056,2025-01-12,2025,1,January,Sunday,Aplikasi Kasir Digital,POS,C004,GrabFood,CU0155,Loyal,P005,Nasi Goreng Spesial,Makanan,L004,Depok,Jawa Barat,2,27000,54000,Tidak Ada,,0.0,0,54000,COD,Selesai
TRX00057,2025-01-13,2025,1,January,Monday,API Marketplace,API,C004,GrabFood,CU0043,Loyal,P008,Roti Bakar Keju,Snack,L001,Bekasi,Jawa Barat,2,20000,40000,Voucher Ongkir,ONGKIR5,0.05,2000,0,Transfer Bank,Refund
TRX00058,2025-01-13,2025,1,January,Monday,Aplikasi Kasir Digital,POS,C004,GrabFood,CU0165,Reguler,P009,Keripik Singkong,Snack,L001,Bekasi,Jawa Barat,2,16000,32000,Tidak Ada,,0.0,0,32000,COD,Selesai
TRX00059,2025-01-13,2025,1,January,Monday,CSV Marketplace,CSV,C003,GoFood,CU0098,Baru,P005,Nasi Goreng Spesial,Makanan,L004,Depok,Jawa Barat,2,27000,54000,Tidak Ada,,0.0,0,54000,COD,Selesai
TRX00060,2025-01-13,2025,1,January,Monday,Aplikasi Kasir Digital,POS,C001,POS Kasir,CU0058,Reguler,P002,Es Kopi Latte,Minuman,L004,Depok,Jawa Barat,1,22000,22000,Bundling,BUNDLE12,0.12,2640,19360,QRIS,Selesai
TRX00061,2025-01-13,2025,1,January,Monday,Aplikasi Kasir Digital,POS,C001,POS Kasir,CU0172,Baru,P004,Nasi Ayam Geprek,Makanan,L002,Jakarta Timur,DKI Jakarta,1,25000,25000,Tidak Ada,,0.0,0,25000,Transfer Bank,Selesai
TRX00062,2025-01-14,2025,1,January,Tuesday,Aplikasi Kasir Digital,POS,C005,Tokopedia,CU0042,Reseller,P006,Mie Ayam Jamur,Makanan,L002,Jakarta Timur,DKI Jakarta,4,24000,96000,Diskon Produk,DISKON10,0.1,9600,86400,QRIS,Selesai
TRX00063,2025-01-14,2025,1,January,Tuesday,Database POS,Database,C006,Website,CU0020,Reguler,P005,Nasi Goreng Spesial,Makanan,L005,Tangerang,Banten,1,27000,27000,Diskon Produk,DISKON10,0.1,2700,24300,Transfer Bank,Selesai
TRX00064,2025-01-14,2025,1,January,Tuesday,Excel Cabang,Excel,C005,Tokopedia,CU0011,Reguler,P005,Nasi Goreng Spesial,Makanan,L006,Bogor,Jawa Barat,3,27000,81000,Tidak Ada,,0.0,0,81000,COD,Selesai
TRX00065,2025-01-14,2025,1,January,Tuesday,API Marketplace,API,C006,Website,CU0126,Baru,P002,Es Kopi Latte,Minuman,L005,Tangerang,Banten,1,22000,22000,Tidak Ada,,0.0,0,22000,E-Wallet,Selesai
TRX00066,2025-01-15,2025,1,January,Wednesday,CSV Marketplace,CSV,C004,GrabFood,CU0070,Reguler,P012,Dimsum Ayam,Makanan,L002,Jakarta Timur,DKI Jakarta,2,28000,56000,Bundling,BUNDLE12,0.12,6720,49280,Kartu Debit,Selesai
TRX00067,2025-01-15,2025,1,January,Wednesday,Aplikasi Kasir Digital,POS,C006,Website,CU0023,Baru,P008,Roti Bakar Keju,Snack,L004,Depok,Jawa Barat,1,20000,20000,Payday Sale,PAYDAY15,0.15,3000,17000,COD,Selesai
TRX00068,2025-01-15,2025,1,January,Wednesday,Database POS,Database,C005,Tokopedia,CU0084,Baru,P008,Roti Bakar Keju,Snack,L005,Tangerang,Banten,1,20000,20000,Tidak Ada,,0.0,0,20000,Transfer Bank,Selesai
TRX00069,2025-01-15,2025,1,January,Wednesday,Aplikasi Kasir Digital,POS,C003,GoFood,CU0003,Reguler,P005,Nasi Goreng Spesial,Makanan,L003,Jakarta Selatan,DKI Jakarta,2,27000,54000,Tidak Ada,,0.0,0,54000,Transfer Bank,Selesai
TRX00070,2025-01-15,2025,1,January,Wednesday,Aplikasi Kasir Digital,POS,C004,GrabFood,CU0166,Loyal,P012,Dimsum Ayam,Makanan,L004,Depok,Jawa Barat,3,28000,84000,Diskon Produk,DISKON10,0.1,8400,75600,COD,Selesai
TRX00071,2025-01-16,2025,1,January,Thursday,CSV Marketplace,CSV,C004,GrabFood,CU0122,Reguler,P005,Nasi Goreng Spesial,Makanan,L002,Jakarta Timur,DKI Jakarta,1,27000,27000,Tidak Ada,,0.0,0,27000,E-Wallet,Selesai
TRX00072,2025-01-16,2025,1,January,Thursday,API Marketplace,API,C003,GoFood,CU0065,Baru,P012,Dimsum Ayam,Makanan,L005,Tangerang,Banten,2,28000,56000,Tidak Ada,,0.0,0,56000,Transfer Bank,Selesai
TRX00073,2025-01-17,2025,1,January,Friday,Database POS,Database,C006,Website,CU0135,Reguler,P004,Nasi Ayam Geprek,Makanan,L002,Jakarta Timur,DKI Jakarta,1,25000,25000,Tidak Ada,,0.0,0,25000,QRIS,Selesai
TRX00074,2025-01-17,2025,1,January,Friday,CSV Marketplace,CSV,C003,GoFood,CU0033,Baru,P005,Nasi Goreng Spesial,Makanan,L002,Jakarta Timur,DKI Jakarta,1,27000,27000,Diskon Produk,DISKON10,0.1,2700,24300,QRIS,Selesai
TRX00075,2025-01-17,2025,1,January,Friday,Database POS,Database,C006,Website,CU0073,Reguler,P012,Dimsum Ayam,Makanan,L002,Jakarta Timur,DKI Jakarta,1,28000,28000,Tidak Ada,,0.0,0,28000,COD,Selesai
TRX00076,2025-01-18,2025,1,January,Saturday,Database POS,Database,C001,POS Kasir,CU0176,Baru,P008,Roti Bakar Keju,Snack,L001,Bekasi,Jawa Barat,2,20000,40000,Tidak Ada,,0.0,0,40000,Transfer Bank,Selesai
TRX00077,2025-01-18,2025,1,January,Saturday,Excel Cabang,Excel,C002,ShopeeFood,CU0153,Loyal,P005,Nasi Goreng Spesial,Makanan,L001,Bekasi,Jawa Barat,2,27000,54000,Tidak Ada,,0.0,0,54000,Transfer Bank,Selesai
TRX00078,2025-01-18,2025,1,January,Saturday,API Marketplace,API,C004,GrabFood,CU0079,Reguler,P007,Brownies Cokelat,Snack,L004,Depok,Jawa Barat,3,30000,90000,Bundling,BUNDLE12,0.12,10800,79200,QRIS,Selesai
TRX00079,2025-01-18,2025,1,January,Saturday,CSV Marketplace,CSV,C002,ShopeeFood,CU0062,Baru,P012,Dimsum Ayam,Makanan,L001,Bekasi,Jawa Barat,1,28000,28000,Tidak Ada,,0.0,0,28000,QRIS,Selesai
TRX00080,2025-01-18,2025,1,January,Saturday,Aplikasi Kasir Digital,POS,C006,Website,CU0074,Loyal,P007,Brownies Cokelat,Snack,L004,Depok,Jawa Barat,2,30000,60000,Tidak Ada,,0.0,0,60000,COD,Selesai
TRX00081,2025-01-19,2025,1,January,Sunday,CSV Marketplace,CSV,C006,Website,CU0166,Baru,P011,Paket Kopi dan Snack,Paket,L005,Tangerang,Banten,1,35000,35000,Tidak Ada,,0.0,0,35000,E-Wallet,Selesai
TRX00082,2025-01-19,2025,1,January,Sunday,API Marketplace,API,C002,ShopeeFood,CU0074,Reguler,P002,Es Kopi Latte,Minuman,L001,Bekasi,Jawa Barat,2,22000,44000,Voucher Ongkir,ONGKIR5,0.05,2200,41800,COD,Selesai
TRX00083,2025-01-19,2025,1,January,Sunday,Aplikasi Kasir Digital,POS,C003,GoFood,CU0154,Baru,P012,Dimsum Ayam,Makanan,L004,Depok,Jawa Barat,2,28000,56000,Tidak Ada,,0.0,0,56000,COD,Selesai
TRX00084,2025-01-19,2025,1,January,Sunday,Excel Cabang,Excel,C001,POS Kasir,CU0148,Reguler,P010,Paket Hemat UMKM,Paket,L003,Jakarta Selatan,DKI Jakarta,1,45000,45000,Diskon Produk,DISKON10,0.1,4500,0,QRIS,Refund
TRX00085,2025-01-19,2025,1,January,Sunday,Excel Cabang,Excel,C005,Tokopedia,CU0133,Reguler,P011,Paket Kopi dan Snack,Paket,L003,Jakarta Selatan,DKI Jakarta,3,35000,105000,Tidak Ada,,0.0,0,105000,E-Wallet,Selesai
TRX00086,2025-01-19,2025,1,January,Sunday,Database POS,Database,C006,Website,CU0105,Reguler,P010,Paket Hemat UMKM,Paket,L004,Depok,Jawa Barat,4,45000,180000,Tidak Ada,,0.0,0,180000,QRIS,Selesai
TRX00087,2025-01-20,2025,1,January,Monday,API Marketplace,API,C004,GrabFood,CU0141,Baru,P007,Brownies Cokelat,Snack,L006,Bogor,Jawa Barat,2,30000,60000,Tidak Ada,,0.0,0,60000,QRIS,Selesai
TRX00088,2025-01-20,2025,1,January,Monday,Aplikasi Kasir Digital,POS,C004,GrabFood,CU0139,Reguler,P006,Mie Ayam Jamur,Makanan,L001,Bekasi,Jawa Barat,3,24000,72000,Tidak Ada,,0.0,0,72000,QRIS,Selesai
TRX00089,2025-01-20,2025,1,January,Monday,Database POS,Database,C004,GrabFood,CU0141,Baru,P006,Mie Ayam Jamur,Makanan,L005,Tangerang,Banten,3,24000,72000,Tidak Ada,,0.0,0,72000,E-Wallet,Selesai
TRX00090,2025-01-20,2025,1,January,Monday,Excel Cabang,Excel,C001,POS Kasir,CU0062,Loyal,P012,Dimsum Ayam,Makanan,L004,Depok,Jawa Barat,5,28000,140000,Diskon Produk,DISKON10,0.1,14000,126000,E-Wallet,Selesai
TRX00091,2025-01-21,2025,1,January,Tuesday,Database POS,Database,C001,POS Kasir,CU0040,Reguler,P002,Es Kopi Latte,Minuman,L002,Jakarta Timur,DKI Jakarta,4,22000,88000,Diskon Produk,DISKON10,0.1,8800,79200,E-Wallet,Selesai
TRX00092,2025-01-21,2025,1,January,Tuesday,Database POS,Database,C004,GrabFood,CU0099,Baru,P005,Nasi Goreng Spesial,Makanan,L004,Depok,Jawa Barat,1,27000,27000,Tidak Ada,,0.0,0,27000,Kartu Debit,Selesai
TRX00093,2025-01-21,2025,1,January,Tuesday,Database POS,Database,C003,GoFood,CU0069,Loyal,P003,Teh Lemon,Minuman,L001,Bekasi,Jawa Barat,1,15000,15000,Voucher Ongkir,ONGKIR5,0.05,750,14250,E-Wallet,Selesai
TRX00094,2025-01-21,2025,1,January,Tuesday,Database POS,Database,C006,Website,CU0124,Reguler,P010,Paket Hemat UMKM,Paket,L005,Tangerang,Banten,3,45000,135000,Tidak Ada,,0.0,0,135000,Kartu Debit,Selesai
TRX00095,2025-01-21,2025,1,January,Tuesday,CSV Marketplace,CSV,C003,GoFood,CU0099,Baru,P007,Brownies Cokelat,Snack,L004,Depok,Jawa Barat,5,30000,150000,Tidak Ada,,0.0,0,150000,COD,Selesai
TRX00096,2025-01-22,2025,1,January,Wednesday,CSV Marketplace,CSV,C004,GrabFood,CU0129,Reseller,P012,Dimsum Ayam,Makanan,L004,Depok,Jawa Barat,2,28000,56000,Tidak Ada,,0.0,0,56000,E-Wallet,Selesai
TRX00097,2025-01-22,2025,1,January,Wednesday,Database POS,Database,C005,Tokopedia,CU0168,Reseller,P008,Roti Bakar Keju,Snack,L001,Bekasi,Jawa Barat,1,20000,20000,Tidak Ada,,0.0,0,20000,QRIS,Selesai
TRX00098,2025-01-22,2025,1,January,Wednesday,Database POS,Database,C005,Tokopedia,CU0173,Loyal,P005,Nasi Goreng Spesial,Makanan,L003,Jakarta Selatan,DKI Jakarta,2,27000,54000,Payday Sale,PAYDAY15,0.15,8100,0,COD,Dibatalkan
TRX00099,2025-01-22,2025,1,January,Wednesday,Aplikasi Kasir Digital,POS,C004,GrabFood,CU0162,Reguler,P011,Paket Kopi dan Snack,Paket,L006,Bogor,Jawa Barat,1,35000,35000,Tidak Ada,,0.0,0,0,E-Wallet,Refund
TRX00100,2025-01-22,2025,1,January,Wednesday,Excel Cabang,Excel,C004,GrabFood,CU0026,Reguler,P012,Dimsum Ayam,Makanan,L001,Bekasi,Jawa Barat,3,28000,84000,Diskon Produk,DISKON10,0.1,8400,0,E-Wallet,Dibatalkan
TRX00101,2025-01-23,2025,1,January,Thursday,API Marketplace,API,C003,GoFood,CU0136,Reguler,P006,Mie Ayam Jamur,Makanan,L001,Bekasi,Jawa Barat,1,24000,24000,Tidak Ada,,0.0,0,24000,Transfer Bank,Selesai
TRX00102,2025-01-23,2025,1,January,Thursday,Aplikasi Kasir Digital,POS,C004,GrabFood,CU0150,Baru,P002,Es Kopi Latte,Minuman,L005,Tangerang,Banten,2,22000,44000,Tidak Ada,,0.0,0,44000,COD,Selesai
TRX00103,2025-01-24,2025,1,January,Friday,Database POS,Database,C001,POS Kasir,CU0041,Baru,P005,Nasi Goreng Spesial,Makanan,L006,Bogor,Jawa Barat,4,27000,108000,Diskon Produk,DISKON10,0.1,10800,0,E-Wallet,Refund
TRX00104,2025-01-24,2025,1,January,Friday,API Marketplace,API,C004,GrabFood,CU0099,Loyal,P005,Nasi Goreng Spesial,Makanan,L006,Bogor,Jawa Barat,2,27000,54000,Tidak Ada,,0.0,0,54000,QRIS,Selesai
TRX00105,2025-01-24,2025,1,January,Friday,API Marketplace,API,C005,Tokopedia,CU0169,Reguler,P010,Paket Hemat UMKM,Paket,L003,Jakarta Selatan,DKI Jakarta,5,45000,225000,Tidak Ada,,0.0,0,225000,QRIS,Selesai
TRX00106,2025-01-24,2025,1,January,Friday,Aplikasi Kasir Digital,POS,C001,POS Kasir,CU0074,Loyal,P011,Paket Kopi dan Snack,Paket,L006,Bogor,Jawa Barat,2,35000,70000,Voucher Ongkir,ONGKIR5,0.05,3500,66500,Transfer Bank,Selesai
TRX00107,2025-01-24,2025,1,January,Friday,CSV Marketplace,CSV,C006,Website,CU0169,Reguler,P006,Mie Ayam Jamur,Makanan,L002,Jakarta Timur,DKI Jakarta,2,24000,48000,Diskon Produk,DISKON10,0.1,4800,43200,Transfer Bank,Selesai
TRX00108,2025-01-25,2025,1,January,Saturday,CSV Marketplace,CSV,C003,GoFood,CU0107,Baru,P001,Kopi Susu Gula Aren,Minuman,L005,Tangerang,Banten,1,18000,18000,Diskon Produk,DISKON10,0.1,1800,16200,Transfer Bank,Selesai
TRX00109,2025-01-25,2025,1,January,Saturday,API Marketplace,API,C005,Tokopedia,CU0124,Reseller,P006,Mie Ayam Jamur,Makanan,L005,Tangerang,Banten,3,24000,72000,Diskon Produk,DISKON10,0.1,7200,64800,E-Wallet,Selesai
TRX00110,2025-01-25,2025,1,January,Saturday,Excel Cabang,Excel,C004,GrabFood,CU0174,Loyal,P006,Mie Ayam Jamur,Makanan,L001,Bekasi,Jawa Barat,1,24000,24000,Bundling,BUNDLE12,0.12,2880,0,COD,Refund
TRX00111,2025-01-25,2025,1,January,Saturday,Database POS,Database,C001,POS Kasir,CU0117,Reguler,P009,Keripik Singkong,Snack,L003,Jakarta Selatan,DKI Jakarta,1,16000,16000,Voucher Ongkir,ONGKIR5,0.05,800,15200,E-Wallet,Selesai
TRX00112,2025-01-25,2025,1,January,Saturday,CSV Marketplace,CSV,C001,POS Kasir,CU0144,Reguler,P011,Paket Kopi dan Snack,Paket,L003,Jakarta Selatan,DKI Jakarta,2,35000,70000,Payday Sale,PAYDAY15,0.15,10500,59500,Kartu Debit,Selesai
TRX00113,2025-01-25,2025,1,January,Saturday,API Marketplace,API,C004,GrabFood,CU0012,Reseller,P002,Es Kopi Latte,Minuman,L006,Bogor,Jawa Barat,2,22000,44000,Tidak Ada,,0.0,0,0,E-Wallet,Refund
TRX00114,2025-01-25,2025,1,January,Saturday,Aplikasi Kasir Digital,POS,C002,ShopeeFood,CU0172,Reseller,P002,Es Kopi Latte,Minuman,L001,Bekasi,Jawa Barat,1,22000,22000,Voucher Ongkir,ONGKIR5,0.05,1100,20900,Kartu Debit,Selesai
TRX00115,2025-01-25,2025,1,January,Saturday,Database POS,Database,C002,ShopeeFood,CU0158,Reguler,P012,Dimsum Ayam,Makanan,L006,Bogor,Jawa Barat,2,28000,56000,Flash Sale,FLASH20,0.2,11200,44800,E-Wallet,Selesai
TRX00116,2025-01-26,2025,1,January,Sunday,Excel Cabang,Excel,C003,GoFood,CU0166,Reguler,P008,Roti Bakar Keju,Snack,L002,Jakarta Timur,DKI Jakarta,5,20000,100000,Diskon Produk,DISKON10,0.1,10000,90000,COD,Selesai
TRX00117,2025-01-26,2025,1,January,Sunday,CSV Marketplace,CSV,C001,POS Kasir,CU0006,Baru,P002,Es Kopi Latte,Minuman,L004,Depok,Jawa Barat,2,22000,44000,Voucher Ongkir,ONGKIR5,0.05,2200,41800,E-Wallet,Selesai
TRX00118,2025-01-26,2025,1,January,Sunday,Excel Cabang,Excel,C002,ShopeeFood,CU0151,Baru,P003,Teh Lemon,Minuman,L005,Tangerang,Banten,3,15000,45000,Voucher Ongkir,ONGKIR5,0.05,2250,42750,Transfer Bank,Selesai
TRX00119,2025-01-26,2025,1,January,Sunday,API Marketplace,API,C001,POS Kasir,CU0034,Reguler,P003,Teh Lemon,Minuman,L005,Tangerang,Banten,3,15000,45000,Tidak Ada,,0.0,0,45000,Transfer Bank,Selesai
TRX00120,2025-01-26,2025,1,January,Sunday,API Marketplace,API,C001,POS Kasir,CU0083,Baru,P001,Kopi Susu Gula Aren,Minuman,L002,Jakarta Timur,DKI Jakarta,3,18000,54000,Tidak Ada,,0.0,0,54000,E-Wallet,Selesai
TRX00121,2025-01-26,2025,1,January,Sunday,Excel Cabang,Excel,C005,Tokopedia,CU0093,Reguler,P012,Dimsum Ayam,Makanan,L004,Depok,Jawa Barat,2,28000,56000,Voucher Ongkir,ONGKIR5,0.05,2800,53200,QRIS,Selesai
TRX00122,2025-01-26,2025,1,January,Sunday,Aplikasi Kasir Digital,POS,C001,POS Kasir,CU0008,Baru,P004,Nasi Ayam Geprek,Makanan,L005,Tangerang,Banten,1,25000,25000,Payday Sale,PAYDAY15,0.15,3750,21250,COD,Selesai
TRX00123,2025-01-26,2025,1,January,Sunday,Database POS,Database,C001,POS Kasir,CU0021,Reguler,P007,Brownies Cokelat,Snack,L006,Bogor,Jawa Barat,2,30000,60000,Diskon Produk,DISKON10,0.1,6000,54000,Transfer Bank,Selesai
TRX00124,2025-01-26,2025,1,January,Sunday,Aplikasi Kasir Digital,POS,C006,Website,CU0153,Reguler,P005,Nasi Goreng Spesial,Makanan,L005,Tangerang,Banten,2,27000,54000,Diskon Produk,DISKON10,0.1,5400,48600,COD,Selesai
TRX00125,2025-01-27,2025,1,January,Monday,Aplikasi Kasir Digital,POS,C006,Website,CU0116,Loyal,P012,Dimsum Ayam,Makanan,L001,Bekasi,Jawa Barat,2,28000,56000,Tidak Ada,,0.0,0,56000,COD,Selesai
TRX00126,2025-01-27,2025,1,January,Monday,Excel Cabang,Excel,C004,GrabFood,CU0066,Reguler,P008,Roti Bakar Keju,Snack,L004,Depok,Jawa Barat,1,20000,20000,Diskon Produk,DISKON10,0.1,2000,18000,Transfer Bank,Selesai
TRX00127,2025-01-27,2025,1,January,Monday,Excel Cabang,Excel,C001,POS Kasir,CU0096,Loyal,P008,Roti Bakar Keju,Snack,L001,Bekasi,Jawa Barat,1,20000,20000,Tidak Ada,,0.0,0,20000,Kartu Debit,Selesai
TRX00128,2025-01-27,2025,1,January,Monday,Excel Cabang,Excel,C003,GoFood,CU0109,Loyal,P009,Keripik Singkong,Snack,L005,Tangerang,Banten,1,16000,16000,Flash Sale,FLASH20,0.2,3200,0,QRIS,Refund
TRX00129,2025-01-27,2025,1,January,Monday,Excel Cabang,Excel,C003,GoFood,CU0169,Reguler,P010,Paket Hemat UMKM,Paket,L003,Jakarta Selatan,DKI Jakarta,2,45000,90000,Tidak Ada,,0.0,0,90000,QRIS,Selesai
TRX00130,2025-01-27,2025,1,January,Monday,API Marketplace,API,C001,POS Kasir,CU0144,Reseller,P009,Keripik Singkong,Snack,L003,Jakarta Selatan,DKI Jakarta,2,16000,32000,Flash Sale,FLASH20,0.2,6400,25600,Kartu Debit,Selesai
TRX00131,2025-01-27,2025,1,January,Monday,Aplikasi Kasir Digital,POS,C001,POS Kasir,CU0069,Baru,P011,Paket Kopi dan Snack,Paket,L005,Tangerang,Banten,4,35000,140000,Flash Sale,FLASH20,0.2,28000,112000,E-Wallet,Selesai
TRX00132,2025-01-28,2025,1,January,Tuesday,CSV Marketplace,CSV,C002,ShopeeFood,CU0037,Loyal,P006,Mie Ayam Jamur,Makanan,L001,Bekasi,Jawa Barat,2,24000,48000,Diskon Produk,DISKON10,0.1,4800,43200,QRIS,Selesai
TRX00133,2025-01-28,2025,1,January,Tuesday,Database POS,Database,C004,GrabFood,CU0080,Loyal,P009,Keripik Singkong,Snack,L002,Jakarta Timur,DKI Jakarta,2,16000,32000,Tidak Ada,,0.0,0,32000,Kartu Debit,Selesai
TRX00134,2025-01-28,2025,1,January,Tuesday,Aplikasi Kasir Digital,POS,C002,ShopeeFood,CU0114,Reguler,P001,Kopi Susu Gula Aren,Minuman,L002,Jakarta Timur,DKI Jakarta,1,18000,18000,Tidak Ada,,0.0,0,18000,COD,Selesai
TRX00135,2025-01-28,2025,1,January,Tuesday,Aplikasi Kasir Digital,POS,C002,ShopeeFood,CU0073,Reguler,P007,Brownies Cokelat,Snack,L003,Jakarta Selatan,DKI Jakarta,1,30000,30000,Diskon Produk,DISKON10,0.1,3000,27000,Kartu Debit,Selesai
TRX00136,2025-01-28,2025,1,January,Tuesday,CSV Marketplace,CSV,C001,POS Kasir,CU0002,Baru,P011,Paket Kopi dan Snack,Paket,L003,Jakarta Selatan,DKI Jakarta,1,35000,35000,Voucher Ongkir,ONGKIR5,0.05,1750,33250,Transfer Bank,Selesai
TRX00137,2025-01-28,2025,1,January,Tuesday,Excel Cabang,Excel,C003,GoFood,CU0045,Baru,P005,Nasi Goreng Spesial,Makanan,L003,Jakarta Selatan,DKI Jakarta,1,27000,27000,Payday Sale,PAYDAY15,0.15,4050,22950,Kartu Debit,Selesai
TRX00138,2025-01-28,2025,1,January,Tuesday,API Marketplace,API,C006,Website,CU0011,Reguler,P009,Keripik Singkong,Snack,L005,Tangerang,Banten,1,16000,16000,Flash Sale,FLASH20,0.2,3200,0,COD,Dibatalkan
TRX00139,2025-01-29,2025,1,January,Wednesday,Database POS,Database,C005,Tokopedia,CU0030,Reguler,P010,Paket Hemat UMKM,Paket,L004,Depok,Jawa Barat,2,45000,90000,Tidak Ada,,0.0,0,90000,E-Wallet,Selesai
TRX00140,2025-01-29,2025,1,January,Wednesday,API Marketplace,API,C006,Website,CU0063,Reguler,P010,Paket Hemat UMKM,Paket,L004,Depok,Jawa Barat,1,45000,45000,Voucher Ongkir,ONGKIR5,0.05,2250,42750,COD,Selesai
TRX00141,2025-01-29,2025,1,January,Wednesday,API Marketplace,API,C006,Website,CU0020,Reguler,P007,Brownies Cokelat,Snack,L003,Jakarta Selatan,DKI Jakarta,1,30000,30000,Voucher Ongkir,ONGKIR5,0.05,1500,28500,QRIS,Selesai
TRX00142,2025-01-29,2025,1,January,Wednesday,CSV Marketplace,CSV,C003,GoFood,CU0051,Baru,P004,Nasi Ayam Geprek,Makanan,L003,Jakarta Selatan,DKI Jakarta,1,25000,25000,Tidak Ada,,0.0,0,25000,Transfer Bank,Selesai
TRX00143,2025-01-30,2025,1,January,Thursday,Database POS,Database,C004,GrabFood,CU0115,Reguler,P003,Teh Lemon,Minuman,L006,Bogor,Jawa Barat,3,15000,45000,Voucher Ongkir,ONGKIR5,0.05,2250,42750,Kartu Debit,Selesai
TRX00144,2025-01-30,2025,1,January,Thursday,API Marketplace,API,C006,Website,CU0114,Reguler,P010,Paket Hemat UMKM,Paket,L003,Jakarta Selatan,DKI Jakarta,1,45000,45000,Tidak Ada,,0.0,0,45000,E-Wallet,Selesai
TRX00145,2025-01-31,2025,1,January,Friday,Database POS,Database,C003,GoFood,CU0074,Baru,P009,Keripik Singkong,Snack,L001,Bekasi,Jawa Barat,2,16000,32000,Tidak Ada,,0.0,0,32000,QRIS,Selesai
TRX00146,2025-01-31,2025,1,January,Friday,Aplikasi Kasir Digital,POS,C004,GrabFood,CU0011,Reguler,P009,Keripik Singkong,Snack,L004,Depok,Jawa Barat,2,16000,32000,Voucher Ongkir,ONGKIR5,0.05,1600,30400,Kartu Debit,Selesai
TRX00147,2025-01-31,2025,1,January,Friday,Aplikasi Kasir Digital,POS,C004,GrabFood,CU0027,Loyal,P006,Mie Ayam Jamur,Makanan,L005,Tangerang,Banten,1,24000,24000,Tidak Ada,,0.0,0,0,E-Wallet,Refund
TRX00148,2025-01-31,2025,1,January,Friday,CSV Marketplace,CSV,C006,Website,CU0113,Reguler,P002,Es Kopi Latte,Minuman,L005,Tangerang,Banten,1,22000,22000,Diskon Produk,DISKON10,0.1,2200,19800,Kartu Debit,Selesai
TRX00149,2025-02-01,2025,2,February,Saturday,Aplikasi Kasir Digital,POS,C003,GoFood,CU0086,Baru,P007,Brownies Cokelat,Snack,L004,Depok,Jawa Barat,1,30000,30000,Diskon Produk,DISKON10,0.1,3000,27000,QRIS,Selesai
TRX00150,2025-02-01,2025,2,February,Saturday,Aplikasi Kasir Digital,POS,C003,GoFood,CU0150,Reguler,P007,Brownies Cokelat,Snack,L003,Jakarta Selatan,DKI Jakarta,3,30000,90000,Tidak Ada,,0.0,0,90000,E-Wallet,Selesai
TRX00151,2025-02-01,2025,2,February,Saturday,Database POS,Database,C006,Website,CU0022,Reguler,P011,Paket Kopi dan Snack,Paket,L006,Bogor,Jawa Barat,1,35000,35000,Diskon Produk,DISKON10,0.1,3500,31500,COD,Selesai
TRX00152,2025-02-01,2025,2,February,Saturday,Aplikasi Kasir Digital,POS,C006,Website,CU0131,Reguler,P006,Mie Ayam Jamur,Makanan,L002,Jakarta Timur,DKI Jakarta,1,24000,24000,Diskon Produk,DISKON10,0.1,2400,21600,E-Wallet,Selesai
TRX00153,2025-02-01,2025,2,February,Saturday,CSV Marketplace,CSV,C004,GrabFood,CU0020,Baru,P004,Nasi Ayam Geprek,Makanan,L003,Jakarta Selatan,DKI Jakarta,1,25000,25000,Tidak Ada,,0.0,0,25000,QRIS,Selesai
TRX00154,2025-02-01,2025,2,February,Saturday,Excel Cabang,Excel,C005,Tokopedia,CU0159,Baru,P009,Keripik Singkong,Snack,L006,Bogor,Jawa Barat,2,16000,32000,Payday Sale,PAYDAY15,0.15,4800,27200,COD,Selesai
TRX00155,2025-02-01,2025,2,February,Saturday,CSV Marketplace,CSV,C005,Tokopedia,CU0094,Reguler,P003,Teh Lemon,Minuman,L006,Bogor,Jawa Barat,2,15000,30000,Tidak Ada,,0.0,0,0,Transfer Bank,Refund
TRX00156,2025-02-02,2025,2,February,Sunday,CSV Marketplace,CSV,C005,Tokopedia,CU0121,Reseller,P008,Roti Bakar Keju,Snack,L002,Jakarta Timur,DKI Jakarta,1,20000,20000,Voucher Ongkir,ONGKIR5,0.05,1000,19000,Transfer Bank,Selesai
TRX00157,2025-02-02,2025,2,February,Sunday,API Marketplace,API,C004,GrabFood,CU0108,Reseller,P010,Paket Hemat UMKM,Paket,L004,Depok,Jawa Barat,3,45000,135000,Tidak Ada,,0.0,0,135000,Transfer Bank,Selesai
TRX00158,2025-02-02,2025,2,February,Sunday,Database POS,Database,C001,POS Kasir,CU0027,Loyal,P003,Teh Lemon,Minuman,L003,Jakarta Selatan,DKI Jakarta,3,15000,45000,Tidak Ada,,0.0,0,45000,Kartu Debit,Selesai
TRX00159,2025-02-02,2025,2,February,Sunday,API Marketplace,API,C002,ShopeeFood,CU0112,Baru,P005,Nasi Goreng Spesial,Makanan,L001,Bekasi,Jawa Barat,1,27000,27000,Tidak Ada,,0.0,0,27000,Transfer Bank,Selesai
TRX00160,2025-02-02,2025,2,February,Sunday,Excel Cabang,Excel,C004,GrabFood,CU0099,Reseller,P006,Mie Ayam Jamur,Makanan,L001,Bekasi,Jawa Barat,1,24000,24000,Tidak Ada,,0.0,0,24000,E-Wallet,Selesai
TRX00161,2025-02-02,2025,2,February,Sunday,API Marketplace,API,C006,Website,CU0074,Reseller,P006,Mie Ayam Jamur,Makanan,L001,Bekasi,Jawa Barat,3,24000,72000,Tidak Ada,,0.0,0,72000,COD,Selesai
TRX00162,2025-02-02,2025,2,February,Sunday,Database POS,Database,C004,GrabFood,CU0005,Baru,P003,Teh Lemon,Minuman,L006,Bogor,Jawa Barat,2,15000,30000,Flash Sale,FLASH20,0.2,6000,24000,Transfer Bank,Selesai
TRX00163,2025-02-02,2025,2,February,Sunday,Database POS,Database,C005,Tokopedia,CU0078,Baru,P012,Dimsum Ayam,Makanan,L005,Tangerang,Banten,1,28000,28000,Tidak Ada,,0.0,0,28000,Transfer Bank,Selesai
TRX00164,2025-02-03,2025,2,February,Monday,Aplikasi Kasir Digital,POS,C004,GrabFood,CU0148,Baru,P002,Es Kopi Latte,Minuman,L001,Bekasi,Jawa Barat,2,22000,44000,Diskon Produk,DISKON10,0.1,4400,39600,Transfer Bank,Selesai
TRX00165,2025-02-03,2025,2,February,Monday,CSV Marketplace,CSV,C003,GoFood,CU0172,Baru,P001,Kopi Susu Gula Aren,Minuman,L005,Tangerang,Banten,2,18000,36000,Tidak Ada,,0.0,0,36000,E-Wallet,Selesai
TRX00166,2025-02-03,2025,2,February,Monday,Aplikasi Kasir Digital,POS,C005,Tokopedia,CU0121,Baru,P009,Keripik Singkong,Snack,L005,Tangerang,Banten,2,16000,32000,Tidak Ada,,0.0,0,0,COD,Refund
TRX00167,2025-02-03,2025,2,February,Monday,API Marketplace,API,C001,POS Kasir,CU0169,Reguler,P005,Nasi Goreng Spesial,Makanan,L006,Bogor,Jawa Barat,3,27000,81000,Tidak Ada,,0.0,0,81000,Kartu Debit,Selesai
TRX00168,2025-02-03,2025,2,February,Monday,API Marketplace,API,C001,POS Kasir,CU0045,Loyal,P006,Mie Ayam Jamur,Makanan,L002,Jakarta Timur,DKI Jakarta,2,24000,48000,Voucher Ongkir,ONGKIR5,0.05,2400,0,COD,Refund
TRX00169,2025-02-04,2025,2,February,Tuesday,Excel Cabang,Excel,C002,ShopeeFood,CU0010,Baru,P011,Paket Kopi dan Snack,Paket,L002,Jakarta Timur,DKI Jakarta,2,35000,70000,Flash Sale,FLASH20,0.2,14000,56000,QRIS,Selesai
TRX00170,2025-02-04,2025,2,February,Tuesday,Aplikasi Kasir Digital,POS,C003,GoFood,CU0122,Baru,P001,Kopi Susu Gula Aren,Minuman,L003,Jakarta Selatan,DKI Jakarta,1,18000,18000,Voucher Ongkir,ONGKIR5,0.05,900,17100,Transfer Bank,Selesai
TRX00171,2025-02-04,2025,2,February,Tuesday,API Marketplace,API,C003,GoFood,CU0103,Loyal,P001,Kopi Susu Gula Aren,Minuman,L006,Bogor,Jawa Barat,1,18000,18000,Tidak Ada,,0.0,0,18000,COD,Selesai
TRX00172,2025-02-04,2025,2,February,Tuesday,Database POS,Database,C006,Website,CU0069,Loyal,P003,Teh Lemon,Minuman,L004,Depok,Jawa Barat,1,15000,15000,Voucher Ongkir,ONGKIR5,0.05,750,14250,COD,Selesai
TRX00173,2025-02-04,2025,2,February,Tuesday,API Marketplace,API,C005,Tokopedia,CU0170,Baru,P010,Paket Hemat UMKM,Paket,L002,Jakarta Timur,DKI Jakarta,1,45000,45000,Tidak Ada,,0.0,0,45000,COD,Selesai
TRX00174,2025-02-05,2025,2,February,Wednesday,API Marketplace,API,C004,GrabFood,CU0091,Reguler,P003,Teh Lemon,Minuman,L006,Bogor,Jawa Barat,1,15000,15000,Diskon Produk,DISKON10,0.1,1500,13500,COD,Selesai
TRX00175,2025-02-05,2025,2,February,Wednesday,Database POS,Database,C006,Website,CU0174,Baru,P001,Kopi Susu Gula Aren,Minuman,L001,Bekasi,Jawa Barat,1,18000,18000,Voucher Ongkir,ONGKIR5,0.05,900,17100,QRIS,Selesai
TRX00176,2025-02-05,2025,2,February,Wednesday,Excel Cabang,Excel,C004,GrabFood,CU0166,Reguler,P010,Paket Hemat UMKM,Paket,L006,Bogor,Jawa Barat,1,45000,45000,Tidak Ada,,0.0,0,0,COD,Dibatalkan
TRX00177,2025-02-05,2025,2,February,Wednesday,Database POS,Database,C002,ShopeeFood,CU0020,Reguler,P001,Kopi Susu Gula Aren,Minuman,L005,Tangerang,Banten,4,18000,72000,Tidak Ada,,0.0,0,72000,Kartu Debit,Selesai
TRX00178,2025-02-05,2025,2,February,Wednesday,CSV Marketplace,CSV,C003,GoFood,CU0048,Reguler,P006,Mie Ayam Jamur,Makanan,L006,Bogor,Jawa Barat,4,24000,96000,Tidak Ada,,0.0,0,0,COD,Dibatalkan
TRX00179,2025-02-06,2025,2,February,Thursday,Database POS,Database,C006,Website,CU0178,Reseller,P005,Nasi Goreng Spesial,Makanan,L003,Jakarta Selatan,DKI Jakarta,1,27000,27000,Diskon Produk,DISKON10,0.1,2700,24300,COD,Selesai
TRX00180,2025-02-06,2025,2,February,Thursday,CSV Marketplace,CSV,C004,GrabFood,CU0023,Loyal,P003,Teh Lemon,Minuman,L001,Bekasi,Jawa Barat,3,15000,45000,Tidak Ada,,0.0,0,45000,E-Wallet,Selesai
TRX00181,2025-02-07,2025,2,February,Friday,API Marketplace,API,C003,GoFood,CU0180,Reguler,P009,Keripik Singkong,Snack,L005,Tangerang,Banten,3,16000,48000,Diskon Produk,DISKON10,0.1,4800,43200,E-Wallet,Selesai
TRX00182,2025-02-07,2025,2,February,Friday,CSV Marketplace,CSV,C002,ShopeeFood,CU0142,Reguler,P002,Es Kopi Latte,Minuman,L002,Jakarta Timur,DKI Jakarta,3,22000,66000,Tidak Ada,,0.0,0,66000,COD,Selesai
TRX00183,2025-02-08,2025,2,February,Saturday,Database POS,Database,C003,GoFood,CU0135,Reguler,P002,Es Kopi Latte,Minuman,L001,Bekasi,Jawa Barat,5,22000,110000,Diskon Produk,DISKON10,0.1,11000,99000,COD,Selesai
TRX00184,2025-02-08,2025,2,February,Saturday,Excel Cabang,Excel,C003,GoFood,CU0089,Baru,P002,Es Kopi Latte,Minuman,L002,Jakarta Timur,DKI Jakarta,1,22000,22000,Diskon Produk,DISKON10,0.1,2200,19800,Kartu Debit,Selesai
TRX00185,2025-02-08,2025,2,February,Saturday,Aplikasi Kasir Digital,POS,C004,GrabFood,CU0032,Reguler,P003,Teh Lemon,Minuman,L002,Jakarta Timur,DKI Jakarta,4,15000,60000,Tidak Ada,,0.0,0,60000,E-Wallet,Selesai
TRX00186,2025-02-08,2025,2,February,Saturday,API Marketplace,API,C002,ShopeeFood,CU0073,Loyal,P006,Mie Ayam Jamur,Makanan,L006,Bogor,Jawa Barat,4,24000,96000,Tidak Ada,,0.0,0,96000,E-Wallet,Selesai
TRX00187,2025-02-08,2025,2,February,Saturday,API Marketplace,API,C002,ShopeeFood,CU0165,Baru,P009,Keripik Singkong,Snack,L003,Jakarta Selatan,DKI Jakarta,2,16000,32000,Tidak Ada,,0.0,0,32000,Kartu Debit,Selesai
TRX00188,2025-02-08,2025,2,February,Saturday,Aplikasi Kasir Digital,POS,C006,Website,CU0011,Loyal,P011,Paket Kopi dan Snack,Paket,L005,Tangerang,Banten,1,35000,35000,Flash Sale,FLASH20,0.2,7000,28000,QRIS,Selesai
TRX00189,2025-02-08,2025,2,February,Saturday,CSV Marketplace,CSV,C003,GoFood,CU0164,Baru,P011,Paket Kopi dan Snack,Paket,L005,Tangerang,Banten,3,35000,105000,Tidak Ada,,0.0,0,105000,Kartu Debit,Selesai
TRX00190,2025-02-09,2025,2,February,Sunday,API Marketplace,API,C004,GrabFood,CU0041,Reguler,P004,Nasi Ayam Geprek,Makanan,L006,Bogor,Jawa Barat,2,25000,50000,Diskon Produk,DISKON10,0.1,5000,45000,COD,Selesai
TRX00191,2025-02-09,2025,2,February,Sunday,API Marketplace,API,C002,ShopeeFood,CU0089,Reseller,P006,Mie Ayam Jamur,Makanan,L005,Tangerang,Banten,3,24000,72000,Tidak Ada,,0.0,0,72000,Transfer Bank,Selesai
TRX00192,2025-02-09,2025,2,February,Sunday,API Marketplace,API,C001,POS Kasir,CU0116,Baru,P009,Keripik Singkong,Snack,L005,Tangerang,Banten,1,16000,16000,Tidak Ada,,0.0,0,16000,QRIS,Selesai
TRX00193,2025-02-09,2025,2,February,Sunday,CSV Marketplace,CSV,C004,GrabFood,CU0084,Reseller,P007,Brownies Cokelat,Snack,L005,Tangerang,Banten,4,30000,120000,Flash Sale,FLASH20,0.2,24000,96000,E-Wallet,Selesai
TRX00194,2025-02-09,2025,2,February,Sunday,Database POS,Database,C005,Tokopedia,CU0006,Baru,P003,Teh Lemon,Minuman,L004,Depok,Jawa Barat,2,15000,30000,Tidak Ada,,0.0,0,30000,COD,Selesai
TRX00195,2025-02-09,2025,2,February,Sunday,API Marketplace,API,C005,Tokopedia,CU0153,Loyal,P004,Nasi Ayam Geprek,Makanan,L002,Jakarta Timur,DKI Jakarta,1,25000,25000,Tidak Ada,,0.0,0,25000,COD,Selesai
TRX00196,2025-02-09,2025,2,February,Sunday,CSV Marketplace,CSV,C004,GrabFood,CU0104,Reguler,P001,Kopi Susu Gula Aren,Minuman,L001,Bekasi,Jawa Barat,3,18000,54000,Diskon Produk,DISKON10,0.1,5400,48600,COD,Selesai
TRX00197,2025-02-10,2025,2,February,Monday,Excel Cabang,Excel,C003,GoFood,CU0141,Baru,P006,Mie Ayam Jamur,Makanan,L005,Tangerang,Banten,1,24000,24000,Tidak Ada,,0.0,0,24000,Kartu Debit,Selesai
TRX00198,2025-02-10,2025,2,February,Monday,Database POS,Database,C001,POS Kasir,CU0143,Reseller,P002,Es Kopi Latte,Minuman,L002,Jakarta Timur,DKI Jakarta,1,22000,22000,Bundling,BUNDLE12,0.12,2640,19360,Transfer Bank,Selesai
TRX00199,2025-02-10,2025,2,February,Monday,Excel Cabang,Excel,C005,Tokopedia,CU0086,Loyal,P009,Keripik Singkong,Snack,L004,Depok,Jawa Barat,1,16000,16000,Tidak Ada,,0.0,0,16000,Kartu Debit,Selesai
TRX00200,2025-02-11,2025,2,February,Tuesday,CSV Marketplace,CSV,C003,GoFood,CU0077,Reguler,P006,Mie Ayam Jamur,Makanan,L005,Tangerang,Banten,1,24000,24000,Diskon Produk,DISKON10,0.1,2400,21600,Kartu Debit,Selesai
TRX00201,2025-02-11,2025,2,February,Tuesday,Aplikasi Kasir Digital,POS,C006,Website,CU0095,Reguler,P009,Keripik Singkong,Snack,L004,Depok,Jawa Barat,1,16000,16000,Voucher Ongkir,ONGKIR5,0.05,800,0,QRIS,Refund
TRX00202,2025-02-11,2025,2,February,Tuesday,Excel Cabang,Excel,C006,Website,CU0168,Loyal,P010,Paket Hemat UMKM,Paket,L003,Jakarta Selatan,DKI Jakarta,2,45000,90000,Tidak Ada,,0.0,0,90000,Kartu Debit,Selesai
TRX00203,2025-02-12,2025,2,February,Wednesday,Aplikasi Kasir Digital,POS,C002,ShopeeFood,CU0098,Baru,P010,Paket Hemat UMKM,Paket,L004,Depok,Jawa Barat,2,45000,90000,Diskon Produk,DISKON10,0.1,9000,81000,Transfer Bank,Selesai
TRX00204,2025-02-12,2025,2,February,Wednesday,Excel Cabang,Excel,C002,ShopeeFood,CU0106,Reguler,P012,Dimsum Ayam,Makanan,L001,Bekasi,Jawa Barat,1,28000,28000,Tidak Ada,,0.0,0,28000,COD,Selesai
TRX00205,2025-02-13,2025,2,February,Thursday,CSV Marketplace,CSV,C001,POS Kasir,CU0170,Reguler,P012,Dimsum Ayam,Makanan,L006,Bogor,Jawa Barat,2,28000,56000,Tidak Ada,,0.0,0,56000,COD,Selesai
TRX00206,2025-02-13,2025,2,February,Thursday,API Marketplace,API,C005,Tokopedia,CU0175,Reguler,P003,Teh Lemon,Minuman,L004,Depok,Jawa Barat,2,15000,30000,Diskon Produk,DISKON10,0.1,3000,27000,E-Wallet,Selesai
TRX00207,2025-02-13,2025,2,February,Thursday,Aplikasi Kasir Digital,POS,C003,GoFood,CU0077,Loyal,P004,Nasi Ayam Geprek,Makanan,L002,Jakarta Timur,DKI Jakarta,1,25000,25000,Flash Sale,FLASH20,0.2,5000,20000,Transfer Bank,Selesai
TRX00208,2025-02-13,2025,2,February,Thursday,API Marketplace,API,C004,GrabFood,CU0071,Baru,P008,Roti Bakar Keju,Snack,L003,Jakarta Selatan,DKI Jakarta,2,20000,40000,Flash Sale,FLASH20,0.2,8000,32000,Kartu Debit,Selesai
TRX00209,2025-02-13,2025,2,February,Thursday,CSV Marketplace,CSV,C003,GoFood,CU0021,Reguler,P007,Brownies Cokelat,Snack,L004,Depok,Jawa Barat,1,30000,30000,Tidak Ada,,0.0,0,30000,COD,Selesai
TRX00210,2025-02-14,2025,2,February,Friday,API Marketplace,API,C005,Tokopedia,CU0036,Baru,P004,Nasi Ayam Geprek,Makanan,L002,Jakarta Timur,DKI Jakarta,4,25000,100000,Diskon Produk,DISKON10,0.1,10000,90000,Kartu Debit,Selesai
TRX00211,2025-02-14,2025,2,February,Friday,CSV Marketplace,CSV,C005,Tokopedia,CU0106,Reguler,P001,Kopi Susu Gula Aren,Minuman,L006,Bogor,Jawa Barat,2,18000,36000,Tidak Ada,,0.0,0,36000,COD,Selesai
TRX00212,2025-02-14,2025,2,February,Friday,CSV Marketplace,CSV,C005,Tokopedia,CU0122,Reguler,P003,Teh Lemon,Minuman,L001,Bekasi,Jawa Barat,1,15000,15000,Flash Sale,FLASH20,0.2,3000,12000,Transfer Bank,Selesai
TRX00213,2025-02-14,2025,2,February,Friday,Excel Cabang,Excel,C003,GoFood,CU0147,Baru,P005,Nasi Goreng Spesial,Makanan,L003,Jakarta Selatan,DKI Jakarta,4,27000,108000,Tidak Ada,,0.0,0,0,QRIS,Dibatalkan
TRX00214,2025-02-14,2025,2,February,Friday,Excel Cabang,Excel,C002,ShopeeFood,CU0127,Baru,P003,Teh Lemon,Minuman,L004,Depok,Jawa Barat,5,15000,75000,Tidak Ada,,0.0,0,75000,E-Wallet,Selesai
TRX00215,2025-02-15,2025,2,February,Saturday,API Marketplace,API,C001,POS Kasir,CU0140,Reguler,P010,Paket Hemat UMKM,Paket,L005,Tangerang,Banten,1,45000,45000,Bundling,BUNDLE12,0.12,5400,39600,Transfer Bank,Selesai
TRX00216,2025-02-15,2025,2,February,Saturday,Excel Cabang,Excel,C002,ShopeeFood,CU0166,Baru,P008,Roti Bakar Keju,Snack,L003,Jakarta Selatan,DKI Jakarta,1,20000,20000,Diskon Produk,DISKON10,0.1,2000,18000,Transfer Bank,Selesai
TRX00217,2025-02-15,2025,2,February,Saturday,CSV Marketplace,CSV,C005,Tokopedia,CU0104,Loyal,P006,Mie Ayam Jamur,Makanan,L003,Jakarta Selatan,DKI Jakarta,1,24000,24000,Payday Sale,PAYDAY15,0.15,3600,20400,Kartu Debit,Selesai
TRX00218,2025-02-15,2025,2,February,Saturday,CSV Marketplace,CSV,C001,POS Kasir,CU0064,Baru,P007,Brownies Cokelat,Snack,L006,Bogor,Jawa Barat,5,30000,150000,Tidak Ada,,0.0,0,150000,COD,Selesai
TRX00219,2025-02-15,2025,2,February,Saturday,Aplikasi Kasir Digital,POS,C003,GoFood,CU0168,Reguler,P005,Nasi Goreng Spesial,Makanan,L003,Jakarta Selatan,DKI Jakarta,2,27000,54000,Tidak Ada,,0.0,0,54000,Transfer Bank,Selesai
TRX00220,2025-02-16,2025,2,February,Sunday,Aplikasi Kasir Digital,POS,C004,GrabFood,CU0080,Reguler,P005,Nasi Goreng Spesial,Makanan,L002,Jakarta Timur,DKI Jakarta,4,27000,108000,Payday Sale,PAYDAY15,0.15,16200,91800,E-Wallet,Selesai
TRX00221,2025-02-16,2025,2,February,Sunday,Database POS,Database,C002,ShopeeFood,CU0156,Reguler,P004,Nasi Ayam Geprek,Makanan,L002,Jakarta Timur,DKI Jakarta,1,25000,25000,Diskon Produk,DISKON10,0.1,2500,0,Kartu Debit,Dibatalkan
TRX00222,2025-02-16,2025,2,February,Sunday,CSV Marketplace,CSV,C002,ShopeeFood,CU0021,Reguler,P009,Keripik Singkong,Snack,L006,Bogor,Jawa Barat,2,16000,32000,Tidak Ada,,0.0,0,32000,Kartu Debit,Selesai
TRX00223,2025-02-16,2025,2,February,Sunday,Excel Cabang,Excel,C001,POS Kasir,CU0052,Reguler,P002,Es Kopi Latte,Minuman,L005,Tangerang,Banten,3,22000,66000,Flash Sale,FLASH20,0.2,13200,52800,Transfer Bank,Selesai
TRX00224,2025-02-16,2025,2,February,Sunday,CSV Marketplace,CSV,C001,POS Kasir,CU0131,Reguler,P009,Keripik Singkong,Snack,L004,Depok,Jawa Barat,2,16000,32000,Tidak Ada,,0.0,0,32000,QRIS,Selesai
TRX00225,2025-02-17,2025,2,February,Monday,Aplikasi Kasir Digital,POS,C001,POS Kasir,CU0006,Reguler,P008,Roti Bakar Keju,Snack,L005,Tangerang,Banten,2,20000,40000,Voucher Ongkir,ONGKIR5,0.05,2000,38000,QRIS,Selesai
TRX00226,2025-02-17,2025,2,February,Monday,Database POS,Database,C001,POS Kasir,CU0016,Reseller,P010,Paket Hemat UMKM,Paket,L001,Bekasi,Jawa Barat,1,45000,45000,Tidak Ada,,0.0,0,0,QRIS,Refund
TRX00227,2025-02-17,2025,2,February,Monday,Database POS,Database,C003,GoFood,CU0165,Reseller,P008,Roti Bakar Keju,Snack,L001,Bekasi,Jawa Barat,1,20000,20000,Tidak Ada,,0.0,0,20000,COD,Selesai
TRX00228,2025-02-17,2025,2,February,Monday,Database POS,Database,C004,GrabFood,CU0139,Baru,P007,Brownies Cokelat,Snack,L004,Depok,Jawa Barat,1,30000,30000,Bundling,BUNDLE12,0.12,3600,26400,E-Wallet,Selesai
TRX00229,2025-02-17,2025,2,February,Monday,CSV Marketplace,CSV,C005,Tokopedia,CU0001,Loyal,P009,Keripik Singkong,Snack,L004,Depok,Jawa Barat,2,16000,32000,Tidak Ada,,0.0,0,32000,E-Wallet,Selesai
TRX00230,2025-02-18,2025,2,February,Tuesday,CSV Marketplace,CSV,C002,ShopeeFood,CU0049,Reseller,P009,Keripik Singkong,Snack,L004,Depok,Jawa Barat,2,16000,32000,Tidak Ada,,0.0,0,32000,QRIS,Selesai
TRX00231,2025-02-18,2025,2,February,Tuesday,Excel Cabang,Excel,C005,Tokopedia,CU0153,Baru,P011,Paket Kopi dan Snack,Paket,L004,Depok,Jawa Barat,1,35000,35000,Tidak Ada,,0.0,0,35000,Kartu Debit,Selesai
TRX00232,2025-02-18,2025,2,February,Tuesday,Excel Cabang,Excel,C006,Website,CU0056,Loyal,P001,Kopi Susu Gula Aren,Minuman,L002,Jakarta Timur,DKI Jakarta,1,18000,18000,Tidak Ada,,0.0,0,18000,QRIS,Selesai
TRX00233,2025-02-18,2025,2,February,Tuesday,Aplikasi Kasir Digital,POS,C006,Website,CU0173,Loyal,P005,Nasi Goreng Spesial,Makanan,L002,Jakarta Timur,DKI Jakarta,1,27000,27000,Tidak Ada,,0.0,0,27000,Transfer Bank,Selesai
TRX00234,2025-02-18,2025,2,February,Tuesday,CSV Marketplace,CSV,C005,Tokopedia,CU0143,Reseller,P003,Teh Lemon,Minuman,L006,Bogor,Jawa Barat,1,15000,15000,Tidak Ada,,0.0,0,15000,Transfer Bank,Selesai
TRX00235,2025-02-19,2025,2,February,Wednesday,API Marketplace,API,C001,POS Kasir,CU0135,Reguler,P009,Keripik Singkong,Snack,L004,Depok,Jawa Barat,4,16000,64000,Diskon Produk,DISKON10,0.1,6400,57600,COD,Selesai
TRX00236,2025-02-19,2025,2,February,Wednesday,Aplikasi Kasir Digital,POS,C002,ShopeeFood,CU0077,Loyal,P005,Nasi Goreng Spesial,Makanan,L004,Depok,Jawa Barat,2,27000,54000,Voucher Ongkir,ONGKIR5,0.05,2700,51300,Transfer Bank,Selesai
TRX00237,2025-02-19,2025,2,February,Wednesday,Database POS,Database,C004,GrabFood,CU0063,Baru,P001,Kopi Susu Gula Aren,Minuman,L005,Tangerang,Banten,2,18000,36000,Tidak Ada,,0.0,0,36000,E-Wallet,Selesai
TRX00238,2025-02-19,2025,2,February,Wednesday,Aplikasi Kasir Digital,POS,C001,POS Kasir,CU0069,Reguler,P008,Roti Bakar Keju,Snack,L003,Jakarta Selatan,DKI Jakarta,2,20000,40000,Tidak Ada,,0.0,0,40000,Kartu Debit,Selesai
TRX00239,2025-02-19,2025,2,February,Wednesday,Aplikasi Kasir Digital,POS,C005,Tokopedia,CU0086,Reguler,P002,Es Kopi Latte,Minuman,L002,Jakarta Timur,DKI Jakarta,1,22000,22000,Tidak Ada,,0.0,0,22000,QRIS,Selesai
TRX00240,2025-02-20,2025,2,February,Thursday,Database POS,Database,C006,Website,CU0053,Reguler,P012,Dimsum Ayam,Makanan,L001,Bekasi,Jawa Barat,4,28000,112000,Diskon Produk,DISKON10,0.1,11200,100800,Transfer Bank,Selesai
TRX00241,2025-02-20,2025,2,February,Thursday,Aplikasi Kasir Digital,POS,C004,GrabFood,CU0093,Reguler,P005,Nasi Goreng Spesial,Makanan,L004,Depok,Jawa Barat,2,27000,54000,Tidak Ada,,0.0,0,54000,COD,Selesai
TRX00242,2025-02-20,2025,2,February,Thursday,CSV Marketplace,CSV,C003,GoFood,CU0145,Loyal,P012,Dimsum Ayam,Makanan,L004,Depok,Jawa Barat,1,28000,28000,Tidak Ada,,0.0,0,28000,Transfer Bank,Selesai
TRX00243,2025-02-21,2025,2,February,Friday,API Marketplace,API,C002,ShopeeFood,CU0063,Reguler,P005,Nasi Goreng Spesial,Makanan,L002,Jakarta Timur,DKI Jakarta,1,27000,27000,Tidak Ada,,0.0,0,27000,E-Wallet,Selesai
TRX00244,2025-02-21,2025,2,February,Friday,Database POS,Database,C006,Website,CU0091,Baru,P008,Roti Bakar Keju,Snack,L006,Bogor,Jawa Barat,2,20000,40000,Diskon Produk,DISKON10,0.1,4000,36000,Kartu Debit,Selesai
TRX00245,2025-02-21,2025,2,February,Friday,Aplikasi Kasir Digital,POS,C001,POS Kasir,CU0172,Baru,P009,Keripik Singkong,Snack,L006,Bogor,Jawa Barat,1,16000,16000,Voucher Ongkir,ONGKIR5,0.05,800,15200,QRIS,Selesai
TRX00246,2025-02-21,2025,2,February,Friday,CSV Marketplace,CSV,C001,POS Kasir,CU0096,Baru,P011,Paket Kopi dan Snack,Paket,L002,Jakarta Timur,DKI Jakarta,1,35000,35000,Tidak Ada,,0.0,0,0,Kartu Debit,Dibatalkan
TRX00247,2025-02-21,2025,2,February,Friday,Excel Cabang,Excel,C001,POS Kasir,CU0005,Reguler,P011,Paket Kopi dan Snack,Paket,L004,Depok,Jawa Barat,2,35000,70000,Tidak Ada,,0.0,0,70000,E-Wallet,Selesai
TRX00248,2025-02-22,2025,2,February,Saturday,Database POS,Database,C006,Website,CU0028,Reseller,P009,Keripik Singkong,Snack,L006,Bogor,Jawa Barat,3,16000,48000,Flash Sale,FLASH20,0.2,9600,38400,Kartu Debit,Selesai
TRX00249,2025-02-22,2025,2,February,Saturday,API Marketplace,API,C005,Tokopedia,CU0102,Baru,P004,Nasi Ayam Geprek,Makanan,L005,Tangerang,Banten,3,25000,75000,Tidak Ada,,0.0,0,75000,COD,Selesai
TRX00250,2025-02-22,2025,2,February,Saturday,API Marketplace,API,C002,ShopeeFood,CU0168,Reseller,P004,Nasi Ayam Geprek,Makanan,L006,Bogor,Jawa Barat,2,25000,50000,Voucher Ongkir,ONGKIR5,0.05,2500,47500,QRIS,Selesai
TRX00251,2025-02-22,2025,2,February,Saturday,Database POS,Database,C005,Tokopedia,CU0044,Baru,P007,Brownies Cokelat,Snack,L004,Depok,Jawa Barat,1,30000,30000,Tidak Ada,,0.0,0,30000,COD,Selesai
TRX00252,2025-02-22,2025,2,February,Saturday,Aplikasi Kasir Digital,POS,C001,POS Kasir,CU0178,Loyal,P006,Mie Ayam Jamur,Makanan,L005,Tangerang,Banten,4,24000,96000,Tidak Ada,,0.0,0,96000,COD,Selesai
TRX00253,2025-02-22,2025,2,February,Saturday,Aplikasi Kasir Digital,POS,C003,GoFood,CU0081,Baru,P002,Es Kopi Latte,Minuman,L006,Bogor,Jawa Barat,2,22000,44000,Tidak Ada,,0.0,0,44000,Transfer Bank,Selesai
TRX00254,2025-02-23,2025,2,February,Sunday,CSV Marketplace,CSV,C005,Tokopedia,CU0174,Loyal,P005,Nasi Goreng Spesial,Makanan,L002,Jakarta Timur,DKI Jakarta,2,27000,54000,Voucher Ongkir,ONGKIR5,0.05,2700,51300,E-Wallet,Selesai
TRX00255,2025-02-23,2025,2,February,Sunday,Excel Cabang,Excel,C006,Website,CU0014,Baru,P012,Dimsum Ayam,Makanan,L002,Jakarta Timur,DKI Jakarta,2,28000,56000,Bundling,BUNDLE12,0.12,6720,49280,Transfer Bank,Selesai
TRX00256,2025-02-23,2025,2,February,Sunday,Aplikasi Kasir Digital,POS,C005,Tokopedia,CU0008,Reguler,P006,Mie Ayam Jamur,Makanan,L005,Tangerang,Banten,1,24000,24000,Voucher Ongkir,ONGKIR5,0.05,1200,22800,COD,Selesai
TRX00257,2025-02-23,2025,2,February,Sunday,Database POS,Database,C004,GrabFood,CU0098,Baru,P006,Mie Ayam Jamur,Makanan,L005,Tangerang,Banten,1,24000,24000,Tidak Ada,,0.0,0,24000,Kartu Debit,Selesai
TRX00258,2025-02-23,2025,2,February,Sunday,Excel Cabang,Excel,C001,POS Kasir,CU0163,Baru,P004,Nasi Ayam Geprek,Makanan,L006,Bogor,Jawa Barat,1,25000,25000,Tidak Ada,,0.0,0,25000,COD,Selesai
TRX00259,2025-02-23,2025,2,February,Sunday,API Marketplace,API,C001,POS Kasir,CU0027,Baru,P002,Es Kopi Latte,Minuman,L001,Bekasi,Jawa Barat,1,22000,22000,Voucher Ongkir,ONGKIR5,0.05,1100,20900,Transfer Bank,Selesai
TRX00260,2025-02-23,2025,2,February,Sunday,Database POS,Database,C005,Tokopedia,CU0142,Baru,P009,Keripik Singkong,Snack,L005,Tangerang,Banten,1,16000,16000,Tidak Ada,,0.0,0,16000,Kartu Debit,Selesai
TRX00261,2025-02-24,2025,2,February,Monday,Database POS,Database,C004,GrabFood,CU0144,Reseller,P001,Kopi Susu Gula Aren,Minuman,L003,Jakarta Selatan,DKI Jakarta,3,18000,54000,Diskon Produk,DISKON10,0.1,5400,48600,Transfer Bank,Selesai
TRX00262,2025-02-24,2025,2,February,Monday,CSV Marketplace,CSV,C004,GrabFood,CU0127,Baru,P003,Teh Lemon,Minuman,L006,Bogor,Jawa Barat,1,15000,15000,Tidak Ada,,0.0,0,15000,Transfer Bank,Selesai
TRX00263,2025-02-24,2025,2,February,Monday,Excel Cabang,Excel,C004,GrabFood,CU0161,Reguler,P007,Brownies Cokelat,Snack,L003,Jakarta Selatan,DKI Jakarta,1,30000,30000,Flash Sale,FLASH20,0.2,6000,24000,Kartu Debit,Selesai
TRX00264,2025-02-24,2025,2,February,Monday,Excel Cabang,Excel,C003,GoFood,CU0159,Reguler,P002,Es Kopi Latte,Minuman,L002,Jakarta Timur,DKI Jakarta,4,22000,88000,Tidak Ada,,0.0,0,88000,E-Wallet,Selesai
TRX00265,2025-02-24,2025,2,February,Monday,CSV Marketplace,CSV,C005,Tokopedia,CU0178,Baru,P007,Brownies Cokelat,Snack,L006,Bogor,Jawa Barat,1,30000,30000,Diskon Produk,DISKON10,0.1,3000,27000,E-Wallet,Selesai
TRX00266,2025-02-25,2025,2,February,Tuesday,Database POS,Database,C006,Website,CU0084,Reguler,P005,Nasi Goreng Spesial,Makanan,L006,Bogor,Jawa Barat,4,27000,108000,Payday Sale,PAYDAY15,0.15,16200,91800,COD,Selesai
TRX00267,2025-02-25,2025,2,February,Tuesday,Aplikasi Kasir Digital,POS,C005,Tokopedia,CU0007,Reseller,P010,Paket Hemat UMKM,Paket,L002,Jakarta Timur,DKI Jakarta,1,45000,45000,Payday Sale,PAYDAY15,0.15,6750,0,COD,Dibatalkan
TRX00268,2025-02-25,2025,2,February,Tuesday,Excel Cabang,Excel,C003,GoFood,CU0105,Reguler,P004,Nasi Ayam Geprek,Makanan,L004,Depok,Jawa Barat,3,25000,75000,Payday Sale,PAYDAY15,0.15,11250,63750,Transfer Bank,Selesai
TRX00269,2025-02-25,2025,2,February,Tuesday,CSV Marketplace,CSV,C006,Website,CU0019,Reguler,P004,Nasi Ayam Geprek,Makanan,L003,Jakarta Selatan,DKI Jakarta,2,25000,50000,Payday Sale,PAYDAY15,0.15,7500,42500,Kartu Debit,Selesai
TRX00270,2025-02-25,2025,2,February,Tuesday,Database POS,Database,C005,Tokopedia,CU0093,Loyal,P007,Brownies Cokelat,Snack,L005,Tangerang,Banten,2,30000,60000,Payday Sale,PAYDAY15,0.15,9000,51000,Kartu Debit,Selesai
TRX00271,2025-02-25,2025,2,February,Tuesday,API Marketplace,API,C002,ShopeeFood,CU0145,Reseller,P002,Es Kopi Latte,Minuman,L001,Bekasi,Jawa Barat,1,22000,22000,Payday Sale,PAYDAY15,0.15,3300,0,COD,Refund
TRX00272,2025-02-25,2025,2,February,Tuesday,Excel Cabang,Excel,C001,POS Kasir,CU0133,Reguler,P006,Mie Ayam Jamur,Makanan,L004,Depok,Jawa Barat,1,24000,24000,Tidak Ada,,0.0,0,24000,Kartu Debit,Selesai
TRX00273,2025-02-25,2025,2,February,Tuesday,Aplikasi Kasir Digital,POS,C004,GrabFood,CU0007,Reguler,P006,Mie Ayam Jamur,Makanan,L004,Depok,Jawa Barat,2,24000,48000,Tidak Ada,,0.0,0,48000,E-Wallet,Selesai
TRX00274,2025-02-26,2025,2,February,Wednesday,API Marketplace,API,C003,GoFood,CU0134,Reguler,P012,Dimsum Ayam,Makanan,L002,Jakarta Timur,DKI Jakarta,1,28000,28000,Payday Sale,PAYDAY15,0.15,4200,23800,COD,Selesai
TRX00275,2025-02-26,2025,2,February,Wednesday,API Marketplace,API,C004,GrabFood,CU0030,Baru,P012,Dimsum Ayam,Makanan,L006,Bogor,Jawa Barat,1,28000,28000,Tidak Ada,,0.0,0,28000,E-Wallet,Selesai
TRX00276,2025-02-26,2025,2,February,Wednesday,CSV Marketplace,CSV,C006,Website,CU0085,Reguler,P011,Paket Kopi dan Snack,Paket,L002,Jakarta Timur,DKI Jakarta,2,35000,70000,Voucher Ongkir,ONGKIR5,0.05,3500,66500,COD,Selesai
TRX00277,2025-02-26,2025,2,February,Wednesday,CSV Marketplace,CSV,C002,ShopeeFood,CU0008,Loyal,P007,Brownies Cokelat,Snack,L006,Bogor,Jawa Barat,2,30000,60000,Diskon Produk,DISKON10,0.1,6000,54000,Transfer Bank,Selesai
TRX00278,2025-02-27,2025,2,February,Thursday,CSV Marketplace,CSV,C002,ShopeeFood,CU0017,Reguler,P001,Kopi Susu Gula Aren,Minuman,L006,Bogor,Jawa Barat,1,18000,18000,Payday Sale,PAYDAY15,0.15,2700,15300,Kartu Debit,Selesai
TRX00279,2025-02-27,2025,2,February,Thursday,Excel Cabang,Excel,C004,GrabFood,CU0136,Reseller,P006,Mie Ayam Jamur,Makanan,L002,Jakarta Timur,DKI Jakarta,1,24000,24000,Flash Sale,FLASH20,0.2,4800,19200,E-Wallet,Selesai
TRX00280,2025-02-27,2025,2,February,Thursday,Excel Cabang,Excel,C005,Tokopedia,CU0159,Baru,P010,Paket Hemat UMKM,Paket,L004,Depok,Jawa Barat,1,45000,45000,Flash Sale,FLASH20,0.2,9000,0,E-Wallet,Dibatalkan
TRX00281,2025-02-27,2025,2,February,Thursday,CSV Marketplace,CSV,C006,Website,CU0030,Baru,P010,Paket Hemat UMKM,Paket,L001,Bekasi,Jawa Barat,1,45000,45000,Tidak Ada,,0.0,0,45000,Transfer Bank,Selesai
TRX00282,2025-02-27,2025,2,February,Thursday,Aplikasi Kasir Digital,POS,C002,ShopeeFood,CU0163,Reguler,P007,Brownies Cokelat,Snack,L005,Tangerang,Banten,1,30000,30000,Tidak Ada,,0.0,0,30000,Transfer Bank,Selesai
TRX00283,2025-02-27,2025,2,February,Thursday,CSV Marketplace,CSV,C002,ShopeeFood,CU0014,Loyal,P008,Roti Bakar Keju,Snack,L003,Jakarta Selatan,DKI Jakarta,1,20000,20000,Voucher Ongkir,ONGKIR5,0.05,1000,19000,QRIS,Selesai
TRX00284,2025-02-27,2025,2,February,Thursday,Aplikasi Kasir Digital,POS,C005,Tokopedia,CU0126,Reguler,P004,Nasi Ayam Geprek,Makanan,L004,Depok,Jawa Barat,2,25000,50000,Diskon Produk,DISKON10,0.1,5000,45000,COD,Selesai
TRX00285,2025-02-27,2025,2,February,Thursday,CSV Marketplace,CSV,C001,POS Kasir,CU0138,Baru,P002,Es Kopi Latte,Minuman,L005,Tangerang,Banten,1,22000,22000,Diskon Produk,DISKON10,0.1,2200,19800,COD,Selesai
TRX00286,2025-02-28,2025,2,February,Friday,Excel Cabang,Excel,C005,Tokopedia,CU0094,Reguler,P009,Keripik Singkong,Snack,L001,Bekasi,Jawa Barat,1,16000,16000,Voucher Ongkir,ONGKIR5,0.05,800,15200,QRIS,Selesai
TRX00287,2025-02-28,2025,2,February,Friday,Database POS,Database,C002,ShopeeFood,CU0064,Baru,P008,Roti Bakar Keju,Snack,L005,Tangerang,Banten,1,20000,20000,Flash Sale,FLASH20,0.2,4000,16000,QRIS,Selesai
TRX00288,2025-02-28,2025,2,February,Friday,Excel Cabang,Excel,C004,GrabFood,CU0151,Reguler,P006,Mie Ayam Jamur,Makanan,L001,Bekasi,Jawa Barat,3,24000,72000,Tidak Ada,,0.0,0,72000,Kartu Debit,Selesai
TRX00289,2025-02-28,2025,2,February,Friday,CSV Marketplace,CSV,C002,ShopeeFood,CU0146,Reguler,P003,Teh Lemon,Minuman,L005,Tangerang,Banten,3,15000,45000,Flash Sale,FLASH20,0.2,9000,36000,E-Wallet,Selesai
TRX00290,2025-02-28,2025,2,February,Friday,API Marketplace,API,C006,Website,CU0132,Reseller,P003,Teh Lemon,Minuman,L003,Jakarta Selatan,DKI Jakarta,1,15000,15000,Diskon Produk,DISKON10,0.1,1500,13500,QRIS,Selesai
TRX00291,2025-02-28,2025,2,February,Friday,CSV Marketplace,CSV,C003,GoFood,CU0038,Loyal,P007,Brownies Cokelat,Snack,L001,Bekasi,Jawa Barat,2,30000,60000,Tidak Ada,,0.0,0,60000,Transfer Bank,Selesai
TRX00292,2025-02-28,2025,2,February,Friday,CSV Marketplace,CSV,C004,GrabFood,CU0107,Reguler,P011,Paket Kopi dan Snack,Paket,L004,Depok,Jawa Barat,2,35000,70000,Diskon Produk,DISKON10,0.1,7000,63000,QRIS,Selesai
TRX00293,2025-02-28,2025,2,February,Friday,API Marketplace,API,C005,Tokopedia,CU0117,Reseller,P002,Es Kopi Latte,Minuman,L004,Depok,Jawa Barat,2,22000,44000,Flash Sale,FLASH20,0.2,8800,35200,E-Wallet,Selesai
TRX00294,2025-02-28,2025,2,February,Friday,Database POS,Database,C006,Website,CU0017,Loyal,P012,Dimsum Ayam,Makanan,L001,Bekasi,Jawa Barat,2,28000,56000,Payday Sale,PAYDAY15,0.15,8400,47600,COD,Selesai
TRX00295,2025-03-01,2025,3,March,Saturday,API Marketplace,API,C003,GoFood,CU0125,Loyal,P005,Nasi Goreng Spesial,Makanan,L003,Jakarta Selatan,DKI Jakarta,2,27000,54000,Tidak Ada,,0.0,0,54000,QRIS,Selesai
TRX00296,2025-03-01,2025,3,March,Saturday,Excel Cabang,Excel,C001,POS Kasir,CU0117,Baru,P011,Paket Kopi dan Snack,Paket,L004,Depok,Jawa Barat,4,35000,140000,Tidak Ada,,0.0,0,140000,COD,Selesai
TRX00297,2025-03-01,2025,3,March,Saturday,API Marketplace,API,C006,Website,CU0071,Baru,P012,Dimsum Ayam,Makanan,L002,Jakarta Timur,DKI Jakarta,1,28000,28000,Flash Sale,FLASH20,0.2,5600,22400,E-Wallet,Selesai
TRX00298,2025-03-01,2025,3,March,Saturday,CSV Marketplace,CSV,C006,Website,CU0180,Loyal,P006,Mie Ayam Jamur,Makanan,L006,Bogor,Jawa Barat,1,24000,24000,Payday Sale,PAYDAY15,0.15,3600,20400,COD,Selesai
TRX00299,2025-03-01,2025,3,March,Saturday,CSV Marketplace,CSV,C001,POS Kasir,CU0058,Reguler,P012,Dimsum Ayam,Makanan,L001,Bekasi,Jawa Barat,2,28000,56000,Tidak Ada,,0.0,0,56000,COD,Selesai
TRX00300,2025-03-01,2025,3,March,Saturday,Database POS,Database,C001,POS Kasir,CU0059,Reguler,P012,Dimsum Ayam,Makanan,L003,Jakarta Selatan,DKI Jakarta,2,28000,56000,Voucher Ongkir,ONGKIR5,0.05,2800,53200,QRIS,Selesai
TRX00301,2025-03-01,2025,3,March,Saturday,Database POS,Database,C002,ShopeeFood,CU0035,Reguler,P006,Mie Ayam Jamur,Makanan,L003,Jakarta Selatan,DKI Jakarta,3,24000,72000,Payday Sale,PAYDAY15,0.15,10800,61200,Transfer Bank,Selesai
TRX00302,2025-03-01,2025,3,March,Saturday,CSV Marketplace,CSV,C005,Tokopedia,CU0161,Loyal,P010,Paket Hemat UMKM,Paket,L001,Bekasi,Jawa Barat,1,45000,45000,Payday Sale,PAYDAY15,0.15,6750,38250,COD,Selesai
TRX00303,2025-03-01,2025,3,March,Saturday,Excel Cabang,Excel,C001,POS Kasir,CU0099,Reguler,P008,Roti Bakar Keju,Snack,L002,Jakarta Timur,DKI Jakarta,1,20000,20000,Tidak Ada,,0.0,0,20000,COD,Selesai
TRX00304,2025-03-02,2025,3,March,Sunday,Aplikasi Kasir Digital,POS,C002,ShopeeFood,CU0073,Loyal,P011,Paket Kopi dan Snack,Paket,L001,Bekasi,Jawa Barat,2,35000,70000,Payday Sale,PAYDAY15,0.15,10500,59500,QRIS,Selesai
TRX00305,2025-03-02,2025,3,March,Sunday,Aplikasi Kasir Digital,POS,C002,ShopeeFood,CU0101,Baru,P011,Paket Kopi dan Snack,Paket,L003,Jakarta Selatan,DKI Jakarta,2,35000,70000,Tidak Ada,,0.0,0,70000,QRIS,Selesai
TRX00306,2025-03-02,2025,3,March,Sunday,Excel Cabang,Excel,C004,GrabFood,CU0019,Reguler,P004,Nasi Ayam Geprek,Makanan,L004,Depok,Jawa Barat,1,25000,25000,Payday Sale,PAYDAY15,0.15,3750,0,QRIS,Refund
TRX00307,2025-03-02,2025,3,March,Sunday,Aplikasi Kasir Digital,POS,C004,GrabFood,CU0045,Loyal,P006,Mie Ayam Jamur,Makanan,L002,Jakarta Timur,DKI Jakarta,1,24000,24000,Voucher Ongkir,ONGKIR5,0.05,1200,22800,QRIS,Selesai
TRX00308,2025-03-02,2025,3,March,Sunday,CSV Marketplace,CSV,C003,GoFood,CU0102,Reguler,P002,Es Kopi Latte,Minuman,L001,Bekasi,Jawa Barat,1,22000,22000,Tidak Ada,,0.0,0,22000,Kartu Debit,Selesai
TRX00309,2025-03-02,2025,3,March,Sunday,Excel Cabang,Excel,C004,GrabFood,CU0040,Baru,P007,Brownies Cokelat,Snack,L006,Bogor,Jawa Barat,2,30000,60000,Voucher Ongkir,ONGKIR5,0.05,3000,57000,E-Wallet,Selesai
TRX00310,2025-03-02,2025,3,March,Sunday,API Marketplace,API,C005,Tokopedia,CU0167,Reguler,P004,Nasi Ayam Geprek,Makanan,L002,Jakarta Timur,DKI Jakarta,1,25000,25000,Payday Sale,PAYDAY15,0.15,3750,21250,QRIS,Selesai
TRX00311,2025-03-03,2025,3,March,Monday,Excel Cabang,Excel,C002,ShopeeFood,CU0157,Reguler,P004,Nasi Ayam Geprek,Makanan,L001,Bekasi,Jawa Barat,4,25000,100000,Tidak Ada,,0.0,0,100000,E-Wallet,Selesai
TRX00312,2025-03-03,2025,3,March,Monday,Excel Cabang,Excel,C002,ShopeeFood,CU0003,Baru,P011,Paket Kopi dan Snack,Paket,L006,Bogor,Jawa Barat,1,35000,35000,Tidak Ada,,0.0,0,35000,E-Wallet,Selesai
TRX00313,2025-03-03,2025,3,March,Monday,API Marketplace,API,C002,ShopeeFood,CU0069,Loyal,P012,Dimsum Ayam,Makanan,L003,Jakarta Selatan,DKI Jakarta,1,28000,28000,Payday Sale,PAYDAY15,0.15,4200,23800,QRIS,Selesai
TRX00314,2025-03-03,2025,3,March,Monday,API Marketplace,API,C004,GrabFood,CU0148,Reguler,P001,Kopi Susu Gula Aren,Minuman,L003,Jakarta Selatan,DKI Jakarta,2,18000,36000,Diskon Produk,DISKON10,0.1,3600,32400,COD,Selesai
TRX00315,2025-03-03,2025,3,March,Monday,Aplikasi Kasir Digital,POS,C004,GrabFood,CU0027,Loyal,P006,Mie Ayam Jamur,Makanan,L001,Bekasi,Jawa Barat,1,24000,24000,Tidak Ada,,0.0,0,24000,QRIS,Selesai
TRX00316,2025-03-03,2025,3,March,Monday,Excel Cabang,Excel,C001,POS Kasir,CU0099,Reseller,P009,Keripik Singkong,Snack,L001,Bekasi,Jawa Barat,1,16000,16000,Voucher Ongkir,ONGKIR5,0.05,800,0,Transfer Bank,Dibatalkan
TRX00317,2025-03-03,2025,3,March,Monday,Database POS,Database,C006,Website,CU0082,Baru,P001,Kopi Susu Gula Aren,Minuman,L005,Tangerang,Banten,1,18000,18000,Tidak Ada,,0.0,0,18000,QRIS,Selesai
TRX00318,2025-03-03,2025,3,March,Monday,Excel Cabang,Excel,C006,Website,CU0012,Reseller,P002,Es Kopi Latte,Minuman,L005,Tangerang,Banten,1,22000,22000,Flash Sale,FLASH20,0.2,4400,17600,QRIS,Selesai
TRX00319,2025-03-04,2025,3,March,Tuesday,Database POS,Database,C005,Tokopedia,CU0145,Loyal,P006,Mie Ayam Jamur,Makanan,L001,Bekasi,Jawa Barat,1,24000,24000,Tidak Ada,,0.0,0,24000,Kartu Debit,Selesai
TRX00320,2025-03-04,2025,3,March,Tuesday,CSV Marketplace,CSV,C004,GrabFood,CU0063,Baru,P006,Mie Ayam Jamur,Makanan,L005,Tangerang,Banten,2,24000,48000,Voucher Ongkir,ONGKIR5,0.05,2400,45600,COD,Selesai
TRX00321,2025-03-04,2025,3,March,Tuesday,Excel Cabang,Excel,C006,Website,CU0169,Reguler,P009,Keripik Singkong,Snack,L003,Jakarta Selatan,DKI Jakarta,4,16000,64000,Tidak Ada,,0.0,0,64000,E-Wallet,Selesai
TRX00322,2025-03-04,2025,3,March,Tuesday,Database POS,Database,C004,GrabFood,CU0037,Loyal,P009,Keripik Singkong,Snack,L002,Jakarta Timur,DKI Jakarta,4,16000,64000,Bundling,BUNDLE12,0.12,7680,56320,QRIS,Selesai
TRX00323,2025-03-04,2025,3,March,Tuesday,API Marketplace,API,C004,GrabFood,CU0149,Baru,P004,Nasi Ayam Geprek,Makanan,L005,Tangerang,Banten,2,25000,50000,Payday Sale,PAYDAY15,0.15,7500,42500,Transfer Bank,Selesai
TRX00324,2025-03-04,2025,3,March,Tuesday,Aplikasi Kasir Digital,POS,C005,Tokopedia,CU0034,Baru,P007,Brownies Cokelat,Snack,L001,Bekasi,Jawa Barat,1,30000,30000,Payday Sale,PAYDAY15,0.15,4500,25500,E-Wallet,Selesai
TRX00325,2025-03-05,2025,3,March,Wednesday,Database POS,Database,C003,GoFood,CU0052,Baru,P012,Dimsum Ayam,Makanan,L003,Jakarta Selatan,DKI Jakarta,1,28000,28000,Tidak Ada,,0.0,0,28000,Kartu Debit,Selesai
TRX00326,2025-03-05,2025,3,March,Wednesday,Database POS,Database,C004,GrabFood,CU0092,Reseller,P002,Es Kopi Latte,Minuman,L002,Jakarta Timur,DKI Jakarta,1,22000,22000,Tidak Ada,,0.0,0,22000,Transfer Bank,Selesai
TRX00327,2025-03-05,2025,3,March,Wednesday,Excel Cabang,Excel,C001,POS Kasir,CU0179,Reguler,P008,Roti Bakar Keju,Snack,L003,Jakarta Selatan,DKI Jakarta,1,20000,20000,Payday Sale,PAYDAY15,0.15,3000,17000,Transfer Bank,Selesai
TRX00328,2025-03-05,2025,3,March,Wednesday,CSV Marketplace,CSV,C001,POS Kasir,CU0013,Reguler,P006,Mie Ayam Jamur,Makanan,L002,Jakarta Timur,DKI Jakarta,4,24000,96000,Diskon Produk,DISKON10,0.1,9600,86400,E-Wallet,Selesai
TRX00329,2025-03-05,2025,3,March,Wednesday,Database POS,Database,C004,GrabFood,CU0025,Reguler,P003,Teh Lemon,Minuman,L001,Bekasi,Jawa Barat,2,15000,30000,Voucher Ongkir,ONGKIR5,0.05,1500,28500,Transfer Bank,Selesai
TRX00330,2025-03-05,2025,3,March,Wednesday,CSV Marketplace,CSV,C002,ShopeeFood,CU0162,Reseller,P001,Kopi Susu Gula Aren,Minuman,L002,Jakarta Timur,DKI Jakarta,3,18000,54000,Diskon Produk,DISKON10,0.1,5400,48600,QRIS,Selesai
TRX00331,2025-03-05,2025,3,March,Wednesday,Excel Cabang,Excel,C001,POS Kasir,CU0033,Baru,P005,Nasi Goreng Spesial,Makanan,L001,Bekasi,Jawa Barat,1,27000,27000,Payday Sale,PAYDAY15,0.15,4050,22950,E-Wallet,Selesai
TRX00332,2025-03-05,2025,3,March,Wednesday,Aplikasi Kasir Digital,POS,C002,ShopeeFood,CU0128,Baru,P008,Roti Bakar Keju,Snack,L001,Bekasi,Jawa Barat,1,20000,20000,Payday Sale,PAYDAY15,0.15,3000,17000,COD,Selesai
TRX00333,2025-03-06,2025,3,March,Thursday,CSV Marketplace,CSV,C004,GrabFood,CU0063,Reguler,P005,Nasi Goreng Spesial,Makanan,L003,Jakarta Selatan,DKI Jakarta,1,27000,27000,Payday Sale,PAYDAY15,0.15,4050,22950,COD,Selesai
TRX00334,2025-03-06,2025,3,March,Thursday,Excel Cabang,Excel,C001,POS Kasir,CU0052,Reguler,P009,Keripik Singkong,Snack,L004,Depok,Jawa Barat,1,16000,16000,Tidak Ada,,0.0,0,16000,Kartu Debit,Selesai
TRX00335,2025-03-06,2025,3,March,Thursday,API Marketplace,API,C004,GrabFood,CU0089,Reseller,P009,Keripik Singkong,Snack,L001,Bekasi,Jawa Barat,2,16000,32000,Payday Sale,PAYDAY15,0.15,4800,27200,Kartu Debit,Selesai
TRX00336,2025-03-06,2025,3,March,Thursday,API Marketplace,API,C001,POS Kasir,CU0072,Baru,P005,Nasi Goreng Spesial,Makanan,L002,Jakarta Timur,DKI Jakarta,2,27000,54000,Tidak Ada,,0.0,0,54000,COD,Selesai
TRX00337,2025-03-07,2025,3,March,Friday,CSV Marketplace,CSV,C006,Website,CU0015,Loyal,P002,Es Kopi Latte,Minuman,L002,Jakarta Timur,DKI Jakarta,1,22000,22000,Flash Sale,FLASH20,0.2,4400,17600,Transfer Bank,Selesai
TRX00338,2025-03-07,2025,3,March,Friday,CSV Marketplace,CSV,C002,ShopeeFood,CU0179,Reguler,P007,Brownies Cokelat,Snack,L003,Jakarta Selatan,DKI Jakarta,1,30000,30000,Diskon Produk,DISKON10,0.1,3000,27000,Kartu Debit,Selesai
TRX00339,2025-03-07,2025,3,March,Friday,Aplikasi Kasir Digital,POS,C005,Tokopedia,CU0127,Reguler,P012,Dimsum Ayam,Makanan,L003,Jakarta Selatan,DKI Jakarta,1,28000,28000,Flash Sale,FLASH20,0.2,5600,22400,Transfer Bank,Selesai
TRX00340,2025-03-07,2025,3,March,Friday,Aplikasi Kasir Digital,POS,C002,ShopeeFood,CU0001,Reguler,P002,Es Kopi Latte,Minuman,L001,Bekasi,Jawa Barat,1,22000,22000,Voucher Ongkir,ONGKIR5,0.05,1100,20900,Kartu Debit,Selesai
TRX00341,2025-03-08,2025,3,March,Saturday,Excel Cabang,Excel,C001,POS Kasir,CU0037,Loyal,P003,Teh Lemon,Minuman,L003,Jakarta Selatan,DKI Jakarta,1,15000,15000,Payday Sale,PAYDAY15,0.15,2250,12750,Kartu Debit,Selesai
TRX00342,2025-03-08,2025,3,March,Saturday,Database POS,Database,C006,Website,CU0083,Baru,P002,Es Kopi Latte,Minuman,L003,Jakarta Selatan,DKI Jakarta,2,22000,44000,Diskon Produk,DISKON10,0.1,4400,39600,Transfer Bank,Selesai
TRX00343,2025-03-08,2025,3,March,Saturday,API Marketplace,API,C004,GrabFood,CU0178,Loyal,P007,Brownies Cokelat,Snack,L006,Bogor,Jawa Barat,1,30000,30000,Bundling,BUNDLE12,0.12,3600,26400,Kartu Debit,Selesai
TRX00344,2025-03-08,2025,3,March,Saturday,CSV Marketplace,CSV,C005,Tokopedia,CU0076,Baru,P004,Nasi Ayam Geprek,Makanan,L006,Bogor,Jawa Barat,1,25000,25000,Payday Sale,PAYDAY15,0.15,3750,0,QRIS,Dibatalkan
TRX00345,2025-03-08,2025,3,March,Saturday,Excel Cabang,Excel,C005,Tokopedia,CU0157,Baru,P010,Paket Hemat UMKM,Paket,L004,Depok,Jawa Barat,1,45000,45000,Diskon Produk,DISKON10,0.1,4500,40500,Kartu Debit,Selesai
TRX00346,2025-03-08,2025,3,March,Saturday,Excel Cabang,Excel,C003,GoFood,CU0043,Reguler,P008,Roti Bakar Keju,Snack,L002,Jakarta Timur,DKI Jakarta,1,20000,20000,Bundling,BUNDLE12,0.12,2400,17600,QRIS,Selesai
TRX00347,2025-03-08,2025,3,March,Saturday,API Marketplace,API,C006,Website,CU0064,Reguler,P011,Paket Kopi dan Snack,Paket,L006,Bogor,Jawa Barat,1,35000,35000,Diskon Produk,DISKON10,0.1,3500,31500,E-Wallet,Selesai
TRX00348,2025-03-08,2025,3,March,Saturday,Excel Cabang,Excel,C001,POS Kasir,CU0043,Loyal,P002,Es Kopi Latte,Minuman,L006,Bogor,Jawa Barat,1,22000,22000,Payday Sale,PAYDAY15,0.15,3300,18700,COD,Selesai
TRX00349,2025-03-08,2025,3,March,Saturday,Excel Cabang,Excel,C004,GrabFood,CU0148,Reguler,P006,Mie Ayam Jamur,Makanan,L005,Tangerang,Banten,3,24000,72000,Payday Sale,PAYDAY15,0.15,10800,61200,Transfer Bank,Selesai
TRX00350,2025-03-09,2025,3,March,Sunday,Excel Cabang,Excel,C003,GoFood,CU0097,Baru,P001,Kopi Susu Gula Aren,Minuman,L003,Jakarta Selatan,DKI Jakarta,1,18000,18000,Tidak Ada,,0.0,0,18000,QRIS,Selesai
TRX00351,2025-03-09,2025,3,March,Sunday,Aplikasi Kasir Digital,POS,C005,Tokopedia,CU0111,Reseller,P002,Es Kopi Latte,Minuman,L003,Jakarta Selatan,DKI Jakarta,3,22000,66000,Payday Sale,PAYDAY15,0.15,9900,56100,Transfer Bank,Selesai
TRX00352,2025-03-09,2025,3,March,Sunday,Excel Cabang,Excel,C001,POS Kasir,CU0105,Reguler,P007,Brownies Cokelat,Snack,L002,Jakarta Timur,DKI Jakarta,1,30000,30000,Bundling,BUNDLE12,0.12,3600,26400,Kartu Debit,Selesai
TRX00353,2025-03-09,2025,3,March,Sunday,Excel Cabang,Excel,C002,ShopeeFood,CU0126,Baru,P005,Nasi Goreng Spesial,Makanan,L003,Jakarta Selatan,DKI Jakarta,1,27000,27000,Voucher Ongkir,ONGKIR5,0.05,1350,25650,E-Wallet,Selesai
TRX00354,2025-03-09,2025,3,March,Sunday,Aplikasi Kasir Digital,POS,C006,Website,CU0053,Baru,P002,Es Kopi Latte,Minuman,L003,Jakarta Selatan,DKI Jakarta,2,22000,44000,Tidak Ada,,0.0,0,0,E-Wallet,Refund
TRX00355,2025-03-09,2025,3,March,Sunday,Database POS,Database,C003,GoFood,CU0068,Baru,P008,Roti Bakar Keju,Snack,L001,Bekasi,Jawa Barat,2,20000,40000,Flash Sale,FLASH20,0.2,8000,32000,Kartu Debit,Selesai
TRX00356,2025-03-10,2025,3,March,Monday,Excel Cabang,Excel,C004,GrabFood,CU0058,Loyal,P006,Mie Ayam Jamur,Makanan,L002,Jakarta Timur,DKI Jakarta,1,24000,24000,Voucher Ongkir,ONGKIR5,0.05,1200,22800,Kartu Debit,Selesai
TRX00357,2025-03-10,2025,3,March,Monday,Excel Cabang,Excel,C001,POS Kasir,CU0106,Reseller,P012,Dimsum Ayam,Makanan,L006,Bogor,Jawa Barat,2,28000,56000,Flash Sale,FLASH20,0.2,11200,44800,Kartu Debit,Selesai
TRX00358,2025-03-10,2025,3,March,Monday,Database POS,Database,C005,Tokopedia,CU0122,Reguler,P001,Kopi Susu Gula Aren,Minuman,L004,Depok,Jawa Barat,4,18000,72000,Payday Sale,PAYDAY15,0.15,10800,61200,Transfer Bank,Selesai
TRX00359,2025-03-10,2025,3,March,Monday,Excel Cabang,Excel,C006,Website,CU0147,Reguler,P002,Es Kopi Latte,Minuman,L004,Depok,Jawa Barat,2,22000,44000,Flash Sale,FLASH20,0.2,8800,35200,Kartu Debit,Selesai
TRX00360,2025-03-10,2025,3,March,Monday,CSV Marketplace,CSV,C002,ShopeeFood,CU0109,Baru,P008,Roti Bakar Keju,Snack,L002,Jakarta Timur,DKI Jakarta,3,20000,60000,Tidak Ada,,0.0,0,60000,COD,Selesai
TRX00361,2025-03-10,2025,3,March,Monday,API Marketplace,API,C005,Tokopedia,CU0018,Baru,P011,Paket Kopi dan Snack,Paket,L002,Jakarta Timur,DKI Jakarta,1,35000,35000,Payday Sale,PAYDAY15,0.15,5250,29750,Kartu Debit,Selesai
TRX00362,2025-03-11,2025,3,March,Tuesday,Aplikasi Kasir Digital,POS,C001,POS Kasir,CU0029,Reguler,P009,Keripik Singkong,Snack,L004,Depok,Jawa Barat,2,16000,32000,Payday Sale,PAYDAY15,0.15,4800,27200,Transfer Bank,Selesai
TRX00363,2025-03-11,2025,3,March,Tuesday,Aplikasi Kasir Digital,POS,C001,POS Kasir,CU0138,Loyal,P010,Paket Hemat UMKM,Paket,L001,Bekasi,Jawa Barat,3,45000,135000,Payday Sale,PAYDAY15,0.15,20250,114750,COD,Selesai
TRX00364,2025-03-11,2025,3,March,Tuesday,Aplikasi Kasir Digital,POS,C005,Tokopedia,CU0104,Baru,P011,Paket Kopi dan Snack,Paket,L004,Depok,Jawa Barat,2,35000,70000,Tidak Ada,,0.0,0,70000,Kartu Debit,Selesai
TRX00365,2025-03-11,2025,3,March,Tuesday,API Marketplace,API,C004,GrabFood,CU0122,Reseller,P007,Brownies Cokelat,Snack,L001,Bekasi,Jawa Barat,2,30000,60000,Tidak Ada,,0.0,0,60000,E-Wallet,Selesai
TRX00366,2025-03-11,2025,3,March,Tuesday,Database POS,Database,C003,GoFood,CU0059,Baru,P005,Nasi Goreng Spesial,Makanan,L003,Jakarta Selatan,DKI Jakarta,3,27000,81000,Payday Sale,PAYDAY15,0.15,12150,68850,COD,Selesai
TRX00367,2025-03-11,2025,3,March,Tuesday,Database POS,Database,C006,Website,CU0114,Baru,P006,Mie Ayam Jamur,Makanan,L003,Jakarta Selatan,DKI Jakarta,2,24000,48000,Tidak Ada,,0.0,0,48000,COD,Selesai
TRX00368,2025-03-12,2025,3,March,Wednesday,API Marketplace,API,C001,POS Kasir,CU0135,Loyal,P009,Keripik Singkong,Snack,L002,Jakarta Timur,DKI Jakarta,2,16000,32000,Diskon Produk,DISKON10,0.1,3200,28800,QRIS,Selesai
TRX00369,2025-03-12,2025,3,March,Wednesday,Excel Cabang,Excel,C002,ShopeeFood,CU0051,Baru,P004,Nasi Ayam Geprek,Makanan,L001,Bekasi,Jawa Barat,2,25000,50000,Flash Sale,FLASH20,0.2,10000,40000,COD,Selesai
TRX00370,2025-03-12,2025,3,March,Wednesday,Excel Cabang,Excel,C006,Website,CU0115,Baru,P011,Paket Kopi dan Snack,Paket,L001,Bekasi,Jawa Barat,1,35000,35000,Voucher Ongkir,ONGKIR5,0.05,1750,33250,COD,Selesai
TRX00371,2025-03-12,2025,3,March,Wednesday,API Marketplace,API,C002,ShopeeFood,CU0073,Baru,P006,Mie Ayam Jamur,Makanan,L003,Jakarta Selatan,DKI Jakarta,2,24000,48000,Payday Sale,PAYDAY15,0.15,7200,40800,QRIS,Selesai
TRX00372,2025-03-12,2025,3,March,Wednesday,CSV Marketplace,CSV,C002,ShopeeFood,CU0105,Reguler,P010,Paket Hemat UMKM,Paket,L002,Jakarta Timur,DKI Jakarta,2,45000,90000,Diskon Produk,DISKON10,0.1,9000,81000,QRIS,Selesai
TRX00373,2025-03-13,2025,3,March,Thursday,CSV Marketplace,CSV,C001,POS Kasir,CU0079,Loyal,P003,Teh Lemon,Minuman,L005,Tangerang,Banten,1,15000,15000,Flash Sale,FLASH20,0.2,3000,12000,E-Wallet,Selesai
TRX00374,2025-03-13,2025,3,March,Thursday,API Marketplace,API,C004,GrabFood,CU0134,Loyal,P007,Brownies Cokelat,Snack,L003,Jakarta Selatan,DKI Jakarta,1,30000,30000,Diskon Produk,DISKON10,0.1,3000,27000,COD,Selesai
TRX00375,2025-03-13,2025,3,March,Thursday,API Marketplace,API,C006,Website,CU0073,Baru,P001,Kopi Susu Gula Aren,Minuman,L005,Tangerang,Banten,2,18000,36000,Voucher Ongkir,ONGKIR5,0.05,1800,34200,QRIS,Selesai
TRX00376,2025-03-13,2025,3,March,Thursday,API Marketplace,API,C006,Website,CU0167,Baru,P006,Mie Ayam Jamur,Makanan,L003,Jakarta Selatan,DKI Jakarta,3,24000,72000,Diskon Produk,DISKON10,0.1,7200,64800,Transfer Bank,Selesai
TRX00377,2025-03-13,2025,3,March,Thursday,Database POS,Database,C005,Tokopedia,CU0007,Reguler,P004,Nasi Ayam Geprek,Makanan,L001,Bekasi,Jawa Barat,2,25000,50000,Payday Sale,PAYDAY15,0.15,7500,42500,E-Wallet,Selesai
TRX00378,2025-03-13,2025,3,March,Thursday,Excel Cabang,Excel,C004,GrabFood,CU0049,Reguler,P007,Brownies Cokelat,Snack,L004,Depok,Jawa Barat,2,30000,60000,Bundling,BUNDLE12,0.12,7200,52800,Transfer Bank,Selesai
TRX00379,2025-03-14,2025,3,March,Friday,CSV Marketplace,CSV,C003,GoFood,CU0047,Baru,P006,Mie Ayam Jamur,Makanan,L005,Tangerang,Banten,3,24000,72000,Flash Sale,FLASH20,0.2,14400,57600,COD,Selesai
TRX00380,2025-03-14,2025,3,March,Friday,CSV Marketplace,CSV,C005,Tokopedia,CU0168,Baru,P005,Nasi Goreng Spesial,Makanan,L006,Bogor,Jawa Barat,4,27000,108000,Flash Sale,FLASH20,0.2,21600,86400,E-Wallet,Selesai
TRX00381,2025-03-14,2025,3,March,Friday,API Marketplace,API,C003,GoFood,CU0031,Reguler,P005,Nasi Goreng Spesial,Makanan,L004,Depok,Jawa Barat,1,27000,27000,Diskon Produk,DISKON10,0.1,2700,24300,Kartu Debit,Selesai
TRX00382,2025-03-14,2025,3,March,Friday,CSV Marketplace,CSV,C004,GrabFood,CU0098,Reguler,P010,Paket Hemat UMKM,Paket,L001,Bekasi,Jawa Barat,2,45000,90000,Flash Sale,FLASH20,0.2,18000,72000,COD,Selesai
TRX00383,2025-03-14,2025,3,March,Friday,API Marketplace,API,C002,ShopeeFood,CU0118,Baru,P003,Teh Lemon,Minuman,L002,Jakarta Timur,DKI Jakarta,1,15000,15000,Voucher Ongkir,ONGKIR5,0.05,750,14250,Transfer Bank,Selesai
TRX00384,2025-03-14,2025,3,March,Friday,CSV Marketplace,CSV,C006,Website,CU0116,Baru,P008,Roti Bakar Keju,Snack,L003,Jakarta Selatan,DKI Jakarta,1,20000,20000,Tidak Ada,,0.0,0,20000,Transfer Bank,Selesai
TRX00385,2025-03-14,2025,3,March,Friday,CSV Marketplace,CSV,C001,POS Kasir,CU0104,Reguler,P003,Teh Lemon,Minuman,L004,Depok,Jawa Barat,2,15000,30000,Payday Sale,PAYDAY15,0.15,4500,25500,COD,Selesai
TRX00386,2025-03-14,2025,3,March,Friday,API Marketplace,API,C002,ShopeeFood,CU0136,Baru,P001,Kopi Susu Gula Aren,Minuman,L005,Tangerang,Banten,4,18000,72000,Flash Sale,FLASH20,0.2,14400,57600,QRIS,Selesai
TRX00387,2025-03-15,2025,3,March,Saturday,Excel Cabang,Excel,C002,ShopeeFood,CU0043,Baru,P006,Mie Ayam Jamur,Makanan,L003,Jakarta Selatan,DKI Jakarta,1,24000,24000,Voucher Ongkir,ONGKIR5,0.05,1200,22800,QRIS,Selesai
TRX00388,2025-03-15,2025,3,March,Saturday,Aplikasi Kasir Digital,POS,C006,Website,CU0176,Reseller,P005,Nasi Goreng Spesial,Makanan,L004,Depok,Jawa Barat,2,27000,54000,Diskon Produk,DISKON10,0.1,5400,0,E-Wallet,Refund
TRX00389,2025-03-15,2025,3,March,Saturday,CSV Marketplace,CSV,C002,ShopeeFood,CU0104,Baru,P008,Roti Bakar Keju,Snack,L003,Jakarta Selatan,DKI Jakarta,4,20000,80000,Flash Sale,FLASH20,0.2,16000,64000,Transfer Bank,Selesai
TRX00390,2025-03-15,2025,3,March,Saturday,Excel Cabang,Excel,C006,Website,CU0094,Loyal,P003,Teh Lemon,Minuman,L002,Jakarta Timur,DKI Jakarta,2,15000,30000,Tidak Ada,,0.0,0,30000,QRIS,Selesai
TRX00391,2025-03-15,2025,3,March,Saturday,Aplikasi Kasir Digital,POS,C005,Tokopedia,CU0170,Baru,P011,Paket Kopi dan Snack,Paket,L003,Jakarta Selatan,DKI Jakarta,1,35000,35000,Bundling,BUNDLE12,0.12,4200,30800,QRIS,Selesai
TRX00392,2025-03-15,2025,3,March,Saturday,Database POS,Database,C004,GrabFood,CU0180,Baru,P002,Es Kopi Latte,Minuman,L004,Depok,Jawa Barat,1,22000,22000,Diskon Produk,DISKON10,0.1,2200,19800,QRIS,Selesai
TRX00393,2025-03-15,2025,3,March,Saturday,Aplikasi Kasir Digital,POS,C006,Website,CU0036,Reguler,P011,Paket Kopi dan Snack,Paket,L001,Bekasi,Jawa Barat,1,35000,35000,Payday Sale,PAYDAY15,0.15,5250,29750,QRIS,Selesai
TRX00394,2025-03-15,2025,3,March,Saturday,Excel Cabang,Excel,C003,GoFood,CU0156,Baru,P010,Paket Hemat UMKM,Paket,L001,Bekasi,Jawa Barat,3,45000,135000,Voucher Ongkir,ONGKIR5,0.05,6750,128250,E-Wallet,Selesai
TRX00395,2025-03-16,2025,3,March,Sunday,Excel Cabang,Excel,C002,ShopeeFood,CU0177,Reseller,P007,Brownies Cokelat,Snack,L003,Jakarta Selatan,DKI Jakarta,2,30000,60000,Flash Sale,FLASH20,0.2,12000,48000,E-Wallet,Selesai
TRX00396,2025-03-16,2025,3,March,Sunday,Excel Cabang,Excel,C001,POS Kasir,CU0039,Reseller,P001,Kopi Susu Gula Aren,Minuman,L006,Bogor,Jawa Barat,3,18000,54000,Payday Sale,PAYDAY15,0.15,8100,45900,Kartu Debit,Selesai
TRX00397,2025-03-16,2025,3,March,Sunday,CSV Marketplace,CSV,C003,GoFood,CU0068,Reguler,P012,Dimsum Ayam,Makanan,L001,Bekasi,Jawa Barat,2,28000,56000,Bundling,BUNDLE12,0.12,6720,49280,QRIS,Selesai
TRX00398,2025-03-16,2025,3,March,Sunday,API Marketplace,API,C003,GoFood,CU0012,Baru,P001,Kopi Susu Gula Aren,Minuman,L003,Jakarta Selatan,DKI Jakarta,1,18000,18000,Tidak Ada,,0.0,0,18000,Transfer Bank,Selesai
TRX00399,2025-03-16,2025,3,March,Sunday,Database POS,Database,C003,GoFood,CU0024,Reguler,P003,Teh Lemon,Minuman,L003,Jakarta Selatan,DKI Jakarta,4,15000,60000,Diskon Produk,DISKON10,0.1,6000,54000,E-Wallet,Selesai
TRX00400,2025-03-16,2025,3,March,Sunday,API Marketplace,API,C004,GrabFood,CU0123,Loyal,P007,Brownies Cokelat,Snack,L004,Depok,Jawa Barat,3,30000,90000,Payday Sale,PAYDAY15,0.15,13500,76500,Transfer Bank,Selesai
TRX00401,2025-03-16,2025,3,March,Sunday,CSV Marketplace,CSV,C001,POS Kasir,CU0124,Loyal,P012,Dimsum Ayam,Makanan,L006,Bogor,Jawa Barat,1,28000,28000,Flash Sale,FLASH20,0.2,5600,22400,COD,Selesai
TRX00402,2025-03-16,2025,3,March,Sunday,Excel Cabang,Excel,C005,Tokopedia,CU0034,Reguler,P007,Brownies Cokelat,Snack,L003,Jakarta Selatan,DKI Jakarta,3,30000,90000,Flash Sale,FLASH20,0.2,18000,72000,COD,Selesai
TRX00403,2025-03-16,2025,3,March,Sunday,Excel Cabang,Excel,C001,POS Kasir,CU0174,Reguler,P007,Brownies Cokelat,Snack,L004,Depok,Jawa Barat,1,30000,30000,Diskon Produk,DISKON10,0.1,3000,27000,Kartu Debit,Selesai
TRX00404,2025-03-17,2025,3,March,Monday,Aplikasi Kasir Digital,POS,C005,Tokopedia,CU0064,Reguler,P006,Mie Ayam Jamur,Makanan,L005,Tangerang,Banten,1,24000,24000,Payday Sale,PAYDAY15,0.15,3600,20400,COD,Selesai
TRX00405,2025-03-17,2025,3,March,Monday,Excel Cabang,Excel,C001,POS Kasir,CU0121,Loyal,P009,Keripik Singkong,Snack,L005,Tangerang,Banten,2,16000,32000,Tidak Ada,,0.0,0,32000,Transfer Bank,Selesai
TRX00406,2025-03-17,2025,3,March,Monday,API Marketplace,API,C002,ShopeeFood,CU0058,Reguler,P008,Roti Bakar Keju,Snack,L003,Jakarta Selatan,DKI Jakarta,5,20000,100000,Tidak Ada,,0.0,0,100000,COD,Selesai
TRX00407,2025-03-17,2025,3,March,Monday,Database POS,Database,C004,GrabFood,CU0128,Reguler,P004,Nasi Ayam Geprek,Makanan,L001,Bekasi,Jawa Barat,3,25000,75000,Diskon Produk,DISKON10,0.1,7500,0,QRIS,Refund
TRX00408,2025-03-17,2025,3,March,Monday,Excel Cabang,Excel,C001,POS Kasir,CU0141,Baru,P012,Dimsum Ayam,Makanan,L006,Bogor,Jawa Barat,1,28000,28000,Tidak Ada,,0.0,0,28000,QRIS,Selesai
TRX00409,2025-03-17,2025,3,March,Monday,Aplikasi Kasir Digital,POS,C003,GoFood,CU0117,Reseller,P010,Paket Hemat UMKM,Paket,L006,Bogor,Jawa Barat,2,45000,90000,Payday Sale,PAYDAY15,0.15,13500,76500,E-Wallet,Selesai
TRX00410,2025-03-18,2025,3,March,Tuesday,Aplikasi Kasir Digital,POS,C005,Tokopedia,CU0116,Baru,P006,Mie Ayam Jamur,Makanan,L005,Tangerang,Banten,2,24000,48000,Payday Sale,PAYDAY15,0.15,7200,40800,Transfer Bank,Selesai
TRX00411,2025-03-18,2025,3,March,Tuesday,Aplikasi Kasir Digital,POS,C003,GoFood,CU0012,Loyal,P006,Mie Ayam Jamur,Makanan,L006,Bogor,Jawa Barat,2,24000,48000,Payday Sale,PAYDAY15,0.15,7200,40800,COD,Selesai
TRX00412,2025-03-18,2025,3,March,Tuesday,Database POS,Database,C006,Website,CU0049,Baru,P012,Dimsum Ayam,Makanan,L006,Bogor,Jawa Barat,1,28000,28000,Payday Sale,PAYDAY15,0.15,4200,23800,COD,Selesai
TRX00413,2025-03-18,2025,3,March,Tuesday,Excel Cabang,Excel,C003,GoFood,CU0163,Loyal,P004,Nasi Ayam Geprek,Makanan,L006,Bogor,Jawa Barat,3,25000,75000,Tidak Ada,,0.0,0,75000,Kartu Debit,Selesai
TRX00414,2025-03-18,2025,3,March,Tuesday,Aplikasi Kasir Digital,POS,C006,Website,CU0128,Baru,P008,Roti Bakar Keju,Snack,L004,Depok,Jawa Barat,4,20000,80000,Tidak Ada,,0.0,0,80000,QRIS,Selesai
TRX00415,2025-03-19,2025,3,March,Wednesday,Aplikasi Kasir Digital,POS,C002,ShopeeFood,CU0027,Reguler,P008,Roti Bakar Keju,Snack,L005,Tangerang,Banten,1,20000,20000,Flash Sale,FLASH20,0.2,4000,16000,Kartu Debit,Selesai
TRX00416,2025-03-19,2025,3,March,Wednesday,Database POS,Database,C004,GrabFood,CU0064,Baru,P006,Mie Ayam Jamur,Makanan,L005,Tangerang,Banten,5,24000,120000,Flash Sale,FLASH20,0.2,24000,0,E-Wallet,Refund
TRX00417,2025-03-19,2025,3,March,Wednesday,Database POS,Database,C002,ShopeeFood,CU0132,Baru,P008,Roti Bakar Keju,Snack,L002,Jakarta Timur,DKI Jakarta,2,20000,40000,Flash Sale,FLASH20,0.2,8000,32000,Kartu Debit,Selesai
TRX00418,2025-03-19,2025,3,March,Wednesday,CSV Marketplace,CSV,C005,Tokopedia,CU0075,Reguler,P012,Dimsum Ayam,Makanan,L006,Bogor,Jawa Barat,1,28000,28000,Payday Sale,PAYDAY15,0.15,4200,0,Transfer Bank,Refund
TRX00419,2025-03-19,2025,3,March,Wednesday,Aplikasi Kasir Digital,POS,C005,Tokopedia,CU0030,Loyal,P011,Paket Kopi dan Snack,Paket,L002,Jakarta Timur,DKI Jakarta,2,35000,70000,Diskon Produk,DISKON10,0.1,7000,63000,Kartu Debit,Selesai
TRX00420,2025-03-19,2025,3,March,Wednesday,Database POS,Database,C006,Website,CU0137,Baru,P010,Paket Hemat UMKM,Paket,L006,Bogor,Jawa Barat,2,45000,90000,Flash Sale,FLASH20,0.2,18000,72000,COD,Selesai
TRX00421,2025-03-19,2025,3,March,Wednesday,Database POS,Database,C001,POS Kasir,CU0052,Baru,P009,Keripik Singkong,Snack,L001,Bekasi,Jawa Barat,1,16000,16000,Payday Sale,PAYDAY15,0.15,2400,0,Transfer Bank,Refund
TRX00422,2025-03-19,2025,3,March,Wednesday,Excel Cabang,Excel,C002,ShopeeFood,CU0139,Baru,P011,Paket Kopi dan Snack,Paket,L003,Jakarta Selatan,DKI Jakarta,2,35000,70000,Diskon Produk,DISKON10,0.1,7000,63000,COD,Selesai
TRX00423,2025-03-20,2025,3,March,Thursday,CSV Marketplace,CSV,C004,GrabFood,CU0179,Baru,P011,Paket Kopi dan Snack,Paket,L005,Tangerang,Banten,2,35000,70000,Payday Sale,PAYDAY15,0.15,10500,0,QRIS,Dibatalkan
TRX00424,2025-03-20,2025,3,March,Thursday,API Marketplace,API,C006,Website,CU0065,Baru,P007,Brownies Cokelat,Snack,L004,Depok,Jawa Barat,4,30000,120000,Tidak Ada,,0.0,0,120000,COD,Selesai
TRX00425,2025-03-20,2025,3,March,Thursday,API Marketplace,API,C006,Website,CU0155,Baru,P011,Paket Kopi dan Snack,Paket,L006,Bogor,Jawa Barat,3,35000,105000,Voucher Ongkir,ONGKIR5,0.05,5250,99750,Transfer Bank,Selesai
TRX00426,2025-03-20,2025,3,March,Thursday,CSV Marketplace,CSV,C001,POS Kasir,CU0031,Reguler,P003,Teh Lemon,Minuman,L006,Bogor,Jawa Barat,4,15000,60000,Payday Sale,PAYDAY15,0.15,9000,51000,COD,Selesai
TRX00427,2025-03-20,2025,3,March,Thursday,Aplikasi Kasir Digital,POS,C002,ShopeeFood,CU0120,Loyal,P005,Nasi Goreng Spesial,Makanan,L002,Jakarta Timur,DKI Jakarta,3,27000,81000,Tidak Ada,,0.0,0,81000,Transfer Bank,Selesai
TRX00428,2025-03-20,2025,3,March,Thursday,Aplikasi Kasir Digital,POS,C001,POS Kasir,CU0147,Reguler,P006,Mie Ayam Jamur,Makanan,L005,Tangerang,Banten,3,24000,72000,Diskon Produk,DISKON10,0.1,7200,64800,QRIS,Selesai
TRX00429,2025-03-21,2025,3,March,Friday,Excel Cabang,Excel,C005,Tokopedia,CU0140,Reguler,P004,Nasi Ayam Geprek,Makanan,L002,Jakarta Timur,DKI Jakarta,3,25000,75000,Tidak Ada,,0.0,0,75000,QRIS,Selesai
TRX00430,2025-03-21,2025,3,March,Friday,API Marketplace,API,C003,GoFood,CU0159,Reguler,P004,Nasi Ayam Geprek,Makanan,L006,Bogor,Jawa Barat,1,25000,25000,Tidak Ada,,0.0,0,25000,Kartu Debit,Selesai
TRX00431,2025-03-21,2025,3,March,Friday,API Marketplace,API,C001,POS Kasir,CU0158,Reseller,P011,Paket Kopi dan Snack,Paket,L001,Bekasi,Jawa Barat,1,35000,35000,Flash Sale,FLASH20,0.2,7000,0,Transfer Bank,Dibatalkan
TRX00432,2025-03-21,2025,3,March,Friday,Excel Cabang,Excel,C004,GrabFood,CU0073,Baru,P011,Paket Kopi dan Snack,Paket,L003,Jakarta Selatan,DKI Jakarta,1,35000,35000,Voucher Ongkir,ONGKIR5,0.05,1750,33250,Kartu Debit,Selesai
TRX00433,2025-03-21,2025,3,March,Friday,Database POS,Database,C005,Tokopedia,CU0167,Baru,P006,Mie Ayam Jamur,Makanan,L005,Tangerang,Banten,2,24000,48000,Diskon Produk,DISKON10,0.1,4800,43200,Kartu Debit,Selesai
TRX00434,2025-03-21,2025,3,March,Friday,Aplikasi Kasir Digital,POS,C005,Tokopedia,CU0172,Reguler,P002,Es Kopi Latte,Minuman,L002,Jakarta Timur,DKI Jakarta,1,22000,22000,Tidak Ada,,0.0,0,22000,Transfer Bank,Selesai
TRX00435,2025-03-21,2025,3,March,Friday,Aplikasi Kasir Digital,POS,C002,ShopeeFood,CU0112,Reguler,P007,Brownies Cokelat,Snack,L001,Bekasi,Jawa Barat,3,30000,90000,Flash Sale,FLASH20,0.2,18000,72000,QRIS,Selesai
TRX00436,2025-03-22,2025,3,March,Saturday,Excel Cabang,Excel,C001,POS Kasir,CU0065,Reguler,P012,Dimsum Ayam,Makanan,L003,Jakarta Selatan,DKI Jakarta,1,28000,28000,Tidak Ada,,0.0,0,28000,Kartu Debit,Selesai
TRX00437,2025-03-22,2025,3,March,Saturday,Database POS,Database,C004,GrabFood,CU0005,Reguler,P005,Nasi Goreng Spesial,Makanan,L004,Depok,Jawa Barat,2,27000,54000,Diskon Produk,DISKON10,0.1,5400,48600,QRIS,Selesai
TRX00438,2025-03-22,2025,3,March,Saturday,Excel Cabang,Excel,C005,Tokopedia,CU0180,Loyal,P011,Paket Kopi dan Snack,Paket,L006,Bogor,Jawa Barat,3,35000,105000,Voucher Ongkir,ONGKIR5,0.05,5250,0,E-Wallet,Dibatalkan
TRX00439,2025-03-22,2025,3,March,Saturday,API Marketplace,API,C006,Website,CU0113,Reguler,P002,Es Kopi Latte,Minuman,L003,Jakarta Selatan,DKI Jakarta,2,22000,44000,Diskon Produk,DISKON10,0.1,4400,39600,QRIS,Selesai
TRX00440,2025-03-22,2025,3,March,Saturday,Database POS,Database,C002,ShopeeFood,CU0076,Reseller,P009,Keripik Singkong,Snack,L002,Jakarta Timur,DKI Jakarta,3,16000,48000,Flash Sale,FLASH20,0.2,9600,38400,Transfer Bank,Selesai
TRX00441,2025-03-22,2025,3,March,Saturday,Excel Cabang,Excel,C003,GoFood,CU0032,Baru,P012,Dimsum Ayam,Makanan,L006,Bogor,Jawa Barat,2,28000,56000,Voucher Ongkir,ONGKIR5,0.05,2800,53200,Kartu Debit,Selesai
TRX00442,2025-03-22,2025,3,March,Saturday,API Marketplace,API,C001,POS Kasir,CU0089,Baru,P009,Keripik Singkong,Snack,L005,Tangerang,Banten,1,16000,16000,Payday Sale,PAYDAY15,0.15,2400,13600,Kartu Debit,Selesai
TRX00443,2025-03-23,2025,3,March,Sunday,CSV Marketplace,CSV,C001,POS Kasir,CU0014,Loyal,P005,Nasi Goreng Spesial,Makanan,L002,Jakarta Timur,DKI Jakarta,2,27000,54000,Voucher Ongkir,ONGKIR5,0.05,2700,51300,Kartu Debit,Selesai
TRX00444,2025-03-23,2025,3,March,Sunday,Excel Cabang,Excel,C003,GoFood,CU0149,Reguler,P009,Keripik Singkong,Snack,L001,Bekasi,Jawa Barat,1,16000,16000,Tidak Ada,,0.0,0,16000,E-Wallet,Selesai
TRX00445,2025-03-23,2025,3,March,Sunday,Excel Cabang,Excel,C002,ShopeeFood,CU0050,Reguler,P011,Paket Kopi dan Snack,Paket,L006,Bogor,Jawa Barat,1,35000,35000,Tidak Ada,,0.0,0,35000,COD,Selesai
TRX00446,2025-03-23,2025,3,March,Sunday,Aplikasi Kasir Digital,POS,C006,Website,CU0081,Reseller,P011,Paket Kopi dan Snack,Paket,L003,Jakarta Selatan,DKI Jakarta,1,35000,35000,Voucher Ongkir,ONGKIR5,0.05,1750,33250,Transfer Bank,Selesai
TRX00447,2025-03-23,2025,3,March,Sunday,Database POS,Database,C006,Website,CU0174,Loyal,P004,Nasi Ayam Geprek,Makanan,L002,Jakarta Timur,DKI Jakarta,1,25000,25000,Diskon Produk,DISKON10,0.1,2500,22500,COD,Selesai
TRX00448,2025-03-23,2025,3,March,Sunday,Aplikasi Kasir Digital,POS,C004,GrabFood,CU0021,Loyal,P006,Mie Ayam Jamur,Makanan,L003,Jakarta Selatan,DKI Jakarta,1,24000,24000,Payday Sale,PAYDAY15,0.15,3600,20400,Transfer Bank,Selesai
TRX00449,2025-03-23,2025,3,March,Sunday,Excel Cabang,Excel,C006,Website,CU0130,Reguler,P004,Nasi Ayam Geprek,Makanan,L003,Jakarta Selatan,DKI Jakarta,2,25000,50000,Flash Sale,FLASH20,0.2,10000,40000,Kartu Debit,Selesai
TRX00450,2025-03-23,2025,3,March,Sunday,Aplikasi Kasir Digital,POS,C001,POS Kasir,CU0139,Reguler,P010,Paket Hemat UMKM,Paket,L002,Jakarta Timur,DKI Jakarta,1,45000,45000,Flash Sale,FLASH20,0.2,9000,36000,Transfer Bank,Selesai
TRX00451,2025-03-24,2025,3,March,Monday,Database POS,Database,C002,ShopeeFood,CU0094,Reguler,P012,Dimsum Ayam,Makanan,L003,Jakarta Selatan,DKI Jakarta,2,28000,56000,Tidak Ada,,0.0,0,56000,Transfer Bank,Selesai
TRX00452,2025-03-24,2025,3,March,Monday,Aplikasi Kasir Digital,POS,C002,ShopeeFood,CU0145,Reseller,P010,Paket Hemat UMKM,Paket,L006,Bogor,Jawa Barat,1,45000,45000,Tidak Ada,,0.0,0,45000,Transfer Bank,Selesai
TRX00453,2025-03-24,2025,3,March,Monday,CSV Marketplace,CSV,C001,POS Kasir,CU0068,Reguler,P008,Roti Bakar Keju,Snack,L003,Jakarta Selatan,DKI Jakarta,3,20000,60000,Tidak Ada,,0.0,0,60000,QRIS,Selesai
TRX00454,2025-03-24,2025,3,March,Monday,Database POS,Database,C004,GrabFood,CU0011,Reseller,P009,Keripik Singkong,Snack,L003,Jakarta Selatan,DKI Jakarta,4,16000,64000,Flash Sale,FLASH20,0.2,12800,51200,E-Wallet,Selesai
TRX00455,2025-03-24,2025,3,March,Monday,API Marketplace,API,C003,GoFood,CU0097,Reguler,P009,Keripik Singkong,Snack,L006,Bogor,Jawa Barat,2,16000,32000,Voucher Ongkir,ONGKIR5,0.05,1600,30400,E-Wallet,Selesai
TRX00456,2025-03-24,2025,3,March,Monday,Database POS,Database,C003,GoFood,CU0104,Reguler,P002,Es Kopi Latte,Minuman,L005,Tangerang,Banten,5,22000,110000,Tidak Ada,,0.0,0,110000,E-Wallet,Selesai
TRX00457,2025-03-25,2025,3,March,Tuesday,CSV Marketplace,CSV,C004,GrabFood,CU0072,Baru,P009,Keripik Singkong,Snack,L002,Jakarta Timur,DKI Jakarta,1,16000,16000,Voucher Ongkir,ONGKIR5,0.05,800,15200,Transfer Bank,Selesai
TRX00458,2025-03-25,2025,3,March,Tuesday,CSV Marketplace,CSV,C001,POS Kasir,CU0030,Reguler,P010,Paket Hemat UMKM,Paket,L006,Bogor,Jawa Barat,1,45000,45000,Diskon Produk,DISKON10,0.1,4500,40500,COD,Selesai
TRX00459,2025-03-25,2025,3,March,Tuesday,Database POS,Database,C006,Website,CU0147,Reguler,P010,Paket Hemat UMKM,Paket,L002,Jakarta Timur,DKI Jakarta,1,45000,45000,Tidak Ada,,0.0,0,45000,Transfer Bank,Selesai
TRX00460,2025-03-25,2025,3,March,Tuesday,Excel Cabang,Excel,C002,ShopeeFood,CU0133,Reseller,P001,Kopi Susu Gula Aren,Minuman,L005,Tangerang,Banten,1,18000,18000,Flash Sale,FLASH20,0.2,3600,0,Kartu Debit,Refund
TRX00461,2025-03-25,2025,3,March,Tuesday,API Marketplace,API,C006,Website,CU0156,Reseller,P011,Paket Kopi dan Snack,Paket,L001,Bekasi,Jawa Barat,4,35000,140000,Tidak Ada,,0.0,0,140000,COD,Selesai
TRX00462,2025-03-25,2025,3,March,Tuesday,Aplikasi Kasir Digital,POS,C002,ShopeeFood,CU0169,Reguler,P007,Brownies Cokelat,Snack,L005,Tangerang,Banten,3,30000,90000,Tidak Ada,,0.0,0,90000,Transfer Bank,Selesai
TRX00463,2025-03-25,2025,3,March,Tuesday,Aplikasi Kasir Digital,POS,C005,Tokopedia,CU0034,Baru,P006,Mie Ayam Jamur,Makanan,L004,Depok,Jawa Barat,1,24000,24000,Diskon Produk,DISKON10,0.1,2400,21600,Transfer Bank,Selesai
TRX00464,2025-03-25,2025,3,March,Tuesday,CSV Marketplace,CSV,C004,GrabFood,CU0158,Reguler,P009,Keripik Singkong,Snack,L006,Bogor,Jawa Barat,2,16000,32000,Tidak Ada,,0.0,0,32000,Kartu Debit,Selesai
TRX00465,2025-03-25,2025,3,March,Tuesday,CSV Marketplace,CSV,C004,GrabFood,CU0001,Loyal,P002,Es Kopi Latte,Minuman,L001,Bekasi,Jawa Barat,4,22000,88000,Voucher Ongkir,ONGKIR5,0.05,4400,83600,COD,Selesai
TRX00466,2025-03-25,2025,3,March,Tuesday,Aplikasi Kasir Digital,POS,C006,Website,CU0124,Loyal,P006,Mie Ayam Jamur,Makanan,L001,Bekasi,Jawa Barat,1,24000,24000,Flash Sale,FLASH20,0.2,4800,19200,COD,Selesai
TRX00467,2025-03-26,2025,3,March,Wednesday,Excel Cabang,Excel,C002,ShopeeFood,CU0105,Baru,P005,Nasi Goreng Spesial,Makanan,L004,Depok,Jawa Barat,1,27000,27000,Flash Sale,FLASH20,0.2,5400,21600,QRIS,Selesai
TRX00468,2025-03-26,2025,3,March,Wednesday,Excel Cabang,Excel,C005,Tokopedia,CU0053,Reguler,P001,Kopi Susu Gula Aren,Minuman,L005,Tangerang,Banten,2,18000,36000,Diskon Produk,DISKON10,0.1,3600,32400,E-Wallet,Selesai
TRX00469,2025-03-26,2025,3,March,Wednesday,Aplikasi Kasir Digital,POS,C004,GrabFood,CU0109,Reguler,P002,Es Kopi Latte,Minuman,L002,Jakarta Timur,DKI Jakarta,1,22000,22000,Flash Sale,FLASH20,0.2,4400,17600,Kartu Debit,Selesai
TRX00470,2025-03-26,2025,3,March,Wednesday,Database POS,Database,C002,ShopeeFood,CU0046,Reguler,P011,Paket Kopi dan Snack,Paket,L004,Depok,Jawa Barat,2,35000,70000,Voucher Ongkir,ONGKIR5,0.05,3500,66500,Kartu Debit,Selesai
TRX00471,2025-03-26,2025,3,March,Wednesday,Database POS,Database,C003,GoFood,CU0169,Baru,P005,Nasi Goreng Spesial,Makanan,L005,Tangerang,Banten,2,27000,54000,Flash Sale,FLASH20,0.2,10800,43200,Transfer Bank,Selesai
TRX00472,2025-03-26,2025,3,March,Wednesday,CSV Marketplace,CSV,C001,POS Kasir,CU0141,Reguler,P012,Dimsum Ayam,Makanan,L002,Jakarta Timur,DKI Jakarta,2,28000,56000,Payday Sale,PAYDAY15,0.15,8400,47600,QRIS,Selesai
TRX00473,2025-03-27,2025,3,March,Thursday,Excel Cabang,Excel,C004,GrabFood,CU0021,Reguler,P008,Roti Bakar Keju,Snack,L005,Tangerang,Banten,1,20000,20000,Tidak Ada,,0.0,0,0,COD,Dibatalkan
TRX00474,2025-03-27,2025,3,March,Thursday,Aplikasi Kasir Digital,POS,C006,Website,CU0015,Reseller,P007,Brownies Cokelat,Snack,L005,Tangerang,Banten,1,30000,30000,Bundling,BUNDLE12,0.12,3600,26400,Transfer Bank,Selesai
TRX00475,2025-03-27,2025,3,March,Thursday,Aplikasi Kasir Digital,POS,C002,ShopeeFood,CU0154,Reguler,P008,Roti Bakar Keju,Snack,L001,Bekasi,Jawa Barat,1,20000,20000,Tidak Ada,,0.0,0,20000,Transfer Bank,Selesai
TRX00476,2025-03-27,2025,3,March,Thursday,CSV Marketplace,CSV,C003,GoFood,CU0023,Reseller,P011,Paket Kopi dan Snack,Paket,L001,Bekasi,Jawa Barat,2,35000,70000,Bundling,BUNDLE12,0.12,8400,61600,COD,Selesai
TRX00477,2025-03-27,2025,3,March,Thursday,CSV Marketplace,CSV,C005,Tokopedia,CU0018,Reseller,P007,Brownies Cokelat,Snack,L004,Depok,Jawa Barat,2,30000,60000,Payday Sale,PAYDAY15,0.15,9000,51000,Kartu Debit,Selesai
TRX00478,2025-03-28,2025,3,March,Friday,Database POS,Database,C002,ShopeeFood,CU0067,Baru,P004,Nasi Ayam Geprek,Makanan,L005,Tangerang,Banten,4,25000,100000,Voucher Ongkir,ONGKIR5,0.05,5000,95000,Kartu Debit,Selesai
TRX00479,2025-03-28,2025,3,March,Friday,API Marketplace,API,C003,GoFood,CU0066,Loyal,P002,Es Kopi Latte,Minuman,L005,Tangerang,Banten,4,22000,88000,Flash Sale,FLASH20,0.2,17600,70400,Kartu Debit,Selesai
TRX00480,2025-03-28,2025,3,March,Friday,Database POS,Database,C005,Tokopedia,CU0118,Reguler,P008,Roti Bakar Keju,Snack,L004,Depok,Jawa Barat,3,20000,60000,Payday Sale,PAYDAY15,0.15,9000,51000,Kartu Debit,Selesai
TRX00481,2025-03-28,2025,3,March,Friday,Excel Cabang,Excel,C003,GoFood,CU0057,Reguler,P008,Roti Bakar Keju,Snack,L001,Bekasi,Jawa Barat,1,20000,20000,Payday Sale,PAYDAY15,0.15,3000,17000,Transfer Bank,Selesai
TRX00482,2025-03-28,2025,3,March,Friday,Aplikasi Kasir Digital,POS,C005,Tokopedia,CU0064,Baru,P007,Brownies Cokelat,Snack,L003,Jakarta Selatan,DKI Jakarta,1,30000,30000,Flash Sale,FLASH20,0.2,6000,24000,COD,Selesai
TRX00483,2025-03-28,2025,3,March,Friday,CSV Marketplace,CSV,C005,Tokopedia,CU0147,Baru,P006,Mie Ayam Jamur,Makanan,L001,Bekasi,Jawa Barat,2,24000,48000,Diskon Produk,DISKON10,0.1,4800,43200,Transfer Bank,Selesai
TRX00484,2025-03-28,2025,3,March,Friday,CSV Marketplace,CSV,C006,Website,CU0052,Loyal,P004,Nasi Ayam Geprek,Makanan,L002,Jakarta Timur,DKI Jakarta,3,25000,75000,Tidak Ada,,0.0,0,75000,Kartu Debit,Selesai
TRX00485,2025-03-28,2025,3,March,Friday,Database POS,Database,C001,POS Kasir,CU0139,Reseller,P002,Es Kopi Latte,Minuman,L001,Bekasi,Jawa Barat,2,22000,44000,Payday Sale,PAYDAY15,0.15,6600,37400,COD,Selesai
TRX00486,2025-03-28,2025,3,March,Friday,API Marketplace,API,C005,Tokopedia,CU0131,Baru,P006,Mie Ayam Jamur,Makanan,L004,Depok,Jawa Barat,2,24000,48000,Bundling,BUNDLE12,0.12,5760,42240,Transfer Bank,Selesai
TRX00487,2025-03-29,2025,3,March,Saturday,Excel Cabang,Excel,C005,Tokopedia,CU0176,Loyal,P007,Brownies Cokelat,Snack,L004,Depok,Jawa Barat,2,30000,60000,Diskon Produk,DISKON10,0.1,6000,0,COD,Refund
TRX00488,2025-03-29,2025,3,March,Saturday,API Marketplace,API,C004,GrabFood,CU0054,Reguler,P012,Dimsum Ayam,Makanan,L005,Tangerang,Banten,2,28000,56000,Tidak Ada,,0.0,0,56000,QRIS,Selesai
TRX00489,2025-03-29,2025,3,March,Saturday,Aplikasi Kasir Digital,POS,C002,ShopeeFood,CU0157,Reguler,P010,Paket Hemat UMKM,Paket,L003,Jakarta Selatan,DKI Jakarta,1,45000,45000,Diskon Produk,DISKON10,0.1,4500,40500,Transfer Bank,Selesai
TRX00490,2025-03-29,2025,3,March,Saturday,API Marketplace,API,C006,Website,CU0116,Baru,P004,Nasi Ayam Geprek,Makanan,L004,Depok,Jawa Barat,1,25000,25000,Diskon Produk,DISKON10,0.1,2500,0,Transfer Bank,Refund
TRX00491,2025-03-29,2025,3,March,Saturday,API Marketplace,API,C001,POS Kasir,CU0098,Baru,P011,Paket Kopi dan Snack,Paket,L002,Jakarta Timur,DKI Jakarta,3,35000,105000,Voucher Ongkir,ONGKIR5,0.05,5250,99750,Transfer Bank,Selesai
TRX00492,2025-03-29,2025,3,March,Saturday,Database POS,Database,C004,GrabFood,CU0162,Reguler,P001,Kopi Susu Gula Aren,Minuman,L002,Jakarta Timur,DKI Jakarta,1,18000,18000,Flash Sale,FLASH20,0.2,3600,14400,E-Wallet,Selesai
TRX00493,2025-03-29,2025,3,March,Saturday,Aplikasi Kasir Digital,POS,C005,Tokopedia,CU0042,Baru,P005,Nasi Goreng Spesial,Makanan,L003,Jakarta Selatan,DKI Jakarta,1,27000,27000,Tidak Ada,,0.0,0,27000,E-Wallet,Selesai
TRX00494,2025-03-29,2025,3,March,Saturday,API Marketplace,API,C004,GrabFood,CU0143,Reseller,P011,Paket Kopi dan Snack,Paket,L001,Bekasi,Jawa Barat,1,35000,35000,Diskon Produk,DISKON10,0.1,3500,31500,E-Wallet,Selesai
TRX00495,2025-03-30,2025,3,March,Sunday,Aplikasi Kasir Digital,POS,C002,ShopeeFood,CU0045,Reseller,P011,Paket Kopi dan Snack,Paket,L005,Tangerang,Banten,2,35000,70000,Payday Sale,PAYDAY15,0.15,10500,59500,E-Wallet,Selesai
TRX00496,2025-03-30,2025,3,March,Sunday,Database POS,Database,C004,GrabFood,CU0074,Reguler,P011,Paket Kopi dan Snack,Paket,L005,Tangerang,Banten,3,35000,105000,Diskon Produk,DISKON10,0.1,10500,94500,Transfer Bank,Selesai
TRX00497,2025-03-30,2025,3,March,Sunday,Aplikasi Kasir Digital,POS,C004,GrabFood,CU0019,Baru,P011,Paket Kopi dan Snack,Paket,L003,Jakarta Selatan,DKI Jakarta,2,35000,70000,Flash Sale,FLASH20,0.2,14000,56000,E-Wallet,Selesai
TRX00498,2025-03-30,2025,3,March,Sunday,API Marketplace,API,C003,GoFood,CU0114,Loyal,P006,Mie Ayam Jamur,Makanan,L006,Bogor,Jawa Barat,2,24000,48000,Diskon Produk,DISKON10,0.1,4800,43200,E-Wallet,Selesai
TRX00499,2025-03-30,2025,3,March,Sunday,CSV Marketplace,CSV,C004,GrabFood,CU0061,Reguler,P009,Keripik Singkong,Snack,L004,Depok,Jawa Barat,1,16000,16000,Tidak Ada,,0.0,0,16000,QRIS,Selesai
TRX00500,2025-03-30,2025,3,March,Sunday,Excel Cabang,Excel,C001,POS Kasir,CU0014,Baru,P007,Brownies Cokelat,Snack,L001,Bekasi,Jawa Barat,4,30000,120000,Voucher Ongkir,ONGKIR5,0.05,6000,114000,COD,Selesai
TRX00501,2025-03-30,2025,3,March,Sunday,Aplikasi Kasir Digital,POS,C003,GoFood,CU0100,Reguler,P002,Es Kopi Latte,Minuman,L001,Bekasi,Jawa Barat,1,22000,22000,Payday Sale,PAYDAY15,0.15,3300,18700,Transfer Bank,Selesai
TRX00502,2025-03-30,2025,3,March,Sunday,CSV Marketplace,CSV,C002,ShopeeFood,CU0009,Reguler,P008,Roti Bakar Keju,Snack,L006,Bogor,Jawa Barat,2,20000,40000,Tidak Ada,,0.0,0,40000,E-Wallet,Selesai
TRX00503,2025-03-30,2025,3,March,Sunday,Aplikasi Kasir Digital,POS,C003,GoFood,CU0179,Reguler,P008,Roti Bakar Keju,Snack,L005,Tangerang,Banten,1,20000,20000,Bundling,BUNDLE12,0.12,2400,17600,Kartu Debit,Selesai
TRX00504,2025-03-31,2025,3,March,Monday,API Marketplace,API,C005,Tokopedia,CU0059,Loyal,P011,Paket Kopi dan Snack,Paket,L006,Bogor,Jawa Barat,4,35000,140000,Voucher Ongkir,ONGKIR5,0.05,7000,133000,COD,Selesai
TRX00505,2025-03-31,2025,3,March,Monday,API Marketplace,API,C002,ShopeeFood,CU0035,Reguler,P007,Brownies Cokelat,Snack,L003,Jakarta Selatan,DKI Jakarta,1,30000,30000,Voucher Ongkir,ONGKIR5,0.05,1500,28500,COD,Selesai
TRX00506,2025-03-31,2025,3,March,Monday,API Marketplace,API,C004,GrabFood,CU0075,Reguler,P012,Dimsum Ayam,Makanan,L004,Depok,Jawa Barat,1,28000,28000,Diskon Produk,DISKON10,0.1,2800,25200,QRIS,Selesai
TRX00507,2025-03-31,2025,3,March,Monday,Database POS,Database,C005,Tokopedia,CU0166,Reguler,P004,Nasi Ayam Geprek,Makanan,L004,Depok,Jawa Barat,1,25000,25000,Tidak Ada,,0.0,0,25000,COD,Selesai
TRX00508,2025-03-31,2025,3,March,Monday,CSV Marketplace,CSV,C006,Website,CU0157,Loyal,P002,Es Kopi Latte,Minuman,L004,Depok,Jawa Barat,2,22000,44000,Payday Sale,PAYDAY15,0.15,6600,37400,E-Wallet,Selesai
TRX00509,2025-03-31,2025,3,March,Monday,Database POS,Database,C003,GoFood,CU0035,Baru,P012,Dimsum Ayam,Makanan,L005,Tangerang,Banten,1,28000,28000,Tidak Ada,,0.0,0,28000,COD,Selesai
TRX00510,2025-03-31,2025,3,March,Monday,Database POS,Database,C005,Tokopedia,CU0013,Reseller,P005,Nasi Goreng Spesial,Makanan,L006,Bogor,Jawa Barat,1,27000,27000,Tidak Ada,,0.0,0,27000,QRIS,Selesai
TRX00511,2025-03-31,2025,3,March,Monday,CSV Marketplace,CSV,C003,GoFood,CU0060,Baru,P002,Es Kopi Latte,Minuman,L003,Jakarta Selatan,DKI Jakarta,2,22000,44000,Payday Sale,PAYDAY15,0.15,6600,37400,QRIS,Selesai
TRX00512,2025-04-01,2025,4,April,Tuesday,Database POS,Database,C003,GoFood,CU0021,Loyal,P005,Nasi Goreng Spesial,Makanan,L004,Depok,Jawa Barat,2,27000,54000,Tidak Ada,,0.0,0,54000,Transfer Bank,Selesai
TRX00513,2025-04-01,2025,4,April,Tuesday,Database POS,Database,C005,Tokopedia,CU0065,Loyal,P007,Brownies Cokelat,Snack,L001,Bekasi,Jawa Barat,1,30000,30000,Flash Sale,FLASH20,0.2,6000,24000,QRIS,Selesai
TRX00514,2025-04-01,2025,4,April,Tuesday,Database POS,Database,C004,GrabFood,CU0051,Reguler,P012,Dimsum Ayam,Makanan,L002,Jakarta Timur,DKI Jakarta,1,28000,28000,Bundling,BUNDLE12,0.12,3360,24640,QRIS,Selesai
TRX00515,2025-04-01,2025,4,April,Tuesday,API Marketplace,API,C004,GrabFood,CU0011,Loyal,P004,Nasi Ayam Geprek,Makanan,L004,Depok,Jawa Barat,4,25000,100000,Tidak Ada,,0.0,0,100000,Kartu Debit,Selesai
TRX00516,2025-04-01,2025,4,April,Tuesday,API Marketplace,API,C006,Website,CU0171,Baru,P005,Nasi Goreng Spesial,Makanan,L004,Depok,Jawa Barat,1,27000,27000,Flash Sale,FLASH20,0.2,5400,21600,QRIS,Selesai
TRX00517,2025-04-01,2025,4,April,Tuesday,CSV Marketplace,CSV,C001,POS Kasir,CU0102,Loyal,P007,Brownies Cokelat,Snack,L003,Jakarta Selatan,DKI Jakarta,3,30000,90000,Voucher Ongkir,ONGKIR5,0.05,4500,0,QRIS,Refund
TRX00518,2025-04-02,2025,4,April,Wednesday,Excel Cabang,Excel,C003,GoFood,CU0176,Reguler,P010,Paket Hemat UMKM,Paket,L002,Jakarta Timur,DKI Jakarta,1,45000,45000,Voucher Ongkir,ONGKIR5,0.05,2250,42750,QRIS,Selesai
TRX00519,2025-04-02,2025,4,April,Wednesday,Aplikasi Kasir Digital,POS,C006,Website,CU0060,Reguler,P011,Paket Kopi dan Snack,Paket,L002,Jakarta Timur,DKI Jakarta,3,35000,105000,Tidak Ada,,0.0,0,105000,Kartu Debit,Selesai
TRX00520,2025-04-02,2025,4,April,Wednesday,CSV Marketplace,CSV,C006,Website,CU0035,Baru,P006,Mie Ayam Jamur,Makanan,L004,Depok,Jawa Barat,1,24000,24000,Diskon Produk,DISKON10,0.1,2400,21600,QRIS,Selesai
TRX00521,2025-04-02,2025,4,April,Wednesday,Aplikasi Kasir Digital,POS,C003,GoFood,CU0048,Reguler,P008,Roti Bakar Keju,Snack,L005,Tangerang,Banten,2,20000,40000,Tidak Ada,,0.0,0,40000,E-Wallet,Selesai
TRX00522,2025-04-02,2025,4,April,Wednesday,CSV Marketplace,CSV,C005,Tokopedia,CU0076,Loyal,P005,Nasi Goreng Spesial,Makanan,L005,Tangerang,Banten,1,27000,27000,Tidak Ada,,0.0,0,27000,Kartu Debit,Selesai
TRX00523,2025-04-02,2025,4,April,Wednesday,Database POS,Database,C005,Tokopedia,CU0159,Loyal,P001,Kopi Susu Gula Aren,Minuman,L006,Bogor,Jawa Barat,2,18000,36000,Flash Sale,FLASH20,0.2,7200,28800,Kartu Debit,Selesai
TRX00524,2025-04-02,2025,4,April,Wednesday,Aplikasi Kasir Digital,POS,C006,Website,CU0175,Reguler,P012,Dimsum Ayam,Makanan,L001,Bekasi,Jawa Barat,3,28000,84000,Tidak Ada,,0.0,0,84000,Kartu Debit,Selesai
TRX00525,2025-04-02,2025,4,April,Wednesday,API Marketplace,API,C004,GrabFood,CU0018,Baru,P005,Nasi Goreng Spesial,Makanan,L003,Jakarta Selatan,DKI Jakarta,1,27000,27000,Voucher Ongkir,ONGKIR5,0.05,1350,25650,Transfer Bank,Selesai
TRX00526,2025-04-03,2025,4,April,Thursday,Excel Cabang,Excel,C002,ShopeeFood,CU0100,Reguler,P002,Es Kopi Latte,Minuman,L004,Depok,Jawa Barat,1,22000,22000,Payday Sale,PAYDAY15,0.15,3300,18700,Kartu Debit,Selesai
TRX00527,2025-04-03,2025,4,April,Thursday,API Marketplace,API,C001,POS Kasir,CU0004,Reseller,P010,Paket Hemat UMKM,Paket,L003,Jakarta Selatan,DKI Jakarta,1,45000,45000,Payday Sale,PAYDAY15,0.15,6750,38250,Transfer Bank,Selesai
TRX00528,2025-04-03,2025,4,April,Thursday,Excel Cabang,Excel,C006,Website,CU0107,Loyal,P002,Es Kopi Latte,Minuman,L004,Depok,Jawa Barat,1,22000,22000,Payday Sale,PAYDAY15,0.15,3300,18700,QRIS,Selesai
TRX00529,2025-04-04,2025,4,April,Friday,API Marketplace,API,C001,POS Kasir,CU0133,Baru,P001,Kopi Susu Gula Aren,Minuman,L006,Bogor,Jawa Barat,1,18000,18000,Tidak Ada,,0.0,0,18000,Transfer Bank,Selesai
TRX00530,2025-04-04,2025,4,April,Friday,CSV Marketplace,CSV,C005,Tokopedia,CU0143,Loyal,P004,Nasi Ayam Geprek,Makanan,L002,Jakarta Timur,DKI Jakarta,2,25000,50000,Flash Sale,FLASH20,0.2,10000,40000,COD,Selesai
TRX00531,2025-04-04,2025,4,April,Friday,Database POS,Database,C003,GoFood,CU0027,Baru,P011,Paket Kopi dan Snack,Paket,L005,Tangerang,Banten,2,35000,70000,Diskon Produk,DISKON10,0.1,7000,63000,Transfer Bank,Selesai
TRX00532,2025-04-04,2025,4,April,Friday,CSV Marketplace,CSV,C006,Website,CU0091,Reseller,P009,Keripik Singkong,Snack,L003,Jakarta Selatan,DKI Jakarta,2,16000,32000,Voucher Ongkir,ONGKIR5,0.05,1600,0,Kartu Debit,Refund
TRX00533,2025-04-04,2025,4,April,Friday,Database POS,Database,C004,GrabFood,CU0062,Reguler,P006,Mie Ayam Jamur,Makanan,L003,Jakarta Selatan,DKI Jakarta,3,24000,72000,Diskon Produk,DISKON10,0.1,7200,64800,Transfer Bank,Selesai
TRX00534,2025-04-04,2025,4,April,Friday,API Marketplace,API,C003,GoFood,CU0102,Baru,P009,Keripik Singkong,Snack,L006,Bogor,Jawa Barat,4,16000,64000,Diskon Produk,DISKON10,0.1,6400,0,QRIS,Refund
TRX00535,2025-04-04,2025,4,April,Friday,CSV Marketplace,CSV,C005,Tokopedia,CU0077,Reseller,P010,Paket Hemat UMKM,Paket,L001,Bekasi,Jawa Barat,5,45000,225000,Diskon Produk,DISKON10,0.1,22500,202500,Transfer Bank,Selesai
TRX00536,2025-04-05,2025,4,April,Saturday,Aplikasi Kasir Digital,POS,C005,Tokopedia,CU0010,Reguler,P009,Keripik Singkong,Snack,L005,Tangerang,Banten,4,16000,64000,Tidak Ada,,0.0,0,64000,Transfer Bank,Selesai
TRX00537,2025-04-05,2025,4,April,Saturday,CSV Marketplace,CSV,C002,ShopeeFood,CU0147,Reguler,P006,Mie Ayam Jamur,Makanan,L005,Tangerang,Banten,1,24000,24000,Diskon Produk,DISKON10,0.1,2400,21600,Transfer Bank,Selesai
TRX00538,2025-04-05,2025,4,April,Saturday,CSV Marketplace,CSV,C004,GrabFood,CU0180,Reguler,P012,Dimsum Ayam,Makanan,L003,Jakarta Selatan,DKI Jakarta,2,28000,56000,Flash Sale,FLASH20,0.2,11200,44800,QRIS,Selesai
TRX00539,2025-04-05,2025,4,April,Saturday,Aplikasi Kasir Digital,POS,C006,Website,CU0086,Reguler,P005,Nasi Goreng Spesial,Makanan,L001,Bekasi,Jawa Barat,1,27000,27000,Payday Sale,PAYDAY15,0.15,4050,22950,COD,Selesai
TRX00540,2025-04-05,2025,4,April,Saturday,Aplikasi Kasir Digital,POS,C006,Website,CU0162,Reguler,P002,Es Kopi Latte,Minuman,L002,Jakarta Timur,DKI Jakarta,4,22000,88000,Payday Sale,PAYDAY15,0.15,13200,74800,E-Wallet,Selesai
TRX00541,2025-04-05,2025,4,April,Saturday,CSV Marketplace,CSV,C005,Tokopedia,CU0040,Baru,P006,Mie Ayam Jamur,Makanan,L005,Tangerang,Banten,1,24000,24000,Payday Sale,PAYDAY15,0.15,3600,0,COD,Refund
TRX00542,2025-04-05,2025,4,April,Saturday,Excel Cabang,Excel,C005,Tokopedia,CU0101,Baru,P010,Paket Hemat UMKM,Paket,L005,Tangerang,Banten,1,45000,45000,Diskon Produk,DISKON10,0.1,4500,40500,E-Wallet,Selesai
TRX00543,2025-04-05,2025,4,April,Saturday,Aplikasi Kasir Digital,POS,C001,POS Kasir,CU0129,Reguler,P010,Paket Hemat UMKM,Paket,L006,Bogor,Jawa Barat,1,45000,45000,Tidak Ada,,0.0,0,45000,Transfer Bank,Selesai
TRX00544,2025-04-06,2025,4,April,Sunday,Aplikasi Kasir Digital,POS,C006,Website,CU0135,Baru,P008,Roti Bakar Keju,Snack,L004,Depok,Jawa Barat,1,20000,20000,Payday Sale,PAYDAY15,0.15,3000,17000,QRIS,Selesai
TRX00545,2025-04-06,2025,4,April,Sunday,Aplikasi Kasir Digital,POS,C006,Website,CU0109,Reguler,P007,Brownies Cokelat,Snack,L003,Jakarta Selatan,DKI Jakarta,1,30000,30000,Payday Sale,PAYDAY15,0.15,4500,25500,Transfer Bank,Selesai
TRX00546,2025-04-06,2025,4,April,Sunday,API Marketplace,API,C001,POS Kasir,CU0114,Reguler,P010,Paket Hemat UMKM,Paket,L006,Bogor,Jawa Barat,1,45000,45000,Diskon Produk,DISKON10,0.1,4500,40500,COD,Selesai
TRX00547,2025-04-06,2025,4,April,Sunday,API Marketplace,API,C006,Website,CU0022,Baru,P004,Nasi Ayam Geprek,Makanan,L002,Jakarta Timur,DKI Jakarta,1,25000,25000,Payday Sale,PAYDAY15,0.15,3750,21250,QRIS,Selesai
TRX00548,2025-04-06,2025,4,April,Sunday,Excel Cabang,Excel,C003,GoFood,CU0079,Reguler,P010,Paket Hemat UMKM,Paket,L002,Jakarta Timur,DKI Jakarta,1,45000,45000,Flash Sale,FLASH20,0.2,9000,36000,QRIS,Selesai
TRX00549,2025-04-06,2025,4,April,Sunday,CSV Marketplace,CSV,C002,ShopeeFood,CU0141,Reguler,P012,Dimsum Ayam,Makanan,L005,Tangerang,Banten,2,28000,56000,Payday Sale,PAYDAY15,0.15,8400,47600,Transfer Bank,Selesai
TRX00550,2025-04-06,2025,4,April,Sunday,Aplikasi Kasir Digital,POS,C004,GrabFood,CU0066,Baru,P011,Paket Kopi dan Snack,Paket,L001,Bekasi,Jawa Barat,4,35000,140000,Voucher Ongkir,ONGKIR5,0.05,7000,133000,E-Wallet,Selesai
TRX00551,2025-04-06,2025,4,April,Sunday,Excel Cabang,Excel,C003,GoFood,CU0018,Reguler,P012,Dimsum Ayam,Makanan,L005,Tangerang,Banten,2,28000,56000,Flash Sale,FLASH20,0.2,11200,44800,E-Wallet,Selesai
TRX00552,2025-04-06,2025,4,April,Sunday,Excel Cabang,Excel,C001,POS Kasir,CU0099,Baru,P011,Paket Kopi dan Snack,Paket,L003,Jakarta Selatan,DKI Jakarta,1,35000,35000,Flash Sale,FLASH20,0.2,7000,28000,COD,Selesai
TRX00553,2025-04-06,2025,4,April,Sunday,Database POS,Database,C003,GoFood,CU0048,Baru,P012,Dimsum Ayam,Makanan,L001,Bekasi,Jawa Barat,3,28000,84000,Voucher Ongkir,ONGKIR5,0.05,4200,79800,COD,Selesai
TRX00554,2025-04-07,2025,4,April,Monday,API Marketplace,API,C003,GoFood,CU0005,Reguler,P004,Nasi Ayam Geprek,Makanan,L005,Tangerang,Banten,2,25000,50000,Payday Sale,PAYDAY15,0.15,7500,42500,E-Wallet,Selesai
TRX00555,2025-04-07,2025,4,April,Monday,API Marketplace,API,C005,Tokopedia,CU0100,Loyal,P005,Nasi Goreng Spesial,Makanan,L002,Jakarta Timur,DKI Jakarta,3,27000,81000,Payday Sale,PAYDAY15,0.15,12150,0,QRIS,Dibatalkan
TRX00556,2025-04-07,2025,4,April,Monday,API Marketplace,API,C002,ShopeeFood,CU0023,Loyal,P005,Nasi Goreng Spesial,Makanan,L002,Jakarta Timur,DKI Jakarta,3,27000,81000,Payday Sale,PAYDAY15,0.15,12150,0,Kartu Debit,Refund
TRX00557,2025-04-08,2025,4,April,Tuesday,Database POS,Database,C002,ShopeeFood,CU0085,Reguler,P004,Nasi Ayam Geprek,Makanan,L005,Tangerang,Banten,5,25000,125000,Flash Sale,FLASH20,0.2,25000,100000,Transfer Bank,Selesai
TRX00558,2025-04-08,2025,4,April,Tuesday,CSV Marketplace,CSV,C005,Tokopedia,CU0135,Reseller,P003,Teh Lemon,Minuman,L005,Tangerang,Banten,3,15000,45000,Diskon Produk,DISKON10,0.1,4500,0,COD,Refund
TRX00559,2025-04-08,2025,4,April,Tuesday,CSV Marketplace,CSV,C005,Tokopedia,CU0031,Baru,P003,Teh Lemon,Minuman,L006,Bogor,Jawa Barat,1,15000,15000,Voucher Ongkir,ONGKIR5,0.05,750,14250,Transfer Bank,Selesai
TRX00560,2025-04-08,2025,4,April,Tuesday,API Marketplace,API,C004,GrabFood,CU0164,Reseller,P006,Mie Ayam Jamur,Makanan,L004,Depok,Jawa Barat,1,24000,24000,Flash Sale,FLASH20,0.2,4800,19200,E-Wallet,Selesai
TRX00561,2025-04-08,2025,4,April,Tuesday,CSV Marketplace,CSV,C002,ShopeeFood,CU0158,Baru,P004,Nasi Ayam Geprek,Makanan,L001,Bekasi,Jawa Barat,1,25000,25000,Bundling,BUNDLE12,0.12,3000,22000,Kartu Debit,Selesai
TRX00562,2025-04-09,2025,4,April,Wednesday,Excel Cabang,Excel,C003,GoFood,CU0129,Loyal,P011,Paket Kopi dan Snack,Paket,L001,Bekasi,Jawa Barat,2,35000,70000,Voucher Ongkir,ONGKIR5,0.05,3500,66500,COD,Selesai
TRX00563,2025-04-09,2025,4,April,Wednesday,Database POS,Database,C004,GrabFood,CU0058,Baru,P006,Mie Ayam Jamur,Makanan,L002,Jakarta Timur,DKI Jakarta,2,24000,48000,Tidak Ada,,0.0,0,0,QRIS,Dibatalkan
TRX00564,2025-04-09,2025,4,April,Wednesday,CSV Marketplace,CSV,C006,Website,CU0113,Loyal,P007,Brownies Cokelat,Snack,L002,Jakarta Timur,DKI Jakarta,3,30000,90000,Tidak Ada,,0.0,0,90000,COD,Selesai
TRX00565,2025-04-09,2025,4,April,Wednesday,Database POS,Database,C004,GrabFood,CU0098,Loyal,P008,Roti Bakar Keju,Snack,L002,Jakarta Timur,DKI Jakarta,3,20000,60000,Payday Sale,PAYDAY15,0.15,9000,51000,COD,Selesai
TRX00566,2025-04-10,2025,4,April,Thursday,Excel Cabang,Excel,C004,GrabFood,CU0138,Reguler,P002,Es Kopi Latte,Minuman,L004,Depok,Jawa Barat,3,22000,66000,Tidak Ada,,0.0,0,66000,QRIS,Selesai
TRX00567,2025-04-10,2025,4,April,Thursday,CSV Marketplace,CSV,C001,POS Kasir,CU0078,Loyal,P009,Keripik Singkong,Snack,L006,Bogor,Jawa Barat,1,16000,16000,Diskon Produk,DISKON10,0.1,1600,14400,E-Wallet,Selesai
TRX00568,2025-04-10,2025,4,April,Thursday,Excel Cabang,Excel,C005,Tokopedia,CU0119,Loyal,P007,Brownies Cokelat,Snack,L003,Jakarta Selatan,DKI Jakarta,2,30000,60000,Flash Sale,FLASH20,0.2,12000,48000,COD,Selesai
TRX00569,2025-04-10,2025,4,April,Thursday,Aplikasi Kasir Digital,POS,C002,ShopeeFood,CU0035,Reguler,P009,Keripik Singkong,Snack,L001,Bekasi,Jawa Barat,4,16000,64000,Payday Sale,PAYDAY15,0.15,9600,54400,E-Wallet,Selesai
TRX00570,2025-04-10,2025,4,April,Thursday,CSV Marketplace,CSV,C005,Tokopedia,CU0083,Reguler,P003,Teh Lemon,Minuman,L004,Depok,Jawa Barat,3,15000,45000,Tidak Ada,,0.0,0,45000,Transfer Bank,Selesai
TRX00571,2025-04-11,2025,4,April,Friday,API Marketplace,API,C004,GrabFood,CU0131,Reguler,P002,Es Kopi Latte,Minuman,L006,Bogor,Jawa Barat,1,22000,22000,Payday Sale,PAYDAY15,0.15,3300,18700,Transfer Bank,Selesai
TRX00572,2025-04-11,2025,4,April,Friday,API Marketplace,API,C002,ShopeeFood,CU0039,Baru,P007,Brownies Cokelat,Snack,L001,Bekasi,Jawa Barat,2,30000,60000,Payday Sale,PAYDAY15,0.15,9000,51000,Transfer Bank,Selesai
TRX00573,2025-04-11,2025,4,April,Friday,API Marketplace,API,C004,GrabFood,CU0115,Baru,P012,Dimsum Ayam,Makanan,L001,Bekasi,Jawa Barat,1,28000,28000,Payday Sale,PAYDAY15,0.15,4200,23800,Transfer Bank,Selesai
TRX00574,2025-04-12,2025,4,April,Saturday,Database POS,Database,C001,POS Kasir,CU0002,Reguler,P010,Paket Hemat UMKM,Paket,L003,Jakarta Selatan,DKI Jakarta,2,45000,90000,Voucher Ongkir,ONGKIR5,0.05,4500,85500,COD,Selesai
TRX00575,2025-04-12,2025,4,April,Saturday,Database POS,Database,C004,GrabFood,CU0154,Baru,P010,Paket Hemat UMKM,Paket,L006,Bogor,Jawa Barat,1,45000,45000,Tidak Ada,,0.0,0,45000,Kartu Debit,Selesai
TRX00576,2025-04-12,2025,4,April,Saturday,Excel Cabang,Excel,C002,ShopeeFood,CU0090,Baru,P011,Paket Kopi dan Snack,Paket,L005,Tangerang,Banten,1,35000,35000,Tidak Ada,,0.0,0,35000,QRIS,Selesai
TRX00577,2025-04-12,2025,4,April,Saturday,Excel Cabang,Excel,C003,GoFood,CU0046,Baru,P010,Paket Hemat UMKM,Paket,L003,Jakarta Selatan,DKI Jakarta,1,45000,45000,Diskon Produk,DISKON10,0.1,4500,40500,E-Wallet,Selesai
TRX00578,2025-04-12,2025,4,April,Saturday,Aplikasi Kasir Digital,POS,C005,Tokopedia,CU0117,Loyal,P012,Dimsum Ayam,Makanan,L006,Bogor,Jawa Barat,3,28000,84000,Tidak Ada,,0.0,0,0,E-Wallet,Dibatalkan
TRX00579,2025-04-12,2025,4,April,Saturday,API Marketplace,API,C003,GoFood,CU0110,Loyal,P002,Es Kopi Latte,Minuman,L003,Jakarta Selatan,DKI Jakarta,3,22000,66000,Flash Sale,FLASH20,0.2,13200,52800,QRIS,Selesai
TRX00580,2025-04-13,2025,4,April,Sunday,Database POS,Database,C005,Tokopedia,CU0157,Baru,P005,Nasi Goreng Spesial,Makanan,L003,Jakarta Selatan,DKI Jakarta,2,27000,54000,Payday Sale,PAYDAY15,0.15,8100,45900,Kartu Debit,Selesai
TRX00581,2025-04-13,2025,4,April,Sunday,Database POS,Database,C001,POS Kasir,CU0074,Reguler,P011,Paket Kopi dan Snack,Paket,L005,Tangerang,Banten,2,35000,70000,Payday Sale,PAYDAY15,0.15,10500,59500,E-Wallet,Selesai
TRX00582,2025-04-13,2025,4,April,Sunday,CSV Marketplace,CSV,C003,GoFood,CU0162,Reguler,P010,Paket Hemat UMKM,Paket,L005,Tangerang,Banten,2,45000,90000,Voucher Ongkir,ONGKIR5,0.05,4500,85500,Transfer Bank,Selesai
TRX00583,2025-04-13,2025,4,April,Sunday,CSV Marketplace,CSV,C003,GoFood,CU0161,Loyal,P004,Nasi Ayam Geprek,Makanan,L006,Bogor,Jawa Barat,1,25000,25000,Tidak Ada,,0.0,0,25000,Transfer Bank,Selesai
TRX00584,2025-04-13,2025,4,April,Sunday,API Marketplace,API,C001,POS Kasir,CU0055,Baru,P007,Brownies Cokelat,Snack,L004,Depok,Jawa Barat,1,30000,30000,Flash Sale,FLASH20,0.2,6000,24000,Transfer Bank,Selesai
TRX00585,2025-04-13,2025,4,April,Sunday,API Marketplace,API,C003,GoFood,CU0002,Baru,P005,Nasi Goreng Spesial,Makanan,L001,Bekasi,Jawa Barat,2,27000,54000,Diskon Produk,DISKON10,0.1,5400,48600,E-Wallet,Selesai
TRX00586,2025-04-13,2025,4,April,Sunday,Excel Cabang,Excel,C005,Tokopedia,CU0087,Reseller,P012,Dimsum Ayam,Makanan,L005,Tangerang,Banten,3,28000,84000,Tidak Ada,,0.0,0,0,COD,Dibatalkan
TRX00587,2025-04-13,2025,4,April,Sunday,Database POS,Database,C002,ShopeeFood,CU0138,Loyal,P001,Kopi Susu Gula Aren,Minuman,L006,Bogor,Jawa Barat,1,18000,18000,Voucher Ongkir,ONGKIR5,0.05,900,17100,COD,Selesai
TRX00588,2025-04-14,2025,4,April,Monday,Aplikasi Kasir Digital,POS,C003,GoFood,CU0138,Baru,P001,Kopi Susu Gula Aren,Minuman,L005,Tangerang,Banten,2,18000,36000,Diskon Produk,DISKON10,0.1,3600,32400,Kartu Debit,Selesai
TRX00589,2025-04-14,2025,4,April,Monday,API Marketplace,API,C002,ShopeeFood,CU0097,Reguler,P006,Mie Ayam Jamur,Makanan,L001,Bekasi,Jawa Barat,3,24000,72000,Diskon Produk,DISKON10,0.1,7200,64800,Transfer Bank,Selesai
TRX00590,2025-04-14,2025,4,April,Monday,Excel Cabang,Excel,C005,Tokopedia,CU0081,Loyal,P007,Brownies Cokelat,Snack,L002,Jakarta Timur,DKI Jakarta,3,30000,90000,Payday Sale,PAYDAY15,0.15,13500,76500,E-Wallet,Selesai
TRX00591,2025-04-14,2025,4,April,Monday,Database POS,Database,C003,GoFood,CU0135,Reguler,P008,Roti Bakar Keju,Snack,L002,Jakarta Timur,DKI Jakarta,3,20000,60000,Diskon Produk,DISKON10,0.1,6000,54000,QRIS,Selesai
TRX00592,2025-04-14,2025,4,April,Monday,Database POS,Database,C001,POS Kasir,CU0129,Baru,P001,Kopi Susu Gula Aren,Minuman,L002,Jakarta Timur,DKI Jakarta,2,18000,36000,Payday Sale,PAYDAY15,0.15,5400,0,E-Wallet,Dibatalkan
TRX00593,2025-04-14,2025,4,April,Monday,API Marketplace,API,C003,GoFood,CU0133,Reguler,P012,Dimsum Ayam,Makanan,L005,Tangerang,Banten,1,28000,28000,Flash Sale,FLASH20,0.2,5600,22400,Transfer Bank,Selesai
TRX00594,2025-04-14,2025,4,April,Monday,Aplikasi Kasir Digital,POS,C004,GrabFood,CU0012,Reguler,P001,Kopi Susu Gula Aren,Minuman,L004,Depok,Jawa Barat,1,18000,18000,Diskon Produk,DISKON10,0.1,1800,16200,Kartu Debit,Selesai
TRX00595,2025-04-14,2025,4,April,Monday,Excel Cabang,Excel,C001,POS Kasir,CU0080,Baru,P006,Mie Ayam Jamur,Makanan,L004,Depok,Jawa Barat,2,24000,48000,Payday Sale,PAYDAY15,0.15,7200,40800,E-Wallet,Selesai
TRX00596,2025-04-15,2025,4,April,Tuesday,API Marketplace,API,C003,GoFood,CU0172,Baru,P004,Nasi Ayam Geprek,Makanan,L002,Jakarta Timur,DKI Jakarta,2,25000,50000,Payday Sale,PAYDAY15,0.15,7500,42500,Transfer Bank,Selesai
TRX00597,2025-04-15,2025,4,April,Tuesday,Aplikasi Kasir Digital,POS,C005,Tokopedia,CU0090,Reguler,P002,Es Kopi Latte,Minuman,L001,Bekasi,Jawa Barat,2,22000,44000,Tidak Ada,,0.0,0,44000,E-Wallet,Selesai
TRX00598,2025-04-15,2025,4,April,Tuesday,CSV Marketplace,CSV,C005,Tokopedia,CU0087,Reguler,P012,Dimsum Ayam,Makanan,L003,Jakarta Selatan,DKI Jakarta,1,28000,28000,Diskon Produk,DISKON10,0.1,2800,25200,QRIS,Selesai
TRX00599,2025-04-15,2025,4,April,Tuesday,Excel Cabang,Excel,C001,POS Kasir,CU0101,Baru,P008,Roti Bakar Keju,Snack,L006,Bogor,Jawa Barat,1,20000,20000,Tidak Ada,,0.0,0,20000,Kartu Debit,Selesai
TRX00600,2025-04-15,2025,4,April,Tuesday,Database POS,Database,C006,Website,CU0051,Loyal,P011,Paket Kopi dan Snack,Paket,L006,Bogor,Jawa Barat,2,35000,70000,Diskon Produk,DISKON10,0.1,7000,63000,Kartu Debit,Selesai
TRX00601,2025-04-16,2025,4,April,Wednesday,Database POS,Database,C006,Website,CU0165,Loyal,P003,Teh Lemon,Minuman,L001,Bekasi,Jawa Barat,1,15000,15000,Diskon Produk,DISKON10,0.1,1500,13500,COD,Selesai
TRX00602,2025-04-16,2025,4,April,Wednesday,API Marketplace,API,C005,Tokopedia,CU0180,Reseller,P004,Nasi Ayam Geprek,Makanan,L002,Jakarta Timur,DKI Jakarta,4,25000,100000,Diskon Produk,DISKON10,0.1,10000,90000,E-Wallet,Selesai
TRX00603,2025-04-16,2025,4,April,Wednesday,Excel Cabang,Excel,C004,GrabFood,CU0123,Reguler,P006,Mie Ayam Jamur,Makanan,L004,Depok,Jawa Barat,1,24000,24000,Tidak Ada,,0.0,0,24000,Transfer Bank,Selesai
TRX00604,2025-04-16,2025,4,April,Wednesday,CSV Marketplace,CSV,C005,Tokopedia,CU0028,Reguler,P006,Mie Ayam Jamur,Makanan,L005,Tangerang,Banten,2,24000,48000,Diskon Produk,DISKON10,0.1,4800,43200,QRIS,Selesai
TRX00605,2025-04-16,2025,4,April,Wednesday,Aplikasi Kasir Digital,POS,C004,GrabFood,CU0141,Baru,P009,Keripik Singkong,Snack,L004,Depok,Jawa Barat,1,16000,16000,Payday Sale,PAYDAY15,0.15,2400,13600,COD,Selesai
TRX00606,2025-04-16,2025,4,April,Wednesday,Aplikasi Kasir Digital,POS,C006,Website,CU0146,Loyal,P006,Mie Ayam Jamur,Makanan,L002,Jakarta Timur,DKI Jakarta,1,24000,24000,Bundling,BUNDLE12,0.12,2880,21120,Kartu Debit,Selesai
TRX00607,2025-04-16,2025,4,April,Wednesday,Excel Cabang,Excel,C006,Website,CU0125,Baru,P003,Teh Lemon,Minuman,L006,Bogor,Jawa Barat,2,15000,30000,Payday Sale,PAYDAY15,0.15,4500,25500,Kartu Debit,Selesai
TRX00608,2025-04-16,2025,4,April,Wednesday,CSV Marketplace,CSV,C004,GrabFood,CU0154,Baru,P009,Keripik Singkong,Snack,L001,Bekasi,Jawa Barat,1,16000,16000,Diskon Produk,DISKON10,0.1,1600,14400,Kartu Debit,Selesai
TRX00609,2025-04-17,2025,4,April,Thursday,Excel Cabang,Excel,C006,Website,CU0149,Reseller,P008,Roti Bakar Keju,Snack,L006,Bogor,Jawa Barat,1,20000,20000,Flash Sale,FLASH20,0.2,4000,16000,QRIS,Selesai
TRX00610,2025-04-17,2025,4,April,Thursday,Aplikasi Kasir Digital,POS,C004,GrabFood,CU0115,Baru,P011,Paket Kopi dan Snack,Paket,L002,Jakarta Timur,DKI Jakarta,1,35000,35000,Payday Sale,PAYDAY15,0.15,5250,29750,E-Wallet,Selesai
TRX00611,2025-04-17,2025,4,April,Thursday,API Marketplace,API,C004,GrabFood,CU0157,Reseller,P011,Paket Kopi dan Snack,Paket,L003,Jakarta Selatan,DKI Jakarta,5,35000,175000,Voucher Ongkir,ONGKIR5,0.05,8750,166250,COD,Selesai
TRX00612,2025-04-17,2025,4,April,Thursday,Aplikasi Kasir Digital,POS,C003,GoFood,CU0144,Loyal,P005,Nasi Goreng Spesial,Makanan,L001,Bekasi,Jawa Barat,4,27000,108000,Tidak Ada,,0.0,0,108000,E-Wallet,Selesai
TRX00613,2025-04-17,2025,4,April,Thursday,Database POS,Database,C002,ShopeeFood,CU0082,Loyal,P005,Nasi Goreng Spesial,Makanan,L001,Bekasi,Jawa Barat,2,27000,54000,Diskon Produk,DISKON10,0.1,5400,48600,COD,Selesai
TRX00614,2025-04-17,2025,4,April,Thursday,CSV Marketplace,CSV,C006,Website,CU0099,Loyal,P009,Keripik Singkong,Snack,L002,Jakarta Timur,DKI Jakarta,2,16000,32000,Tidak Ada,,0.0,0,32000,E-Wallet,Selesai
TRX00615,2025-04-17,2025,4,April,Thursday,CSV Marketplace,CSV,C006,Website,CU0005,Baru,P003,Teh Lemon,Minuman,L003,Jakarta Selatan,DKI Jakarta,1,15000,15000,Tidak Ada,,0.0,0,15000,COD,Selesai
TRX00616,2025-04-18,2025,4,April,Friday,Database POS,Database,C004,GrabFood,CU0109,Reguler,P003,Teh Lemon,Minuman,L006,Bogor,Jawa Barat,3,15000,45000,Payday Sale,PAYDAY15,0.15,6750,38250,COD,Selesai
TRX00617,2025-04-18,2025,4,April,Friday,API Marketplace,API,C004,GrabFood,CU0002,Reguler,P009,Keripik Singkong,Snack,L004,Depok,Jawa Barat,1,16000,16000,Diskon Produk,DISKON10,0.1,1600,14400,Transfer Bank,Selesai
TRX00618,2025-04-18,2025,4,April,Friday,Aplikasi Kasir Digital,POS,C005,Tokopedia,CU0146,Reguler,P005,Nasi Goreng Spesial,Makanan,L004,Depok,Jawa Barat,1,27000,27000,Bundling,BUNDLE12,0.12,3240,23760,E-Wallet,Selesai
TRX00619,2025-04-18,2025,4,April,Friday,CSV Marketplace,CSV,C001,POS Kasir,CU0072,Reguler,P008,Roti Bakar Keju,Snack,L006,Bogor,Jawa Barat,2,20000,40000,Voucher Ongkir,ONGKIR5,0.05,2000,38000,QRIS,Selesai
TRX00620,2025-04-19,2025,4,April,Saturday,Excel Cabang,Excel,C006,Website,CU0149,Reguler,P011,Paket Kopi dan Snack,Paket,L006,Bogor,Jawa Barat,2,35000,70000,Voucher Ongkir,ONGKIR5,0.05,3500,0,QRIS,Dibatalkan
TRX00621,2025-04-19,2025,4,April,Saturday,Database POS,Database,C004,GrabFood,CU0085,Reguler,P009,Keripik Singkong,Snack,L001,Bekasi,Jawa Barat,2,16000,32000,Voucher Ongkir,ONGKIR5,0.05,1600,30400,E-Wallet,Selesai
TRX00622,2025-04-19,2025,4,April,Saturday,API Marketplace,API,C005,Tokopedia,CU0016,Reguler,P001,Kopi Susu Gula Aren,Minuman,L006,Bogor,Jawa Barat,2,18000,36000,Voucher Ongkir,ONGKIR5,0.05,1800,34200,Kartu Debit,Selesai
TRX00623,2025-04-19,2025,4,April,Saturday,Aplikasi Kasir Digital,POS,C003,GoFood,CU0033,Reguler,P001,Kopi Susu Gula Aren,Minuman,L006,Bogor,Jawa Barat,1,18000,18000,Voucher Ongkir,ONGKIR5,0.05,900,17100,E-Wallet,Selesai
TRX00624,2025-04-19,2025,4,April,Saturday,API Marketplace,API,C003,GoFood,CU0045,Reseller,P010,Paket Hemat UMKM,Paket,L003,Jakarta Selatan,DKI Jakarta,1,45000,45000,Tidak Ada,,0.0,0,45000,Transfer Bank,Selesai
TRX00625,2025-04-19,2025,4,April,Saturday,CSV Marketplace,CSV,C003,GoFood,CU0009,Reguler,P006,Mie Ayam Jamur,Makanan,L002,Jakarta Timur,DKI Jakarta,2,24000,48000,Payday Sale,PAYDAY15,0.15,7200,0,QRIS,Refund
TRX00626,2025-04-20,2025,4,April,Sunday,Database POS,Database,C006,Website,CU0148,Loyal,P007,Brownies Cokelat,Snack,L002,Jakarta Timur,DKI Jakarta,2,30000,60000,Tidak Ada,,0.0,0,60000,E-Wallet,Selesai
TRX00627,2025-04-20,2025,4,April,Sunday,CSV Marketplace,CSV,C001,POS Kasir,CU0122,Loyal,P005,Nasi Goreng Spesial,Makanan,L001,Bekasi,Jawa Barat,2,27000,54000,Voucher Ongkir,ONGKIR5,0.05,2700,51300,Kartu Debit,Selesai
TRX00628,2025-04-20,2025,4,April,Sunday,Database POS,Database,C004,GrabFood,CU0112,Baru,P011,Paket Kopi dan Snack,Paket,L006,Bogor,Jawa Barat,1,35000,35000,Voucher Ongkir,ONGKIR5,0.05,1750,33250,COD,Selesai
TRX00629,2025-04-20,2025,4,April,Sunday,Excel Cabang,Excel,C006,Website,CU0091,Reseller,P006,Mie Ayam Jamur,Makanan,L005,Tangerang,Banten,1,24000,24000,Voucher Ongkir,ONGKIR5,0.05,1200,22800,COD,Selesai
TRX00630,2025-04-20,2025,4,April,Sunday,API Marketplace,API,C003,GoFood,CU0168,Reguler,P011,Paket Kopi dan Snack,Paket,L003,Jakarta Selatan,DKI Jakarta,1,35000,35000,Tidak Ada,,0.0,0,35000,COD,Selesai
TRX00631,2025-04-20,2025,4,April,Sunday,Aplikasi Kasir Digital,POS,C006,Website,CU0174,Reguler,P012,Dimsum Ayam,Makanan,L002,Jakarta Timur,DKI Jakarta,3,28000,84000,Voucher Ongkir,ONGKIR5,0.05,4200,79800,Transfer Bank,Selesai
TRX00632,2025-04-20,2025,4,April,Sunday,Excel Cabang,Excel,C001,POS Kasir,CU0027,Reguler,P001,Kopi Susu Gula Aren,Minuman,L006,Bogor,Jawa Barat,1,18000,18000,Tidak Ada,,0.0,0,18000,E-Wallet,Selesai
TRX00633,2025-04-20,2025,4,April,Sunday,Excel Cabang,Excel,C002,ShopeeFood,CU0153,Reguler,P005,Nasi Goreng Spesial,Makanan,L003,Jakarta Selatan,DKI Jakarta,1,27000,27000,Tidak Ada,,0.0,0,0,Transfer Bank,Dibatalkan
TRX00634,2025-04-21,2025,4,April,Monday,CSV Marketplace,CSV,C005,Tokopedia,CU0166,Reguler,P002,Es Kopi Latte,Minuman,L001,Bekasi,Jawa Barat,1,22000,22000,Payday Sale,PAYDAY15,0.15,3300,18700,Transfer Bank,Selesai
TRX00635,2025-04-21,2025,4,April,Monday,API Marketplace,API,C003,GoFood,CU0164,Reguler,P012,Dimsum Ayam,Makanan,L002,Jakarta Timur,DKI Jakarta,2,28000,56000,Flash Sale,FLASH20,0.2,11200,44800,E-Wallet,Selesai
TRX00636,2025-04-21,2025,4,April,Monday,API Marketplace,API,C003,GoFood,CU0016,Reguler,P012,Dimsum Ayam,Makanan,L006,Bogor,Jawa Barat,1,28000,28000,Tidak Ada,,0.0,0,0,E-Wallet,Refund
TRX00637,2025-04-21,2025,4,April,Monday,Database POS,Database,C002,ShopeeFood,CU0052,Reguler,P005,Nasi Goreng Spesial,Makanan,L003,Jakarta Selatan,DKI Jakarta,1,27000,27000,Bundling,BUNDLE12,0.12,3240,23760,Transfer Bank,Selesai
TRX00638,2025-04-21,2025,4,April,Monday,Database POS,Database,C005,Tokopedia,CU0114,Loyal,P002,Es Kopi Latte,Minuman,L002,Jakarta Timur,DKI Jakarta,1,22000,22000,Payday Sale,PAYDAY15,0.15,3300,18700,QRIS,Selesai
TRX00639,2025-04-22,2025,4,April,Tuesday,Excel Cabang,Excel,C004,GrabFood,CU0164,Baru,P012,Dimsum Ayam,Makanan,L003,Jakarta Selatan,DKI Jakarta,3,28000,84000,Tidak Ada,,0.0,0,84000,QRIS,Selesai
TRX00640,2025-04-22,2025,4,April,Tuesday,API Marketplace,API,C006,Website,CU0132,Loyal,P005,Nasi Goreng Spesial,Makanan,L002,Jakarta Timur,DKI Jakarta,4,27000,108000,Voucher Ongkir,ONGKIR5,0.05,5400,102600,COD,Selesai
TRX00641,2025-04-22,2025,4,April,Tuesday,Aplikasi Kasir Digital,POS,C001,POS Kasir,CU0177,Loyal,P007,Brownies Cokelat,Snack,L006,Bogor,Jawa Barat,1,30000,30000,Diskon Produk,DISKON10,0.1,3000,27000,COD,Selesai
TRX00642,2025-04-22,2025,4,April,Tuesday,API Marketplace,API,C003,GoFood,CU0166,Baru,P009,Keripik Singkong,Snack,L003,Jakarta Selatan,DKI Jakarta,1,16000,16000,Payday Sale,PAYDAY15,0.15,2400,13600,Kartu Debit,Selesai
TRX00643,2025-04-22,2025,4,April,Tuesday,API Marketplace,API,C004,GrabFood,CU0011,Reseller,P006,Mie Ayam Jamur,Makanan,L001,Bekasi,Jawa Barat,2,24000,48000,Tidak Ada,,0.0,0,48000,Transfer Bank,Selesai
TRX00644,2025-04-23,2025,4,April,Wednesday,Database POS,Database,C003,GoFood,CU0049,Baru,P011,Paket Kopi dan Snack,Paket,L006,Bogor,Jawa Barat,1,35000,35000,Payday Sale,PAYDAY15,0.15,5250,29750,Transfer Bank,Selesai
TRX00645,2025-04-23,2025,4,April,Wednesday,Database POS,Database,C004,GrabFood,CU0079,Reguler,P010,Paket Hemat UMKM,Paket,L002,Jakarta Timur,DKI Jakarta,1,45000,45000,Voucher Ongkir,ONGKIR5,0.05,2250,0,COD,Refund
TRX00646,2025-04-23,2025,4,April,Wednesday,Excel Cabang,Excel,C003,GoFood,CU0104,Baru,P001,Kopi Susu Gula Aren,Minuman,L001,Bekasi,Jawa Barat,1,18000,18000,Payday Sale,PAYDAY15,0.15,2700,15300,Kartu Debit,Selesai
TRX00647,2025-04-23,2025,4,April,Wednesday,Aplikasi Kasir Digital,POS,C002,ShopeeFood,CU0037,Reguler,P011,Paket Kopi dan Snack,Paket,L005,Tangerang,Banten,1,35000,35000,Tidak Ada,,0.0,0,35000,QRIS,Selesai
TRX00648,2025-04-23,2025,4,April,Wednesday,CSV Marketplace,CSV,C002,ShopeeFood,CU0079,Loyal,P010,Paket Hemat UMKM,Paket,L001,Bekasi,Jawa Barat,1,45000,45000,Payday Sale,PAYDAY15,0.15,6750,38250,QRIS,Selesai
TRX00649,2025-04-23,2025,4,April,Wednesday,Excel Cabang,Excel,C001,POS Kasir,CU0158,Baru,P003,Teh Lemon,Minuman,L005,Tangerang,Banten,1,15000,15000,Voucher Ongkir,ONGKIR5,0.05,750,14250,Transfer Bank,Selesai
TRX00650,2025-04-24,2025,4,April,Thursday,Aplikasi Kasir Digital,POS,C005,Tokopedia,CU0055,Loyal,P002,Es Kopi Latte,Minuman,L006,Bogor,Jawa Barat,1,22000,22000,Flash Sale,FLASH20,0.2,4400,17600,Kartu Debit,Selesai
TRX00651,2025-04-24,2025,4,April,Thursday,CSV Marketplace,CSV,C003,GoFood,CU0095,Reguler,P002,Es Kopi Latte,Minuman,L001,Bekasi,Jawa Barat,3,22000,66000,Tidak Ada,,0.0,0,66000,COD,Selesai
TRX00652,2025-04-24,2025,4,April,Thursday,Excel Cabang,Excel,C002,ShopeeFood,CU0097,Loyal,P010,Paket Hemat UMKM,Paket,L001,Bekasi,Jawa Barat,3,45000,135000,Payday Sale,PAYDAY15,0.15,20250,114750,QRIS,Selesai
TRX00653,2025-04-24,2025,4,April,Thursday,CSV Marketplace,CSV,C001,POS Kasir,CU0152,Loyal,P002,Es Kopi Latte,Minuman,L001,Bekasi,Jawa Barat,4,22000,88000,Payday Sale,PAYDAY15,0.15,13200,74800,COD,Selesai
TRX00654,2025-04-24,2025,4,April,Thursday,CSV Marketplace,CSV,C002,ShopeeFood,CU0116,Reguler,P008,Roti Bakar Keju,Snack,L006,Bogor,Jawa Barat,1,20000,20000,Diskon Produk,DISKON10,0.1,2000,18000,Transfer Bank,Selesai
TRX00655,2025-04-24,2025,4,April,Thursday,Database POS,Database,C002,ShopeeFood,CU0078,Reguler,P001,Kopi Susu Gula Aren,Minuman,L005,Tangerang,Banten,2,18000,36000,Tidak Ada,,0.0,0,36000,QRIS,Selesai
TRX00656,2025-04-24,2025,4,April,Thursday,Excel Cabang,Excel,C005,Tokopedia,CU0139,Reguler,P004,Nasi Ayam Geprek,Makanan,L001,Bekasi,Jawa Barat,2,25000,50000,Flash Sale,FLASH20,0.2,10000,40000,COD,Selesai
TRX00657,2025-04-25,2025,4,April,Friday,Database POS,Database,C002,ShopeeFood,CU0012,Baru,P004,Nasi Ayam Geprek,Makanan,L001,Bekasi,Jawa Barat,2,25000,50000,Tidak Ada,,0.0,0,50000,E-Wallet,Selesai
TRX00658,2025-04-25,2025,4,April,Friday,Aplikasi Kasir Digital,POS,C003,GoFood,CU0012,Baru,P007,Brownies Cokelat,Snack,L003,Jakarta Selatan,DKI Jakarta,3,30000,90000,Payday Sale,PAYDAY15,0.15,13500,0,QRIS,Dibatalkan
TRX00659,2025-04-25,2025,4,April,Friday,Database POS,Database,C001,POS Kasir,CU0061,Loyal,P003,Teh Lemon,Minuman,L002,Jakarta Timur,DKI Jakarta,2,15000,30000,Tidak Ada,,0.0,0,30000,Kartu Debit,Selesai
TRX00660,2025-04-25,2025,4,April,Friday,API Marketplace,API,C006,Website,CU0059,Baru,P007,Brownies Cokelat,Snack,L002,Jakarta Timur,DKI Jakarta,1,30000,30000,Tidak Ada,,0.0,0,30000,COD,Selesai
TRX00661,2025-04-25,2025,4,April,Friday,Database POS,Database,C001,POS Kasir,CU0112,Baru,P007,Brownies Cokelat,Snack,L002,Jakarta Timur,DKI Jakarta,2,30000,60000,Tidak Ada,,0.0,0,60000,Kartu Debit,Selesai
TRX00662,2025-04-25,2025,4,April,Friday,Database POS,Database,C002,ShopeeFood,CU0070,Baru,P007,Brownies Cokelat,Snack,L003,Jakarta Selatan,DKI Jakarta,2,30000,60000,Payday Sale,PAYDAY15,0.15,9000,51000,Transfer Bank,Selesai
TRX00663,2025-04-25,2025,4,April,Friday,CSV Marketplace,CSV,C003,GoFood,CU0108,Baru,P010,Paket Hemat UMKM,Paket,L001,Bekasi,Jawa Barat,1,45000,45000,Voucher Ongkir,ONGKIR5,0.05,2250,42750,E-Wallet,Selesai
TRX00664,2025-04-26,2025,4,April,Saturday,Aplikasi Kasir Digital,POS,C005,Tokopedia,CU0134,Reguler,P010,Paket Hemat UMKM,Paket,L002,Jakarta Timur,DKI Jakarta,3,45000,135000,Tidak Ada,,0.0,0,135000,Transfer Bank,Selesai
TRX00665,2025-04-26,2025,4,April,Saturday,Database POS,Database,C001,POS Kasir,CU0084,Reguler,P008,Roti Bakar Keju,Snack,L003,Jakarta Selatan,DKI Jakarta,2,20000,40000,Tidak Ada,,0.0,0,40000,Transfer Bank,Selesai
TRX00666,2025-04-26,2025,4,April,Saturday,Excel Cabang,Excel,C005,Tokopedia,CU0121,Loyal,P010,Paket Hemat UMKM,Paket,L002,Jakarta Timur,DKI Jakarta,1,45000,45000,Tidak Ada,,0.0,0,45000,Kartu Debit,Selesai
TRX00667,2025-04-26,2025,4,April,Saturday,Excel Cabang,Excel,C004,GrabFood,CU0143,Loyal,P009,Keripik Singkong,Snack,L004,Depok,Jawa Barat,2,16000,32000,Tidak Ada,,0.0,0,0,COD,Dibatalkan
TRX00668,2025-04-26,2025,4,April,Saturday,CSV Marketplace,CSV,C003,GoFood,CU0123,Reguler,P003,Teh Lemon,Minuman,L003,Jakarta Selatan,DKI Jakarta,2,15000,30000,Tidak Ada,,0.0,0,30000,Transfer Bank,Selesai
TRX00669,2025-04-26,2025,4,April,Saturday,Excel Cabang,Excel,C005,Tokopedia,CU0036,Loyal,P010,Paket Hemat UMKM,Paket,L006,Bogor,Jawa Barat,5,45000,225000,Voucher Ongkir,ONGKIR5,0.05,11250,213750,COD,Selesai
TRX00670,2025-04-26,2025,4,April,Saturday,Excel Cabang,Excel,C004,GrabFood,CU0177,Reguler,P006,Mie Ayam Jamur,Makanan,L006,Bogor,Jawa Barat,3,24000,72000,Tidak Ada,,0.0,0,72000,QRIS,Selesai
TRX00671,2025-04-26,2025,4,April,Saturday,Aplikasi Kasir Digital,POS,C005,Tokopedia,CU0176,Baru,P005,Nasi Goreng Spesial,Makanan,L006,Bogor,Jawa Barat,2,27000,54000,Tidak Ada,,0.0,0,54000,E-Wallet,Selesai
TRX00672,2025-04-26,2025,4,April,Saturday,API Marketplace,API,C006,Website,CU0094,Reguler,P001,Kopi Susu Gula Aren,Minuman,L005,Tangerang,Banten,3,18000,54000,Tidak Ada,,0.0,0,54000,QRIS,Selesai
TRX00673,2025-04-26,2025,4,April,Saturday,Excel Cabang,Excel,C005,Tokopedia,CU0036,Reseller,P003,Teh Lemon,Minuman,L006,Bogor,Jawa Barat,2,15000,30000,Payday Sale,PAYDAY15,0.15,4500,25500,Transfer Bank,Selesai
TRX00674,2025-04-26,2025,4,April,Saturday,Aplikasi Kasir Digital,POS,C006,Website,CU0058,Reguler,P011,Paket Kopi dan Snack,Paket,L004,Depok,Jawa Barat,3,35000,105000,Payday Sale,PAYDAY15,0.15,15750,89250,E-Wallet,Selesai
TRX00675,2025-04-26,2025,4,April,Saturday,Excel Cabang,Excel,C001,POS Kasir,CU0129,Reguler,P007,Brownies Cokelat,Snack,L003,Jakarta Selatan,DKI Jakarta,1,30000,30000,Voucher Ongkir,ONGKIR5,0.05,1500,28500,QRIS,Selesai
TRX00676,2025-04-26,2025,4,April,Saturday,API Marketplace,API,C005,Tokopedia,CU0173,Reseller,P009,Keripik Singkong,Snack,L006,Bogor,Jawa Barat,2,16000,32000,Diskon Produk,DISKON10,0.1,3200,28800,QRIS,Selesai
TRX00677,2025-04-27,2025,4,April,Sunday,Excel Cabang,Excel,C001,POS Kasir,CU0038,Reguler,P003,Teh Lemon,Minuman,L003,Jakarta Selatan,DKI Jakarta,1,15000,15000,Tidak Ada,,0.0,0,15000,Transfer Bank,Selesai
TRX00678,2025-04-27,2025,4,April,Sunday,Database POS,Database,C003,GoFood,CU0034,Reguler,P011,Paket Kopi dan Snack,Paket,L001,Bekasi,Jawa Barat,4,35000,140000,Voucher Ongkir,ONGKIR5,0.05,7000,133000,COD,Selesai
TRX00679,2025-04-27,2025,4,April,Sunday,CSV Marketplace,CSV,C003,GoFood,CU0060,Loyal,P011,Paket Kopi dan Snack,Paket,L001,Bekasi,Jawa Barat,1,35000,35000,Flash Sale,FLASH20,0.2,7000,28000,Kartu Debit,Selesai
TRX00680,2025-04-27,2025,4,April,Sunday,API Marketplace,API,C003,GoFood,CU0136,Loyal,P007,Brownies Cokelat,Snack,L005,Tangerang,Banten,2,30000,60000,Payday Sale,PAYDAY15,0.15,9000,51000,COD,Selesai
TRX00681,2025-04-27,2025,4,April,Sunday,CSV Marketplace,CSV,C003,GoFood,CU0096,Reseller,P010,Paket Hemat UMKM,Paket,L002,Jakarta Timur,DKI Jakarta,3,45000,135000,Tidak Ada,,0.0,0,135000,QRIS,Selesai
TRX00682,2025-04-27,2025,4,April,Sunday,Aplikasi Kasir Digital,POS,C002,ShopeeFood,CU0074,Baru,P005,Nasi Goreng Spesial,Makanan,L004,Depok,Jawa Barat,4,27000,108000,Payday Sale,PAYDAY15,0.15,16200,91800,Transfer Bank,Selesai
TRX00683,2025-04-27,2025,4,April,Sunday,CSV Marketplace,CSV,C002,ShopeeFood,CU0082,Reguler,P012,Dimsum Ayam,Makanan,L006,Bogor,Jawa Barat,1,28000,28000,Tidak Ada,,0.0,0,28000,COD,Selesai
TRX00684,2025-04-27,2025,4,April,Sunday,Excel Cabang,Excel,C005,Tokopedia,CU0038,Reguler,P003,Teh Lemon,Minuman,L002,Jakarta Timur,DKI Jakarta,2,15000,30000,Bundling,BUNDLE12,0.12,3600,0,Kartu Debit,Refund
TRX00685,2025-04-27,2025,4,April,Sunday,Excel Cabang,Excel,C001,POS Kasir,CU0038,Reseller,P009,Keripik Singkong,Snack,L003,Jakarta Selatan,DKI Jakarta,1,16000,16000,Voucher Ongkir,ONGKIR5,0.05,800,15200,E-Wallet,Selesai
TRX00686,2025-04-27,2025,4,April,Sunday,API Marketplace,API,C005,Tokopedia,CU0075,Reseller,P012,Dimsum Ayam,Makanan,L005,Tangerang,Banten,2,28000,56000,Diskon Produk,DISKON10,0.1,5600,50400,Kartu Debit,Selesai
TRX00687,2025-04-27,2025,4,April,Sunday,API Marketplace,API,C004,GrabFood,CU0011,Baru,P010,Paket Hemat UMKM,Paket,L006,Bogor,Jawa Barat,2,45000,90000,Payday Sale,PAYDAY15,0.15,13500,76500,Kartu Debit,Selesai
TRX00688,2025-04-28,2025,4,April,Monday,Excel Cabang,Excel,C003,GoFood,CU0050,Reguler,P004,Nasi Ayam Geprek,Makanan,L004,Depok,Jawa Barat,1,25000,25000,Payday Sale,PAYDAY15,0.15,3750,21250,Transfer Bank,Selesai
TRX00689,2025-04-28,2025,4,April,Monday,Excel Cabang,Excel,C001,POS Kasir,CU0172,Reseller,P005,Nasi Goreng Spesial,Makanan,L002,Jakarta Timur,DKI Jakarta,2,27000,54000,Diskon Produk,DISKON10,0.1,5400,48600,Kartu Debit,Selesai
TRX00690,2025-04-28,2025,4,April,Monday,Aplikasi Kasir Digital,POS,C005,Tokopedia,CU0171,Reguler,P008,Roti Bakar Keju,Snack,L003,Jakarta Selatan,DKI Jakarta,2,20000,40000,Tidak Ada,,0.0,0,40000,Transfer Bank,Selesai
TRX00691,2025-04-28,2025,4,April,Monday,API Marketplace,API,C004,GrabFood,CU0079,Reseller,P007,Brownies Cokelat,Snack,L003,Jakarta Selatan,DKI Jakarta,1,30000,30000,Diskon Produk,DISKON10,0.1,3000,27000,Kartu Debit,Selesai
TRX00692,2025-04-28,2025,4,April,Monday,Database POS,Database,C006,Website,CU0109,Loyal,P012,Dimsum Ayam,Makanan,L004,Depok,Jawa Barat,3,28000,84000,Diskon Produk,DISKON10,0.1,8400,75600,COD,Selesai
TRX00693,2025-04-28,2025,4,April,Monday,CSV Marketplace,CSV,C001,POS Kasir,CU0135,Reseller,P010,Paket Hemat UMKM,Paket,L005,Tangerang,Banten,1,45000,45000,Voucher Ongkir,ONGKIR5,0.05,2250,0,QRIS,Dibatalkan
TRX00694,2025-04-28,2025,4,April,Monday,Excel Cabang,Excel,C001,POS Kasir,CU0107,Baru,P010,Paket Hemat UMKM,Paket,L004,Depok,Jawa Barat,1,45000,45000,Flash Sale,FLASH20,0.2,9000,36000,COD,Selesai
TRX00695,2025-04-28,2025,4,April,Monday,Database POS,Database,C002,ShopeeFood,CU0078,Loyal,P003,Teh Lemon,Minuman,L002,Jakarta Timur,DKI Jakarta,1,15000,15000,Voucher Ongkir,ONGKIR5,0.05,750,14250,E-Wallet,Selesai
TRX00696,2025-04-29,2025,4,April,Tuesday,API Marketplace,API,C002,ShopeeFood,CU0163,Reguler,P001,Kopi Susu Gula Aren,Minuman,L001,Bekasi,Jawa Barat,1,18000,18000,Payday Sale,PAYDAY15,0.15,2700,15300,E-Wallet,Selesai
TRX00697,2025-04-29,2025,4,April,Tuesday,CSV Marketplace,CSV,C006,Website,CU0127,Reseller,P008,Roti Bakar Keju,Snack,L006,Bogor,Jawa Barat,1,20000,20000,Payday Sale,PAYDAY15,0.15,3000,17000,QRIS,Selesai
TRX00698,2025-04-29,2025,4,April,Tuesday,Aplikasi Kasir Digital,POS,C004,GrabFood,CU0176,Reguler,P006,Mie Ayam Jamur,Makanan,L005,Tangerang,Banten,1,24000,24000,Diskon Produk,DISKON10,0.1,2400,21600,QRIS,Selesai
TRX00699,2025-04-29,2025,4,April,Tuesday,API Marketplace,API,C001,POS Kasir,CU0082,Reguler,P012,Dimsum Ayam,Makanan,L005,Tangerang,Banten,1,28000,28000,Tidak Ada,,0.0,0,28000,Transfer Bank,Selesai
TRX00700,2025-04-29,2025,4,April,Tuesday,Database POS,Database,C003,GoFood,CU0013,Baru,P001,Kopi Susu Gula Aren,Minuman,L003,Jakarta Selatan,DKI Jakarta,2,18000,36000,Bundling,BUNDLE12,0.12,4320,31680,Kartu Debit,Selesai
TRX00701,2025-04-29,2025,4,April,Tuesday,CSV Marketplace,CSV,C002,ShopeeFood,CU0043,Reguler,P002,Es Kopi Latte,Minuman,L005,Tangerang,Banten,3,22000,66000,Voucher Ongkir,ONGKIR5,0.05,3300,62700,E-Wallet,Selesai
TRX00702,2025-04-30,2025,4,April,Wednesday,API Marketplace,API,C006,Website,CU0037,Baru,P011,Paket Kopi dan Snack,Paket,L006,Bogor,Jawa Barat,1,35000,35000,Voucher Ongkir,ONGKIR5,0.05,1750,33250,Kartu Debit,Selesai
TRX00703,2025-04-30,2025,4,April,Wednesday,CSV Marketplace,CSV,C003,GoFood,CU0057,Loyal,P008,Roti Bakar Keju,Snack,L004,Depok,Jawa Barat,1,20000,20000,Tidak Ada,,0.0,0,20000,Kartu Debit,Selesai
TRX00704,2025-04-30,2025,4,April,Wednesday,Aplikasi Kasir Digital,POS,C006,Website,CU0107,Reguler,P009,Keripik Singkong,Snack,L005,Tangerang,Banten,2,16000,32000,Flash Sale,FLASH20,0.2,6400,25600,QRIS,Selesai
TRX00705,2025-04-30,2025,4,April,Wednesday,API Marketplace,API,C004,GrabFood,CU0114,Loyal,P003,Teh Lemon,Minuman,L001,Bekasi,Jawa Barat,1,15000,15000,Diskon Produk,DISKON10,0.1,1500,13500,Kartu Debit,Selesai
TRX00706,2025-04-30,2025,4,April,Wednesday,API Marketplace,API,C006,Website,CU0057,Baru,P006,Mie Ayam Jamur,Makanan,L002,Jakarta Timur,DKI Jakarta,1,24000,24000,Flash Sale,FLASH20,0.2,4800,19200,Transfer Bank,Selesai
TRX00707,2025-04-30,2025,4,April,Wednesday,CSV Marketplace,CSV,C002,ShopeeFood,CU0029,Baru,P005,Nasi Goreng Spesial,Makanan,L002,Jakarta Timur,DKI Jakarta,5,27000,135000,Diskon Produk,DISKON10,0.1,13500,121500,COD,Selesai
TRX00708,2025-05-01,2025,5,May,Thursday,Aplikasi Kasir Digital,POS,C001,POS Kasir,CU0065,Baru,P004,Nasi Ayam Geprek,Makanan,L001,Bekasi,Jawa Barat,2,25000,50000,Tidak Ada,,0.0,0,50000,E-Wallet,Selesai
TRX00709,2025-05-01,2025,5,May,Thursday,CSV Marketplace,CSV,C005,Tokopedia,CU0172,Reguler,P002,Es Kopi Latte,Minuman,L001,Bekasi,Jawa Barat,2,22000,44000,Tidak Ada,,0.0,0,44000,QRIS,Selesai
TRX00710,2025-05-02,2025,5,May,Friday,CSV Marketplace,CSV,C003,GoFood,CU0157,Baru,P010,Paket Hemat UMKM,Paket,L003,Jakarta Selatan,DKI Jakarta,3,45000,135000,Voucher Ongkir,ONGKIR5,0.05,6750,128250,Kartu Debit,Selesai
TRX00711,2025-05-02,2025,5,May,Friday,CSV Marketplace,CSV,C005,Tokopedia,CU0044,Reseller,P010,Paket Hemat UMKM,Paket,L001,Bekasi,Jawa Barat,2,45000,90000,Bundling,BUNDLE12,0.12,10800,79200,Kartu Debit,Selesai
TRX00712,2025-05-02,2025,5,May,Friday,Aplikasi Kasir Digital,POS,C002,ShopeeFood,CU0179,Reguler,P012,Dimsum Ayam,Makanan,L001,Bekasi,Jawa Barat,3,28000,84000,Tidak Ada,,0.0,0,84000,COD,Selesai
TRX00713,2025-05-02,2025,5,May,Friday,Database POS,Database,C003,GoFood,CU0105,Baru,P002,Es Kopi Latte,Minuman,L002,Jakarta Timur,DKI Jakarta,1,22000,22000,Tidak Ada,,0.0,0,22000,E-Wallet,Selesai
TRX00714,2025-05-03,2025,5,May,Saturday,API Marketplace,API,C003,GoFood,CU0084,Reguler,P003,Teh Lemon,Minuman,L004,Depok,Jawa Barat,2,15000,30000,Tidak Ada,,0.0,0,30000,COD,Selesai
TRX00715,2025-05-03,2025,5,May,Saturday,Database POS,Database,C003,GoFood,CU0110,Baru,P010,Paket Hemat UMKM,Paket,L006,Bogor,Jawa Barat,1,45000,45000,Tidak Ada,,0.0,0,45000,QRIS,Selesai
TRX00716,2025-05-03,2025,5,May,Saturday,CSV Marketplace,CSV,C003,GoFood,CU0173,Baru,P008,Roti Bakar Keju,Snack,L006,Bogor,Jawa Barat,1,20000,20000,Diskon Produk,DISKON10,0.1,2000,18000,COD,Selesai
TRX00717,2025-05-03,2025,5,May,Saturday,CSV Marketplace,CSV,C001,POS Kasir,CU0027,Loyal,P011,Paket Kopi dan Snack,Paket,L001,Bekasi,Jawa Barat,1,35000,35000,Diskon Produk,DISKON10,0.1,3500,31500,Transfer Bank,Selesai
TRX00718,2025-05-03,2025,5,May,Saturday,Aplikasi Kasir Digital,POS,C002,ShopeeFood,CU0060,Loyal,P004,Nasi Ayam Geprek,Makanan,L003,Jakarta Selatan,DKI Jakarta,3,25000,75000,Tidak Ada,,0.0,0,75000,COD,Selesai
TRX00719,2025-05-03,2025,5,May,Saturday,API Marketplace,API,C005,Tokopedia,CU0103,Reguler,P012,Dimsum Ayam,Makanan,L005,Tangerang,Banten,3,28000,84000,Voucher Ongkir,ONGKIR5,0.05,4200,0,Kartu Debit,Dibatalkan
TRX00720,2025-05-04,2025,5,May,Sunday,Excel Cabang,Excel,C004,GrabFood,CU0060,Reguler,P005,Nasi Goreng Spesial,Makanan,L002,Jakarta Timur,DKI Jakarta,1,27000,27000,Tidak Ada,,0.0,0,27000,Transfer Bank,Selesai
TRX00721,2025-05-04,2025,5,May,Sunday,Database POS,Database,C001,POS Kasir,CU0098,Reguler,P012,Dimsum Ayam,Makanan,L001,Bekasi,Jawa Barat,2,28000,56000,Bundling,BUNDLE12,0.12,6720,49280,E-Wallet,Selesai
TRX00722,2025-05-04,2025,5,May,Sunday,Excel Cabang,Excel,C001,POS Kasir,CU0127,Loyal,P010,Paket Hemat UMKM,Paket,L005,Tangerang,Banten,2,45000,90000,Tidak Ada,,0.0,0,90000,Transfer Bank,Selesai
TRX00723,2025-05-04,2025,5,May,Sunday,API Marketplace,API,C005,Tokopedia,CU0139,Reguler,P008,Roti Bakar Keju,Snack,L004,Depok,Jawa Barat,2,20000,40000,Voucher Ongkir,ONGKIR5,0.05,2000,0,QRIS,Refund
TRX00724,2025-05-04,2025,5,May,Sunday,API Marketplace,API,C004,GrabFood,CU0010,Baru,P002,Es Kopi Latte,Minuman,L004,Depok,Jawa Barat,3,22000,66000,Tidak Ada,,0.0,0,66000,Kartu Debit,Selesai
TRX00725,2025-05-04,2025,5,May,Sunday,Database POS,Database,C002,ShopeeFood,CU0100,Reguler,P005,Nasi Goreng Spesial,Makanan,L006,Bogor,Jawa Barat,1,27000,27000,Tidak Ada,,0.0,0,27000,QRIS,Selesai
TRX00726,2025-05-04,2025,5,May,Sunday,Aplikasi Kasir Digital,POS,C005,Tokopedia,CU0041,Reguler,P008,Roti Bakar Keju,Snack,L006,Bogor,Jawa Barat,2,20000,40000,Tidak Ada,,0.0,0,40000,COD,Selesai
TRX00727,2025-05-04,2025,5,May,Sunday,API Marketplace,API,C005,Tokopedia,CU0016,Baru,P010,Paket Hemat UMKM,Paket,L004,Depok,Jawa Barat,3,45000,135000,Tidak Ada,,0.0,0,135000,QRIS,Selesai
TRX00728,2025-05-04,2025,5,May,Sunday,Aplikasi Kasir Digital,POS,C006,Website,CU0088,Reguler,P006,Mie Ayam Jamur,Makanan,L003,Jakarta Selatan,DKI Jakarta,1,24000,24000,Payday Sale,PAYDAY15,0.15,3600,20400,COD,Selesai
TRX00729,2025-05-05,2025,5,May,Monday,CSV Marketplace,CSV,C001,POS Kasir,CU0152,Baru,P007,Brownies Cokelat,Snack,L003,Jakarta Selatan,DKI Jakarta,1,30000,30000,Diskon Produk,DISKON10,0.1,3000,27000,QRIS,Selesai
TRX00730,2025-05-05,2025,5,May,Monday,Excel Cabang,Excel,C002,ShopeeFood,CU0169,Loyal,P002,Es Kopi Latte,Minuman,L003,Jakarta Selatan,DKI Jakarta,2,22000,44000,Tidak Ada,,0.0,0,44000,Kartu Debit,Selesai
TRX00731,2025-05-05,2025,5,May,Monday,Database POS,Database,C001,POS Kasir,CU0097,Reguler,P007,Brownies Cokelat,Snack,L003,Jakarta Selatan,DKI Jakarta,2,30000,60000,Bundling,BUNDLE12,0.12,7200,52800,E-Wallet,Selesai
TRX00732,2025-05-05,2025,5,May,Monday,CSV Marketplace,CSV,C006,Website,CU0171,Reguler,P008,Roti Bakar Keju,Snack,L001,Bekasi,Jawa Barat,1,20000,20000,Tidak Ada,,0.0,0,20000,Kartu Debit,Selesai
TRX00733,2025-05-06,2025,5,May,Tuesday,Excel Cabang,Excel,C006,Website,CU0074,Baru,P004,Nasi Ayam Geprek,Makanan,L004,Depok,Jawa Barat,3,25000,75000,Tidak Ada,,0.0,0,0,E-Wallet,Refund
TRX00734,2025-05-06,2025,5,May,Tuesday,Excel Cabang,Excel,C005,Tokopedia,CU0152,Reguler,P007,Brownies Cokelat,Snack,L002,Jakarta Timur,DKI Jakarta,2,30000,60000,Tidak Ada,,0.0,0,60000,QRIS,Selesai
TRX00735,2025-05-06,2025,5,May,Tuesday,CSV Marketplace,CSV,C004,GrabFood,CU0078,Reguler,P009,Keripik Singkong,Snack,L004,Depok,Jawa Barat,1,16000,16000,Tidak Ada,,0.0,0,16000,E-Wallet,Selesai
TRX00736,2025-05-06,2025,5,May,Tuesday,Database POS,Database,C002,ShopeeFood,CU0117,Reguler,P009,Keripik Singkong,Snack,L003,Jakarta Selatan,DKI Jakarta,1,16000,16000,Diskon Produk,DISKON10,0.1,1600,14400,Kartu Debit,Selesai
TRX00737,2025-05-06,2025,5,May,Tuesday,Aplikasi Kasir Digital,POS,C006,Website,CU0055,Reguler,P001,Kopi Susu Gula Aren,Minuman,L006,Bogor,Jawa Barat,3,18000,54000,Tidak Ada,,0.0,0,54000,COD,Selesai
TRX00738,2025-05-07,2025,5,May,Wednesday,Excel Cabang,Excel,C006,Website,CU0038,Baru,P010,Paket Hemat UMKM,Paket,L006,Bogor,Jawa Barat,2,45000,90000,Tidak Ada,,0.0,0,90000,E-Wallet,Selesai
TRX00739,2025-05-07,2025,5,May,Wednesday,CSV Marketplace,CSV,C001,POS Kasir,CU0074,Reguler,P007,Brownies Cokelat,Snack,L003,Jakarta Selatan,DKI Jakarta,3,30000,90000,Tidak Ada,,0.0,0,90000,E-Wallet,Selesai
TRX00740,2025-05-07,2025,5,May,Wednesday,Excel Cabang,Excel,C002,ShopeeFood,CU0080,Reguler,P004,Nasi Ayam Geprek,Makanan,L004,Depok,Jawa Barat,1,25000,25000,Tidak Ada,,0.0,0,0,Kartu Debit,Refund
TRX00741,2025-05-07,2025,5,May,Wednesday,CSV Marketplace,CSV,C001,POS Kasir,CU0067,Loyal,P007,Brownies Cokelat,Snack,L006,Bogor,Jawa Barat,1,30000,30000,Tidak Ada,,0.0,0,30000,E-Wallet,Selesai
TRX00742,2025-05-07,2025,5,May,Wednesday,Database POS,Database,C001,POS Kasir,CU0022,Reguler,P003,Teh Lemon,Minuman,L006,Bogor,Jawa Barat,3,15000,45000,Tidak Ada,,0.0,0,45000,E-Wallet,Selesai
TRX00743,2025-05-08,2025,5,May,Thursday,Excel Cabang,Excel,C006,Website,CU0036,Baru,P006,Mie Ayam Jamur,Makanan,L006,Bogor,Jawa Barat,1,24000,24000,Voucher Ongkir,ONGKIR5,0.05,1200,22800,Kartu Debit,Selesai
TRX00744,2025-05-08,2025,5,May,Thursday,Aplikasi Kasir Digital,POS,C006,Website,CU0065,Reguler,P002,Es Kopi Latte,Minuman,L005,Tangerang,Banten,4,22000,88000,Flash Sale,FLASH20,0.2,17600,70400,QRIS,Selesai
TRX00745,2025-05-08,2025,5,May,Thursday,Aplikasi Kasir Digital,POS,C003,GoFood,CU0061,Reseller,P002,Es Kopi Latte,Minuman,L003,Jakarta Selatan,DKI Jakarta,2,22000,44000,Voucher Ongkir,ONGKIR5,0.05,2200,41800,Transfer Bank,Selesai
TRX00746,2025-05-08,2025,5,May,Thursday,Database POS,Database,C003,GoFood,CU0015,Reguler,P003,Teh Lemon,Minuman,L002,Jakarta Timur,DKI Jakarta,1,15000,15000,Payday Sale,PAYDAY15,0.15,2250,12750,E-Wallet,Selesai
TRX00747,2025-05-08,2025,5,May,Thursday,Database POS,Database,C005,Tokopedia,CU0072,Loyal,P002,Es Kopi Latte,Minuman,L003,Jakarta Selatan,DKI Jakarta,2,22000,44000,Tidak Ada,,0.0,0,44000,Transfer Bank,Selesai
TRX00748,2025-05-09,2025,5,May,Friday,Aplikasi Kasir Digital,POS,C006,Website,CU0014,Reguler,P005,Nasi Goreng Spesial,Makanan,L001,Bekasi,Jawa Barat,1,27000,27000,Diskon Produk,DISKON10,0.1,2700,24300,Transfer Bank,Selesai
TRX00749,2025-05-09,2025,5,May,Friday,API Marketplace,API,C006,Website,CU0137,Loyal,P007,Brownies Cokelat,Snack,L003,Jakarta Selatan,DKI Jakarta,4,30000,120000,Diskon Produk,DISKON10,0.1,12000,108000,COD,Selesai
TRX00750,2025-05-09,2025,5,May,Friday,Excel Cabang,Excel,C003,GoFood,CU0077,Baru,P007,Brownies Cokelat,Snack,L003,Jakarta Selatan,DKI Jakarta,4,30000,120000,Voucher Ongkir,ONGKIR5,0.05,6000,0,Transfer Bank,Dibatalkan
TRX00751,2025-05-09,2025,5,May,Friday,Database POS,Database,C006,Website,CU0021,Loyal,P011,Paket Kopi dan Snack,Paket,L003,Jakarta Selatan,DKI Jakarta,3,35000,105000,Tidak Ada,,0.0,0,105000,COD,Selesai
TRX00752,2025-05-10,2025,5,May,Saturday,CSV Marketplace,CSV,C001,POS Kasir,CU0091,Reguler,P012,Dimsum Ayam,Makanan,L004,Depok,Jawa Barat,2,28000,56000,Tidak Ada,,0.0,0,56000,Kartu Debit,Selesai
TRX00753,2025-05-10,2025,5,May,Saturday,Excel Cabang,Excel,C001,POS Kasir,CU0114,Loyal,P008,Roti Bakar Keju,Snack,L006,Bogor,Jawa Barat,2,20000,40000,Tidak Ada,,0.0,0,40000,Transfer Bank,Selesai
TRX00754,2025-05-10,2025,5,May,Saturday,API Marketplace,API,C003,GoFood,CU0064,Reguler,P004,Nasi Ayam Geprek,Makanan,L006,Bogor,Jawa Barat,2,25000,50000,Tidak Ada,,0.0,0,50000,Transfer Bank,Selesai
TRX00755,2025-05-10,2025,5,May,Saturday,Database POS,Database,C003,GoFood,CU0067,Baru,P011,Paket Kopi dan Snack,Paket,L004,Depok,Jawa Barat,2,35000,70000,Diskon Produk,DISKON10,0.1,7000,63000,Kartu Debit,Selesai
TRX00756,2025-05-10,2025,5,May,Saturday,Database POS,Database,C001,POS Kasir,CU0097,Reseller,P005,Nasi Goreng Spesial,Makanan,L002,Jakarta Timur,DKI Jakarta,1,27000,27000,Tidak Ada,,0.0,0,27000,Kartu Debit,Selesai
TRX00757,2025-05-10,2025,5,May,Saturday,Aplikasi Kasir Digital,POS,C006,Website,CU0119,Baru,P001,Kopi Susu Gula Aren,Minuman,L005,Tangerang,Banten,2,18000,36000,Flash Sale,FLASH20,0.2,7200,28800,Transfer Bank,Selesai
TRX00758,2025-05-10,2025,5,May,Saturday,API Marketplace,API,C005,Tokopedia,CU0044,Reseller,P010,Paket Hemat UMKM,Paket,L004,Depok,Jawa Barat,1,45000,45000,Bundling,BUNDLE12,0.12,5400,39600,QRIS,Selesai
TRX00759,2025-05-10,2025,5,May,Saturday,Database POS,Database,C004,GrabFood,CU0049,Reseller,P009,Keripik Singkong,Snack,L004,Depok,Jawa Barat,1,16000,16000,Diskon Produk,DISKON10,0.1,1600,14400,E-Wallet,Selesai
TRX00760,2025-05-11,2025,5,May,Sunday,Aplikasi Kasir Digital,POS,C002,ShopeeFood,CU0174,Baru,P003,Teh Lemon,Minuman,L004,Depok,Jawa Barat,1,15000,15000,Voucher Ongkir,ONGKIR5,0.05,750,14250,Transfer Bank,Selesai
TRX00761,2025-05-11,2025,5,May,Sunday,API Marketplace,API,C003,GoFood,CU0064,Reguler,P003,Teh Lemon,Minuman,L001,Bekasi,Jawa Barat,1,15000,15000,Tidak Ada,,0.0,0,15000,COD,Selesai
TRX00762,2025-05-11,2025,5,May,Sunday,Database POS,Database,C003,GoFood,CU0109,Loyal,P008,Roti Bakar Keju,Snack,L002,Jakarta Timur,DKI Jakarta,2,20000,40000,Diskon Produk,DISKON10,0.1,4000,36000,E-Wallet,Selesai
TRX00763,2025-05-11,2025,5,May,Sunday,API Marketplace,API,C001,POS Kasir,CU0091,Reseller,P009,Keripik Singkong,Snack,L001,Bekasi,Jawa Barat,4,16000,64000,Tidak Ada,,0.0,0,64000,Kartu Debit,Selesai
TRX00764,2025-05-11,2025,5,May,Sunday,Aplikasi Kasir Digital,POS,C003,GoFood,CU0102,Reguler,P001,Kopi Susu Gula Aren,Minuman,L001,Bekasi,Jawa Barat,2,18000,36000,Tidak Ada,,0.0,0,0,Transfer Bank,Refund
TRX00765,2025-05-11,2025,5,May,Sunday,CSV Marketplace,CSV,C005,Tokopedia,CU0087,Loyal,P009,Keripik Singkong,Snack,L001,Bekasi,Jawa Barat,1,16000,16000,Tidak Ada,,0.0,0,16000,Transfer Bank,Selesai
TRX00766,2025-05-11,2025,5,May,Sunday,CSV Marketplace,CSV,C004,GrabFood,CU0033,Reguler,P012,Dimsum Ayam,Makanan,L005,Tangerang,Banten,1,28000,28000,Tidak Ada,,0.0,0,28000,E-Wallet,Selesai
TRX00767,2025-05-11,2025,5,May,Sunday,Aplikasi Kasir Digital,POS,C003,GoFood,CU0133,Reguler,P007,Brownies Cokelat,Snack,L003,Jakarta Selatan,DKI Jakarta,3,30000,90000,Flash Sale,FLASH20,0.2,18000,72000,Transfer Bank,Selesai
TRX00768,2025-05-12,2025,5,May,Monday,Database POS,Database,C006,Website,CU0059,Baru,P003,Teh Lemon,Minuman,L005,Tangerang,Banten,1,15000,15000,Tidak Ada,,0.0,0,15000,COD,Selesai
TRX00769,2025-05-12,2025,5,May,Monday,Excel Cabang,Excel,C004,GrabFood,CU0011,Reguler,P012,Dimsum Ayam,Makanan,L004,Depok,Jawa Barat,5,28000,140000,Flash Sale,FLASH20,0.2,28000,112000,Kartu Debit,Selesai
TRX00770,2025-05-12,2025,5,May,Monday,CSV Marketplace,CSV,C006,Website,CU0073,Baru,P008,Roti Bakar Keju,Snack,L001,Bekasi,Jawa Barat,1,20000,20000,Tidak Ada,,0.0,0,20000,Transfer Bank,Selesai
TRX00771,2025-05-12,2025,5,May,Monday,Aplikasi Kasir Digital,POS,C006,Website,CU0002,Reguler,P005,Nasi Goreng Spesial,Makanan,L005,Tangerang,Banten,1,27000,27000,Bundling,BUNDLE12,0.12,3240,23760,Kartu Debit,Selesai
TRX00772,2025-05-12,2025,5,May,Monday,Excel Cabang,Excel,C004,GrabFood,CU0175,Reseller,P002,Es Kopi Latte,Minuman,L002,Jakarta Timur,DKI Jakarta,3,22000,66000,Tidak Ada,,0.0,0,66000,QRIS,Selesai
TRX00773,2025-05-13,2025,5,May,Tuesday,Excel Cabang,Excel,C001,POS Kasir,CU0123,Reguler,P006,Mie Ayam Jamur,Makanan,L002,Jakarta Timur,DKI Jakarta,2,24000,48000,Diskon Produk,DISKON10,0.1,4800,43200,E-Wallet,Selesai
TRX00774,2025-05-13,2025,5,May,Tuesday,Aplikasi Kasir Digital,POS,C001,POS Kasir,CU0146,Baru,P001,Kopi Susu Gula Aren,Minuman,L003,Jakarta Selatan,DKI Jakarta,4,18000,72000,Tidak Ada,,0.0,0,72000,QRIS,Selesai
TRX00775,2025-05-14,2025,5,May,Wednesday,Excel Cabang,Excel,C006,Website,CU0024,Reguler,P006,Mie Ayam Jamur,Makanan,L001,Bekasi,Jawa Barat,2,24000,48000,Diskon Produk,DISKON10,0.1,4800,43200,Transfer Bank,Selesai
TRX00776,2025-05-14,2025,5,May,Wednesday,CSV Marketplace,CSV,C001,POS Kasir,CU0073,Reguler,P007,Brownies Cokelat,Snack,L001,Bekasi,Jawa Barat,1,30000,30000,Voucher Ongkir,ONGKIR5,0.05,1500,28500,Transfer Bank,Selesai
TRX00777,2025-05-14,2025,5,May,Wednesday,API Marketplace,API,C006,Website,CU0092,Reguler,P008,Roti Bakar Keju,Snack,L004,Depok,Jawa Barat,4,20000,80000,Diskon Produk,DISKON10,0.1,8000,72000,E-Wallet,Selesai
TRX00778,2025-05-14,2025,5,May,Wednesday,Database POS,Database,C004,GrabFood,CU0024,Loyal,P008,Roti Bakar Keju,Snack,L004,Depok,Jawa Barat,1,20000,20000,Diskon Produk,DISKON10,0.1,2000,18000,E-Wallet,Selesai
TRX00779,2025-05-15,2025,5,May,Thursday,Excel Cabang,Excel,C001,POS Kasir,CU0174,Baru,P011,Paket Kopi dan Snack,Paket,L004,Depok,Jawa Barat,2,35000,70000,Bundling,BUNDLE12,0.12,8400,0,Transfer Bank,Dibatalkan
TRX00780,2025-05-15,2025,5,May,Thursday,Aplikasi Kasir Digital,POS,C006,Website,CU0021,Reseller,P009,Keripik Singkong,Snack,L006,Bogor,Jawa Barat,1,16000,16000,Tidak Ada,,0.0,0,16000,COD,Selesai
TRX00781,2025-05-15,2025,5,May,Thursday,CSV Marketplace,CSV,C003,GoFood,CU0013,Reguler,P003,Teh Lemon,Minuman,L006,Bogor,Jawa Barat,2,15000,30000,Tidak Ada,,0.0,0,30000,QRIS,Selesai
TRX00782,2025-05-15,2025,5,May,Thursday,Excel Cabang,Excel,C004,GrabFood,CU0065,Reguler,P009,Keripik Singkong,Snack,L004,Depok,Jawa Barat,2,16000,32000,Diskon Produk,DISKON10,0.1,3200,28800,Kartu Debit,Selesai
TRX00783,2025-05-15,2025,5,May,Thursday,Database POS,Database,C001,POS Kasir,CU0101,Baru,P009,Keripik Singkong,Snack,L001,Bekasi,Jawa Barat,1,16000,16000,Tidak Ada,,0.0,0,16000,COD,Selesai
TRX00784,2025-05-16,2025,5,May,Friday,Database POS,Database,C006,Website,CU0068,Reguler,P006,Mie Ayam Jamur,Makanan,L005,Tangerang,Banten,3,24000,72000,Tidak Ada,,0.0,0,72000,Transfer Bank,Selesai
TRX00785,2025-05-16,2025,5,May,Friday,API Marketplace,API,C005,Tokopedia,CU0137,Baru,P002,Es Kopi Latte,Minuman,L006,Bogor,Jawa Barat,3,22000,66000,Tidak Ada,,0.0,0,66000,COD,Selesai
TRX00786,2025-05-16,2025,5,May,Friday,Database POS,Database,C004,GrabFood,CU0155,Loyal,P003,Teh Lemon,Minuman,L006,Bogor,Jawa Barat,2,15000,30000,Payday Sale,PAYDAY15,0.15,4500,25500,E-Wallet,Selesai
TRX00787,2025-05-16,2025,5,May,Friday,Database POS,Database,C006,Website,CU0035,Baru,P010,Paket Hemat UMKM,Paket,L003,Jakarta Selatan,DKI Jakarta,3,45000,135000,Tidak Ada,,0.0,0,135000,QRIS,Selesai
TRX00788,2025-05-17,2025,5,May,Saturday,CSV Marketplace,CSV,C006,Website,CU0161,Loyal,P004,Nasi Ayam Geprek,Makanan,L004,Depok,Jawa Barat,2,25000,50000,Tidak Ada,,0.0,0,50000,Kartu Debit,Selesai
TRX00789,2025-05-17,2025,5,May,Saturday,Database POS,Database,C002,ShopeeFood,CU0040,Loyal,P005,Nasi Goreng Spesial,Makanan,L004,Depok,Jawa Barat,1,27000,27000,Tidak Ada,,0.0,0,0,COD,Refund
TRX00790,2025-05-17,2025,5,May,Saturday,Aplikasi Kasir Digital,POS,C004,GrabFood,CU0101,Baru,P008,Roti Bakar Keju,Snack,L001,Bekasi,Jawa Barat,1,20000,20000,Tidak Ada,,0.0,0,20000,QRIS,Selesai
TRX00791,2025-05-17,2025,5,May,Saturday,Database POS,Database,C004,GrabFood,CU0142,Reseller,P012,Dimsum Ayam,Makanan,L004,Depok,Jawa Barat,2,28000,56000,Tidak Ada,,0.0,0,56000,QRIS,Selesai
TRX00792,2025-05-17,2025,5,May,Saturday,Aplikasi Kasir Digital,POS,C005,Tokopedia,CU0125,Baru,P008,Roti Bakar Keju,Snack,L005,Tangerang,Banten,4,20000,80000,Flash Sale,FLASH20,0.2,16000,64000,QRIS,Selesai
TRX00793,2025-05-18,2025,5,May,Sunday,API Marketplace,API,C001,POS Kasir,CU0122,Baru,P006,Mie Ayam Jamur,Makanan,L005,Tangerang,Banten,3,24000,72000,Tidak Ada,,0.0,0,0,Kartu Debit,Dibatalkan
TRX00794,2025-05-18,2025,5,May,Sunday,Database POS,Database,C006,Website,CU0050,Reguler,P006,Mie Ayam Jamur,Makanan,L004,Depok,Jawa Barat,1,24000,24000,Tidak Ada,,0.0,0,24000,COD,Selesai
TRX00795,2025-05-18,2025,5,May,Sunday,API Marketplace,API,C006,Website,CU0169,Reguler,P004,Nasi Ayam Geprek,Makanan,L005,Tangerang,Banten,4,25000,100000,Payday Sale,PAYDAY15,0.15,15000,85000,E-Wallet,Selesai
TRX00796,2025-05-18,2025,5,May,Sunday,API Marketplace,API,C006,Website,CU0042,Reguler,P007,Brownies Cokelat,Snack,L004,Depok,Jawa Barat,3,30000,90000,Voucher Ongkir,ONGKIR5,0.05,4500,85500,E-Wallet,Selesai
TRX00797,2025-05-18,2025,5,May,Sunday,CSV Marketplace,CSV,C004,GrabFood,CU0126,Baru,P002,Es Kopi Latte,Minuman,L006,Bogor,Jawa Barat,1,22000,22000,Tidak Ada,,0.0,0,0,COD,Dibatalkan
TRX00798,2025-05-18,2025,5,May,Sunday,CSV Marketplace,CSV,C002,ShopeeFood,CU0092,Loyal,P008,Roti Bakar Keju,Snack,L003,Jakarta Selatan,DKI Jakarta,2,20000,40000,Bundling,BUNDLE12,0.12,4800,35200,E-Wallet,Selesai
TRX00799,2025-05-18,2025,5,May,Sunday,Excel Cabang,Excel,C001,POS Kasir,CU0059,Baru,P003,Teh Lemon,Minuman,L005,Tangerang,Banten,1,15000,15000,Tidak Ada,,0.0,0,15000,Transfer Bank,Selesai
TRX00800,2025-05-18,2025,5,May,Sunday,Aplikasi Kasir Digital,POS,C001,POS Kasir,CU0177,Loyal,P006,Mie Ayam Jamur,Makanan,L003,Jakarta Selatan,DKI Jakarta,1,24000,24000,Tidak Ada,,0.0,0,24000,Kartu Debit,Selesai
TRX00801,2025-05-18,2025,5,May,Sunday,Database POS,Database,C004,GrabFood,CU0028,Loyal,P012,Dimsum Ayam,Makanan,L001,Bekasi,Jawa Barat,4,28000,112000,Voucher Ongkir,ONGKIR5,0.05,5600,106400,Kartu Debit,Selesai
TRX00802,2025-05-19,2025,5,May,Monday,Excel Cabang,Excel,C005,Tokopedia,CU0053,Reseller,P009,Keripik Singkong,Snack,L001,Bekasi,Jawa Barat,1,16000,16000,Tidak Ada,,0.0,0,16000,Transfer Bank,Selesai
TRX00803,2025-05-19,2025,5,May,Monday,Database POS,Database,C005,Tokopedia,CU0166,Reguler,P012,Dimsum Ayam,Makanan,L004,Depok,Jawa Barat,2,28000,56000,Tidak Ada,,0.0,0,56000,Transfer Bank,Selesai
TRX00804,2025-05-20,2025,5,May,Tuesday,CSV Marketplace,CSV,C001,POS Kasir,CU0074,Reguler,P008,Roti Bakar Keju,Snack,L004,Depok,Jawa Barat,3,20000,60000,Tidak Ada,,0.0,0,60000,QRIS,Selesai
TRX00805,2025-05-20,2025,5,May,Tuesday,CSV Marketplace,CSV,C003,GoFood,CU0108,Loyal,P012,Dimsum Ayam,Makanan,L004,Depok,Jawa Barat,1,28000,28000,Voucher Ongkir,ONGKIR5,0.05,1400,26600,Transfer Bank,Selesai
TRX00806,2025-05-20,2025,5,May,Tuesday,Aplikasi Kasir Digital,POS,C004,GrabFood,CU0008,Reguler,P007,Brownies Cokelat,Snack,L004,Depok,Jawa Barat,3,30000,90000,Tidak Ada,,0.0,0,90000,QRIS,Selesai
TRX00807,2025-05-21,2025,5,May,Wednesday,Database POS,Database,C003,GoFood,CU0016,Reguler,P002,Es Kopi Latte,Minuman,L003,Jakarta Selatan,DKI Jakarta,5,22000,110000,Tidak Ada,,0.0,0,110000,QRIS,Selesai
TRX00808,2025-05-21,2025,5,May,Wednesday,Excel Cabang,Excel,C005,Tokopedia,CU0170,Loyal,P011,Paket Kopi dan Snack,Paket,L002,Jakarta Timur,DKI Jakarta,5,35000,175000,Bundling,BUNDLE12,0.12,21000,154000,E-Wallet,Selesai
TRX00809,2025-05-22,2025,5,May,Thursday,API Marketplace,API,C003,GoFood,CU0136,Reguler,P012,Dimsum Ayam,Makanan,L006,Bogor,Jawa Barat,1,28000,28000,Tidak Ada,,0.0,0,28000,Transfer Bank,Selesai
TRX00810,2025-05-22,2025,5,May,Thursday,Aplikasi Kasir Digital,POS,C002,ShopeeFood,CU0114,Reguler,P008,Roti Bakar Keju,Snack,L006,Bogor,Jawa Barat,2,20000,40000,Diskon Produk,DISKON10,0.1,4000,36000,COD,Selesai
TRX00811,2025-05-22,2025,5,May,Thursday,Aplikasi Kasir Digital,POS,C001,POS Kasir,CU0033,Reguler,P005,Nasi Goreng Spesial,Makanan,L001,Bekasi,Jawa Barat,1,27000,27000,Diskon Produk,DISKON10,0.1,2700,24300,Kartu Debit,Selesai
TRX00812,2025-05-22,2025,5,May,Thursday,API Marketplace,API,C005,Tokopedia,CU0041,Baru,P002,Es Kopi Latte,Minuman,L005,Tangerang,Banten,2,22000,44000,Voucher Ongkir,ONGKIR5,0.05,2200,41800,Kartu Debit,Selesai
TRX00813,2025-05-23,2025,5,May,Friday,Aplikasi Kasir Digital,POS,C004,GrabFood,CU0096,Baru,P005,Nasi Goreng Spesial,Makanan,L006,Bogor,Jawa Barat,1,27000,27000,Tidak Ada,,0.0,0,27000,Kartu Debit,Selesai
TRX00814,2025-05-23,2025,5,May,Friday,Database POS,Database,C001,POS Kasir,CU0117,Reguler,P001,Kopi Susu Gula Aren,Minuman,L006,Bogor,Jawa Barat,1,18000,18000,Diskon Produk,DISKON10,0.1,1800,16200,Transfer Bank,Selesai
TRX00815,2025-05-23,2025,5,May,Friday,Aplikasi Kasir Digital,POS,C006,Website,CU0077,Baru,P010,Paket Hemat UMKM,Paket,L005,Tangerang,Banten,3,45000,135000,Tidak Ada,,0.0,0,135000,Kartu Debit,Selesai
TRX00816,2025-05-24,2025,5,May,Saturday,API Marketplace,API,C001,POS Kasir,CU0093,Reguler,P012,Dimsum Ayam,Makanan,L002,Jakarta Timur,DKI Jakarta,2,28000,56000,Tidak Ada,,0.0,0,56000,Transfer Bank,Selesai
TRX00817,2025-05-24,2025,5,May,Saturday,Excel Cabang,Excel,C001,POS Kasir,CU0055,Reguler,P007,Brownies Cokelat,Snack,L001,Bekasi,Jawa Barat,1,30000,30000,Tidak Ada,,0.0,0,30000,E-Wallet,Selesai
TRX00818,2025-05-24,2025,5,May,Saturday,Aplikasi Kasir Digital,POS,C005,Tokopedia,CU0150,Reguler,P007,Brownies Cokelat,Snack,L005,Tangerang,Banten,3,30000,90000,Payday Sale,PAYDAY15,0.15,13500,0,COD,Refund
TRX00819,2025-05-24,2025,5,May,Saturday,Database POS,Database,C006,Website,CU0033,Reguler,P012,Dimsum Ayam,Makanan,L004,Depok,Jawa Barat,3,28000,84000,Tidak Ada,,0.0,0,84000,COD,Selesai
TRX00820,2025-05-24,2025,5,May,Saturday,Excel Cabang,Excel,C005,Tokopedia,CU0009,Loyal,P012,Dimsum Ayam,Makanan,L005,Tangerang,Banten,2,28000,56000,Tidak Ada,,0.0,0,56000,Kartu Debit,Selesai
TRX00821,2025-05-24,2025,5,May,Saturday,Excel Cabang,Excel,C004,GrabFood,CU0011,Reguler,P002,Es Kopi Latte,Minuman,L005,Tangerang,Banten,1,22000,22000,Tidak Ada,,0.0,0,22000,QRIS,Selesai
TRX00822,2025-05-24,2025,5,May,Saturday,Database POS,Database,C003,GoFood,CU0151,Reguler,P006,Mie Ayam Jamur,Makanan,L003,Jakarta Selatan,DKI Jakarta,1,24000,24000,Tidak Ada,,0.0,0,24000,E-Wallet,Selesai
TRX00823,2025-05-24,2025,5,May,Saturday,Database POS,Database,C006,Website,CU0018,Loyal,P004,Nasi Ayam Geprek,Makanan,L002,Jakarta Timur,DKI Jakarta,1,25000,25000,Tidak Ada,,0.0,0,25000,COD,Selesai
TRX00824,2025-05-24,2025,5,May,Saturday,API Marketplace,API,C004,GrabFood,CU0156,Baru,P005,Nasi Goreng Spesial,Makanan,L005,Tangerang,Banten,3,27000,81000,Tidak Ada,,0.0,0,81000,Transfer Bank,Selesai
TRX00825,2025-05-25,2025,5,May,Sunday,API Marketplace,API,C006,Website,CU0160,Reguler,P008,Roti Bakar Keju,Snack,L002,Jakarta Timur,DKI Jakarta,1,20000,20000,Payday Sale,PAYDAY15,0.15,3000,0,Transfer Bank,Dibatalkan
TRX00826,2025-05-25,2025,5,May,Sunday,Database POS,Database,C001,POS Kasir,CU0043,Loyal,P006,Mie Ayam Jamur,Makanan,L005,Tangerang,Banten,2,24000,48000,Payday Sale,PAYDAY15,0.15,7200,40800,Kartu Debit,Selesai
TRX00827,2025-05-25,2025,5,May,Sunday,Excel Cabang,Excel,C005,Tokopedia,CU0159,Reguler,P012,Dimsum Ayam,Makanan,L003,Jakarta Selatan,DKI Jakarta,2,28000,56000,Tidak Ada,,0.0,0,0,QRIS,Dibatalkan
TRX00828,2025-05-25,2025,5,May,Sunday,Aplikasi Kasir Digital,POS,C004,GrabFood,CU0137,Baru,P009,Keripik Singkong,Snack,L002,Jakarta Timur,DKI Jakarta,3,16000,48000,Tidak Ada,,0.0,0,48000,QRIS,Selesai
TRX00829,2025-05-25,2025,5,May,Sunday,Aplikasi Kasir Digital,POS,C006,Website,CU0156,Reguler,P004,Nasi Ayam Geprek,Makanan,L002,Jakarta Timur,DKI Jakarta,1,25000,25000,Flash Sale,FLASH20,0.2,5000,20000,Kartu Debit,Selesai
TRX00830,2025-05-25,2025,5,May,Sunday,CSV Marketplace,CSV,C004,GrabFood,CU0082,Reguler,P001,Kopi Susu Gula Aren,Minuman,L003,Jakarta Selatan,DKI Jakarta,1,18000,18000,Flash Sale,FLASH20,0.2,3600,14400,QRIS,Selesai
TRX00831,2025-05-25,2025,5,May,Sunday,API Marketplace,API,C002,ShopeeFood,CU0023,Baru,P002,Es Kopi Latte,Minuman,L005,Tangerang,Banten,1,22000,22000,Diskon Produk,DISKON10,0.1,2200,19800,COD,Selesai
TRX00832,2025-05-25,2025,5,May,Sunday,CSV Marketplace,CSV,C003,GoFood,CU0100,Baru,P001,Kopi Susu Gula Aren,Minuman,L005,Tangerang,Banten,1,18000,18000,Tidak Ada,,0.0,0,18000,Transfer Bank,Selesai
TRX00833,2025-05-25,2025,5,May,Sunday,Excel Cabang,Excel,C004,GrabFood,CU0153,Reguler,P006,Mie Ayam Jamur,Makanan,L003,Jakarta Selatan,DKI Jakarta,1,24000,24000,Tidak Ada,,0.0,0,24000,COD,Selesai
TRX00834,2025-05-25,2025,5,May,Sunday,API Marketplace,API,C001,POS Kasir,CU0105,Baru,P009,Keripik Singkong,Snack,L004,Depok,Jawa Barat,1,16000,16000,Voucher Ongkir,ONGKIR5,0.05,800,15200,QRIS,Selesai
TRX00835,2025-05-25,2025,5,May,Sunday,Aplikasi Kasir Digital,POS,C003,GoFood,CU0064,Loyal,P004,Nasi Ayam Geprek,Makanan,L001,Bekasi,Jawa Barat,4,25000,100000,Payday Sale,PAYDAY15,0.15,15000,85000,Transfer Bank,Selesai
TRX00836,2025-05-25,2025,5,May,Sunday,Aplikasi Kasir Digital,POS,C001,POS Kasir,CU0096,Reguler,P007,Brownies Cokelat,Snack,L004,Depok,Jawa Barat,1,30000,30000,Bundling,BUNDLE12,0.12,3600,26400,Transfer Bank,Selesai
TRX00837,2025-05-26,2025,5,May,Monday,Database POS,Database,C001,POS Kasir,CU0168,Reseller,P008,Roti Bakar Keju,Snack,L001,Bekasi,Jawa Barat,4,20000,80000,Payday Sale,PAYDAY15,0.15,12000,68000,QRIS,Selesai
TRX00838,2025-05-26,2025,5,May,Monday,API Marketplace,API,C005,Tokopedia,CU0090,Loyal,P008,Roti Bakar Keju,Snack,L003,Jakarta Selatan,DKI Jakarta,3,20000,60000,Diskon Produk,DISKON10,0.1,6000,54000,Transfer Bank,Selesai
TRX00839,2025-05-26,2025,5,May,Monday,CSV Marketplace,CSV,C001,POS Kasir,CU0077,Baru,P009,Keripik Singkong,Snack,L003,Jakarta Selatan,DKI Jakarta,2,16000,32000,Voucher Ongkir,ONGKIR5,0.05,1600,30400,QRIS,Selesai
TRX00840,2025-05-26,2025,5,May,Monday,Database POS,Database,C003,GoFood,CU0082,Loyal,P012,Dimsum Ayam,Makanan,L005,Tangerang,Banten,1,28000,28000,Voucher Ongkir,ONGKIR5,0.05,1400,26600,E-Wallet,Selesai
TRX00841,2025-05-26,2025,5,May,Monday,CSV Marketplace,CSV,C003,GoFood,CU0054,Reguler,P012,Dimsum Ayam,Makanan,L004,Depok,Jawa Barat,2,28000,56000,Diskon Produk,DISKON10,0.1,5600,50400,Kartu Debit,Selesai
TRX00842,2025-05-26,2025,5,May,Monday,Excel Cabang,Excel,C006,Website,CU0003,Reguler,P012,Dimsum Ayam,Makanan,L002,Jakarta Timur,DKI Jakarta,2,28000,56000,Tidak Ada,,0.0,0,56000,COD,Selesai
TRX00843,2025-05-26,2025,5,May,Monday,Database POS,Database,C004,GrabFood,CU0167,Reguler,P012,Dimsum Ayam,Makanan,L006,Bogor,Jawa Barat,2,28000,56000,Payday Sale,PAYDAY15,0.15,8400,47600,Kartu Debit,Selesai
TRX00844,2025-05-26,2025,5,May,Monday,Excel Cabang,Excel,C006,Website,CU0154,Reguler,P011,Paket Kopi dan Snack,Paket,L004,Depok,Jawa Barat,1,35000,35000,Flash Sale,FLASH20,0.2,7000,28000,Transfer Bank,Selesai
TRX00845,2025-05-26,2025,5,May,Monday,Database POS,Database,C001,POS Kasir,CU0003,Baru,P012,Dimsum Ayam,Makanan,L001,Bekasi,Jawa Barat,1,28000,28000,Tidak Ada,,0.0,0,28000,QRIS,Selesai
TRX00846,2025-05-27,2025,5,May,Tuesday,API Marketplace,API,C006,Website,CU0127,Reseller,P002,Es Kopi Latte,Minuman,L005,Tangerang,Banten,3,22000,66000,Tidak Ada,,0.0,0,66000,QRIS,Selesai
TRX00847,2025-05-27,2025,5,May,Tuesday,CSV Marketplace,CSV,C005,Tokopedia,CU0164,Reguler,P012,Dimsum Ayam,Makanan,L006,Bogor,Jawa Barat,1,28000,28000,Bundling,BUNDLE12,0.12,3360,24640,E-Wallet,Selesai
TRX00848,2025-05-27,2025,5,May,Tuesday,CSV Marketplace,CSV,C005,Tokopedia,CU0175,Reguler,P008,Roti Bakar Keju,Snack,L002,Jakarta Timur,DKI Jakarta,2,20000,40000,Voucher Ongkir,ONGKIR5,0.05,2000,38000,Transfer Bank,Selesai
TRX00849,2025-05-27,2025,5,May,Tuesday,CSV Marketplace,CSV,C001,POS Kasir,CU0059,Loyal,P003,Teh Lemon,Minuman,L006,Bogor,Jawa Barat,1,15000,15000,Voucher Ongkir,ONGKIR5,0.05,750,14250,E-Wallet,Selesai
TRX00850,2025-05-27,2025,5,May,Tuesday,Aplikasi Kasir Digital,POS,C006,Website,CU0117,Baru,P011,Paket Kopi dan Snack,Paket,L001,Bekasi,Jawa Barat,2,35000,70000,Payday Sale,PAYDAY15,0.15,10500,59500,COD,Selesai
TRX00851,2025-05-27,2025,5,May,Tuesday,Database POS,Database,C003,GoFood,CU0032,Reguler,P011,Paket Kopi dan Snack,Paket,L001,Bekasi,Jawa Barat,3,35000,105000,Diskon Produk,DISKON10,0.1,10500,94500,COD,Selesai
TRX00852,2025-05-28,2025,5,May,Wednesday,Database POS,Database,C003,GoFood,CU0101,Baru,P004,Nasi Ayam Geprek,Makanan,L001,Bekasi,Jawa Barat,2,25000,50000,Diskon Produk,DISKON10,0.1,5000,45000,QRIS,Selesai
TRX00853,2025-05-28,2025,5,May,Wednesday,Database POS,Database,C002,ShopeeFood,CU0051,Baru,P001,Kopi Susu Gula Aren,Minuman,L006,Bogor,Jawa Barat,4,18000,72000,Flash Sale,FLASH20,0.2,14400,57600,E-Wallet,Selesai
TRX00854,2025-05-28,2025,5,May,Wednesday,Database POS,Database,C001,POS Kasir,CU0161,Reseller,P011,Paket Kopi dan Snack,Paket,L001,Bekasi,Jawa Barat,1,35000,35000,Tidak Ada,,0.0,0,35000,E-Wallet,Selesai
TRX00855,2025-05-28,2025,5,May,Wednesday,Excel Cabang,Excel,C003,GoFood,CU0061,Reseller,P008,Roti Bakar Keju,Snack,L002,Jakarta Timur,DKI Jakarta,3,20000,60000,Voucher Ongkir,ONGKIR5,0.05,3000,57000,Kartu Debit,Selesai
TRX00856,2025-05-28,2025,5,May,Wednesday,Aplikasi Kasir Digital,POS,C004,GrabFood,CU0009,Reguler,P002,Es Kopi Latte,Minuman,L006,Bogor,Jawa Barat,1,22000,22000,Bundling,BUNDLE12,0.12,2640,19360,QRIS,Selesai
TRX00857,2025-05-28,2025,5,May,Wednesday,API Marketplace,API,C001,POS Kasir,CU0027,Reguler,P001,Kopi Susu Gula Aren,Minuman,L004,Depok,Jawa Barat,2,18000,36000,Diskon Produk,DISKON10,0.1,3600,32400,Kartu Debit,Selesai
TRX00858,2025-05-29,2025,5,May,Thursday,Database POS,Database,C005,Tokopedia,CU0169,Reguler,P007,Brownies Cokelat,Snack,L001,Bekasi,Jawa Barat,1,30000,30000,Tidak Ada,,0.0,0,30000,COD,Selesai
TRX00859,2025-05-29,2025,5,May,Thursday,Excel Cabang,Excel,C005,Tokopedia,CU0007,Reguler,P007,Brownies Cokelat,Snack,L005,Tangerang,Banten,1,30000,30000,Flash Sale,FLASH20,0.2,6000,24000,E-Wallet,Selesai
TRX00860,2025-05-29,2025,5,May,Thursday,Aplikasi Kasir Digital,POS,C001,POS Kasir,CU0050,Reseller,P002,Es Kopi Latte,Minuman,L001,Bekasi,Jawa Barat,2,22000,44000,Tidak Ada,,0.0,0,44000,Transfer Bank,Selesai
TRX00861,2025-05-29,2025,5,May,Thursday,Database POS,Database,C004,GrabFood,CU0063,Baru,P005,Nasi Goreng Spesial,Makanan,L003,Jakarta Selatan,DKI Jakarta,2,27000,54000,Tidak Ada,,0.0,0,54000,QRIS,Selesai
TRX00862,2025-05-29,2025,5,May,Thursday,Aplikasi Kasir Digital,POS,C004,GrabFood,CU0080,Reguler,P005,Nasi Goreng Spesial,Makanan,L005,Tangerang,Banten,4,27000,108000,Voucher Ongkir,ONGKIR5,0.05,5400,102600,Kartu Debit,Selesai
TRX00863,2025-05-30,2025,5,May,Friday,API Marketplace,API,C005,Tokopedia,CU0133,Reguler,P008,Roti Bakar Keju,Snack,L003,Jakarta Selatan,DKI Jakarta,1,20000,20000,Bundling,BUNDLE12,0.12,2400,17600,Transfer Bank,Selesai
TRX00864,2025-05-30,2025,5,May,Friday,Database POS,Database,C001,POS Kasir,CU0164,Reseller,P009,Keripik Singkong,Snack,L005,Tangerang,Banten,1,16000,16000,Bundling,BUNDLE12,0.12,1920,14080,QRIS,Selesai
TRX00865,2025-05-30,2025,5,May,Friday,Database POS,Database,C006,Website,CU0149,Reguler,P011,Paket Kopi dan Snack,Paket,L004,Depok,Jawa Barat,2,35000,70000,Tidak Ada,,0.0,0,70000,E-Wallet,Selesai
TRX00866,2025-05-31,2025,5,May,Saturday,Excel Cabang,Excel,C004,GrabFood,CU0164,Baru,P003,Teh Lemon,Minuman,L001,Bekasi,Jawa Barat,2,15000,30000,Flash Sale,FLASH20,0.2,6000,24000,Transfer Bank,Selesai
TRX00867,2025-05-31,2025,5,May,Saturday,API Marketplace,API,C004,GrabFood,CU0103,Baru,P004,Nasi Ayam Geprek,Makanan,L002,Jakarta Timur,DKI Jakarta,3,25000,75000,Tidak Ada,,0.0,0,75000,QRIS,Selesai
TRX00868,2025-05-31,2025,5,May,Saturday,Aplikasi Kasir Digital,POS,C001,POS Kasir,CU0050,Reguler,P002,Es Kopi Latte,Minuman,L003,Jakarta Selatan,DKI Jakarta,1,22000,22000,Tidak Ada,,0.0,0,22000,E-Wallet,Selesai
TRX00869,2025-05-31,2025,5,May,Saturday,API Marketplace,API,C002,ShopeeFood,CU0045,Reguler,P001,Kopi Susu Gula Aren,Minuman,L002,Jakarta Timur,DKI Jakarta,1,18000,18000,Payday Sale,PAYDAY15,0.15,2700,15300,Kartu Debit,Selesai
TRX00870,2025-05-31,2025,5,May,Saturday,API Marketplace,API,C002,ShopeeFood,CU0174,Baru,P004,Nasi Ayam Geprek,Makanan,L001,Bekasi,Jawa Barat,4,25000,100000,Tidak Ada,,0.0,0,100000,QRIS,Selesai
TRX00871,2025-05-31,2025,5,May,Saturday,CSV Marketplace,CSV,C004,GrabFood,CU0044,Reseller,P004,Nasi Ayam Geprek,Makanan,L003,Jakarta Selatan,DKI Jakarta,1,25000,25000,Tidak Ada,,0.0,0,25000,Kartu Debit,Selesai
TRX00872,2025-05-31,2025,5,May,Saturday,CSV Marketplace,CSV,C001,POS Kasir,CU0049,Baru,P012,Dimsum Ayam,Makanan,L001,Bekasi,Jawa Barat,3,28000,84000,Tidak Ada,,0.0,0,84000,COD,Selesai
TRX00873,2025-05-31,2025,5,May,Saturday,CSV Marketplace,CSV,C004,GrabFood,CU0151,Baru,P006,Mie Ayam Jamur,Makanan,L005,Tangerang,Banten,4,24000,96000,Voucher Ongkir,ONGKIR5,0.05,4800,91200,Kartu Debit,Selesai
TRX00874,2025-06-01,2025,6,June,Sunday,API Marketplace,API,C006,Website,CU0150,Loyal,P004,Nasi Ayam Geprek,Makanan,L001,Bekasi,Jawa Barat,3,25000,75000,Payday Sale,PAYDAY15,0.15,11250,63750,Transfer Bank,Selesai
TRX00875,2025-06-01,2025,6,June,Sunday,Excel Cabang,Excel,C005,Tokopedia,CU0166,Loyal,P008,Roti Bakar Keju,Snack,L006,Bogor,Jawa Barat,1,20000,20000,Tidak Ada,,0.0,0,20000,E-Wallet,Selesai
TRX00876,2025-06-01,2025,6,June,Sunday,API Marketplace,API,C003,GoFood,CU0127,Reguler,P008,Roti Bakar Keju,Snack,L002,Jakarta Timur,DKI Jakarta,2,20000,40000,Tidak Ada,,0.0,0,40000,Kartu Debit,Selesai
TRX00877,2025-06-01,2025,6,June,Sunday,CSV Marketplace,CSV,C001,POS Kasir,CU0061,Reguler,P010,Paket Hemat UMKM,Paket,L006,Bogor,Jawa Barat,1,45000,45000,Tidak Ada,,0.0,0,45000,E-Wallet,Selesai
TRX00878,2025-06-01,2025,6,June,Sunday,API Marketplace,API,C002,ShopeeFood,CU0022,Baru,P007,Brownies Cokelat,Snack,L005,Tangerang,Banten,1,30000,30000,Tidak Ada,,0.0,0,30000,Kartu Debit,Selesai
TRX00879,2025-06-01,2025,6,June,Sunday,Aplikasi Kasir Digital,POS,C004,GrabFood,CU0120,Reguler,P010,Paket Hemat UMKM,Paket,L001,Bekasi,Jawa Barat,2,45000,90000,Tidak Ada,,0.0,0,90000,E-Wallet,Selesai
TRX00880,2025-06-02,2025,6,June,Monday,CSV Marketplace,CSV,C001,POS Kasir,CU0020,Reguler,P005,Nasi Goreng Spesial,Makanan,L004,Depok,Jawa Barat,1,27000,27000,Tidak Ada,,0.0,0,27000,QRIS,Selesai
TRX00881,2025-06-02,2025,6,June,Monday,Excel Cabang,Excel,C005,Tokopedia,CU0026,Baru,P009,Keripik Singkong,Snack,L005,Tangerang,Banten,3,16000,48000,Flash Sale,FLASH20,0.2,9600,38400,E-Wallet,Selesai
TRX00882,2025-06-02,2025,6,June,Monday,API Marketplace,API,C002,ShopeeFood,CU0175,Loyal,P004,Nasi Ayam Geprek,Makanan,L003,Jakarta Selatan,DKI Jakarta,1,25000,25000,Diskon Produk,DISKON10,0.1,2500,22500,Transfer Bank,Selesai
TRX00883,2025-06-02,2025,6,June,Monday,Aplikasi Kasir Digital,POS,C006,Website,CU0077,Baru,P003,Teh Lemon,Minuman,L006,Bogor,Jawa Barat,4,15000,60000,Tidak Ada,,0.0,0,60000,E-Wallet,Selesai
TRX00884,2025-06-03,2025,6,June,Tuesday,Excel Cabang,Excel,C006,Website,CU0039,Loyal,P007,Brownies Cokelat,Snack,L005,Tangerang,Banten,2,30000,60000,Tidak Ada,,0.0,0,60000,Transfer Bank,Selesai
TRX00885,2025-06-03,2025,6,June,Tuesday,CSV Marketplace,CSV,C004,GrabFood,CU0120,Loyal,P012,Dimsum Ayam,Makanan,L002,Jakarta Timur,DKI Jakarta,2,28000,56000,Voucher Ongkir,ONGKIR5,0.05,2800,53200,COD,Selesai
TRX00886,2025-06-03,2025,6,June,Tuesday,Database POS,Database,C002,ShopeeFood,CU0054,Reguler,P002,Es Kopi Latte,Minuman,L003,Jakarta Selatan,DKI Jakarta,3,22000,66000,Diskon Produk,DISKON10,0.1,6600,59400,Kartu Debit,Selesai
TRX00887,2025-06-03,2025,6,June,Tuesday,API Marketplace,API,C002,ShopeeFood,CU0169,Loyal,P003,Teh Lemon,Minuman,L005,Tangerang,Banten,4,15000,60000,Tidak Ada,,0.0,0,60000,E-Wallet,Selesai
TRX00888,2025-06-03,2025,6,June,Tuesday,Aplikasi Kasir Digital,POS,C004,GrabFood,CU0146,Loyal,P007,Brownies Cokelat,Snack,L006,Bogor,Jawa Barat,1,30000,30000,Tidak Ada,,0.0,0,30000,Transfer Bank,Selesai
TRX00889,2025-06-04,2025,6,June,Wednesday,Aplikasi Kasir Digital,POS,C005,Tokopedia,CU0098,Baru,P010,Paket Hemat UMKM,Paket,L006,Bogor,Jawa Barat,2,45000,90000,Tidak Ada,,0.0,0,90000,COD,Selesai
TRX00890,2025-06-04,2025,6,June,Wednesday,Excel Cabang,Excel,C004,GrabFood,CU0164,Loyal,P007,Brownies Cokelat,Snack,L002,Jakarta Timur,DKI Jakarta,1,30000,30000,Bundling,BUNDLE12,0.12,3600,26400,QRIS,Selesai
TRX00891,2025-06-04,2025,6,June,Wednesday,Excel Cabang,Excel,C002,ShopeeFood,CU0007,Baru,P011,Paket Kopi dan Snack,Paket,L005,Tangerang,Banten,3,35000,105000,Diskon Produk,DISKON10,0.1,10500,0,QRIS,Dibatalkan
TRX00892,2025-06-04,2025,6,June,Wednesday,CSV Marketplace,CSV,C002,ShopeeFood,CU0117,Baru,P007,Brownies Cokelat,Snack,L003,Jakarta Selatan,DKI Jakarta,1,30000,30000,Tidak Ada,,0.0,0,30000,Kartu Debit,Selesai
TRX00893,2025-06-05,2025,6,June,Thursday,Excel Cabang,Excel,C002,ShopeeFood,CU0018,Reguler,P007,Brownies Cokelat,Snack,L004,Depok,Jawa Barat,1,30000,30000,Tidak Ada,,0.0,0,30000,Transfer Bank,Selesai
TRX00894,2025-06-05,2025,6,June,Thursday,Database POS,Database,C004,GrabFood,CU0080,Reguler,P004,Nasi Ayam Geprek,Makanan,L003,Jakarta Selatan,DKI Jakarta,1,25000,25000,Tidak Ada,,0.0,0,25000,Kartu Debit,Selesai
TRX00895,2025-06-05,2025,6,June,Thursday,Excel Cabang,Excel,C002,ShopeeFood,CU0103,Reguler,P008,Roti Bakar Keju,Snack,L003,Jakarta Selatan,DKI Jakarta,5,20000,100000,Tidak Ada,,0.0,0,100000,Transfer Bank,Selesai
TRX00896,2025-06-05,2025,6,June,Thursday,Database POS,Database,C004,GrabFood,CU0074,Reguler,P010,Paket Hemat UMKM,Paket,L004,Depok,Jawa Barat,2,45000,90000,Diskon Produk,DISKON10,0.1,9000,81000,COD,Selesai
TRX00897,2025-06-06,2025,6,June,Friday,Database POS,Database,C002,ShopeeFood,CU0111,Reguler,P007,Brownies Cokelat,Snack,L005,Tangerang,Banten,1,30000,30000,Payday Sale,PAYDAY15,0.15,4500,25500,Transfer Bank,Selesai
TRX00898,2025-06-06,2025,6,June,Friday,Excel Cabang,Excel,C006,Website,CU0071,Loyal,P002,Es Kopi Latte,Minuman,L004,Depok,Jawa Barat,1,22000,22000,Payday Sale,PAYDAY15,0.15,3300,18700,Kartu Debit,Selesai
TRX00899,2025-06-06,2025,6,June,Friday,CSV Marketplace,CSV,C006,Website,CU0142,Baru,P002,Es Kopi Latte,Minuman,L006,Bogor,Jawa Barat,4,22000,88000,Tidak Ada,,0.0,0,88000,E-Wallet,Selesai
TRX00900,2025-06-06,2025,6,June,Friday,Database POS,Database,C003,GoFood,CU0130,Baru,P002,Es Kopi Latte,Minuman,L005,Tangerang,Banten,2,22000,44000,Tidak Ada,,0.0,0,44000,QRIS,Selesai
TRX00901,2025-06-07,2025,6,June,Saturday,CSV Marketplace,CSV,C004,GrabFood,CU0030,Loyal,P006,Mie Ayam Jamur,Makanan,L006,Bogor,Jawa Barat,1,24000,24000,Tidak Ada,,0.0,0,24000,Transfer Bank,Selesai
TRX00902,2025-06-07,2025,6,June,Saturday,Database POS,Database,C004,GrabFood,CU0063,Loyal,P012,Dimsum Ayam,Makanan,L004,Depok,Jawa Barat,1,28000,28000,Tidak Ada,,0.0,0,28000,COD,Selesai
TRX00903,2025-06-07,2025,6,June,Saturday,Excel Cabang,Excel,C002,ShopeeFood,CU0032,Reguler,P005,Nasi Goreng Spesial,Makanan,L002,Jakarta Timur,DKI Jakarta,2,27000,54000,Tidak Ada,,0.0,0,54000,COD,Selesai
TRX00904,2025-06-07,2025,6,June,Saturday,API Marketplace,API,C006,Website,CU0056,Loyal,P011,Paket Kopi dan Snack,Paket,L001,Bekasi,Jawa Barat,1,35000,35000,Tidak Ada,,0.0,0,35000,Kartu Debit,Selesai
TRX00905,2025-06-07,2025,6,June,Saturday,Aplikasi Kasir Digital,POS,C006,Website,CU0027,Reguler,P012,Dimsum Ayam,Makanan,L001,Bekasi,Jawa Barat,2,28000,56000,Diskon Produk,DISKON10,0.1,5600,50400,E-Wallet,Selesai
TRX00906,2025-06-07,2025,6,June,Saturday,Database POS,Database,C001,POS Kasir,CU0096,Reseller,P010,Paket Hemat UMKM,Paket,L001,Bekasi,Jawa Barat,3,45000,135000,Flash Sale,FLASH20,0.2,27000,108000,Transfer Bank,Selesai
TRX00907,2025-06-07,2025,6,June,Saturday,API Marketplace,API,C001,POS Kasir,CU0017,Baru,P007,Brownies Cokelat,Snack,L001,Bekasi,Jawa Barat,3,30000,90000,Diskon Produk,DISKON10,0.1,9000,81000,QRIS,Selesai
TRX00908,2025-06-07,2025,6,June,Saturday,CSV Marketplace,CSV,C006,Website,CU0084,Reguler,P011,Paket Kopi dan Snack,Paket,L002,Jakarta Timur,DKI Jakarta,1,35000,35000,Tidak Ada,,0.0,0,35000,Transfer Bank,Selesai
TRX00909,2025-06-08,2025,6,June,Sunday,Excel Cabang,Excel,C002,ShopeeFood,CU0103,Reguler,P002,Es Kopi Latte,Minuman,L002,Jakarta Timur,DKI Jakarta,1,22000,22000,Tidak Ada,,0.0,0,22000,QRIS,Selesai
TRX00910,2025-06-08,2025,6,June,Sunday,API Marketplace,API,C001,POS Kasir,CU0018,Loyal,P008,Roti Bakar Keju,Snack,L002,Jakarta Timur,DKI Jakarta,2,20000,40000,Tidak Ada,,0.0,0,40000,COD,Selesai
TRX00911,2025-06-08,2025,6,June,Sunday,Aplikasi Kasir Digital,POS,C001,POS Kasir,CU0146,Baru,P010,Paket Hemat UMKM,Paket,L004,Depok,Jawa Barat,3,45000,135000,Flash Sale,FLASH20,0.2,27000,108000,QRIS,Selesai
TRX00912,2025-06-08,2025,6,June,Sunday,CSV Marketplace,CSV,C004,GrabFood,CU0177,Reguler,P011,Paket Kopi dan Snack,Paket,L006,Bogor,Jawa Barat,1,35000,35000,Diskon Produk,DISKON10,0.1,3500,31500,COD,Selesai
TRX00913,2025-06-08,2025,6,June,Sunday,Database POS,Database,C005,Tokopedia,CU0060,Reguler,P001,Kopi Susu Gula Aren,Minuman,L005,Tangerang,Banten,1,18000,18000,Diskon Produk,DISKON10,0.1,1800,16200,QRIS,Selesai
TRX00914,2025-06-08,2025,6,June,Sunday,CSV Marketplace,CSV,C003,GoFood,CU0159,Baru,P010,Paket Hemat UMKM,Paket,L001,Bekasi,Jawa Barat,2,45000,90000,Voucher Ongkir,ONGKIR5,0.05,4500,85500,Transfer Bank,Selesai
TRX00915,2025-06-08,2025,6,June,Sunday,Database POS,Database,C002,ShopeeFood,CU0154,Reseller,P005,Nasi Goreng Spesial,Makanan,L002,Jakarta Timur,DKI Jakarta,1,27000,27000,Tidak Ada,,0.0,0,27000,COD,Selesai
TRX00916,2025-06-08,2025,6,June,Sunday,API Marketplace,API,C003,GoFood,CU0134,Loyal,P006,Mie Ayam Jamur,Makanan,L002,Jakarta Timur,DKI Jakarta,2,24000,48000,Voucher Ongkir,ONGKIR5,0.05,2400,45600,COD,Selesai
TRX00917,2025-06-09,2025,6,June,Monday,API Marketplace,API,C006,Website,CU0014,Reseller,P001,Kopi Susu Gula Aren,Minuman,L002,Jakarta Timur,DKI Jakarta,1,18000,18000,Tidak Ada,,0.0,0,18000,Transfer Bank,Selesai
TRX00918,2025-06-09,2025,6,June,Monday,Aplikasi Kasir Digital,POS,C002,ShopeeFood,CU0047,Reguler,P012,Dimsum Ayam,Makanan,L006,Bogor,Jawa Barat,3,28000,84000,Tidak Ada,,0.0,0,84000,QRIS,Selesai
TRX00919,2025-06-09,2025,6,June,Monday,Excel Cabang,Excel,C002,ShopeeFood,CU0053,Baru,P008,Roti Bakar Keju,Snack,L001,Bekasi,Jawa Barat,2,20000,40000,Tidak Ada,,0.0,0,40000,Transfer Bank,Selesai
TRX00920,2025-06-09,2025,6,June,Monday,Excel Cabang,Excel,C005,Tokopedia,CU0043,Loyal,P004,Nasi Ayam Geprek,Makanan,L002,Jakarta Timur,DKI Jakarta,1,25000,25000,Tidak Ada,,0.0,0,25000,Transfer Bank,Selesai
TRX00921,2025-06-10,2025,6,June,Tuesday,Database POS,Database,C005,Tokopedia,CU0124,Baru,P005,Nasi Goreng Spesial,Makanan,L003,Jakarta Selatan,DKI Jakarta,4,27000,108000,Tidak Ada,,0.0,0,108000,E-Wallet,Selesai
TRX00922,2025-06-10,2025,6,June,Tuesday,Database POS,Database,C004,GrabFood,CU0040,Loyal,P003,Teh Lemon,Minuman,L004,Depok,Jawa Barat,2,15000,30000,Diskon Produk,DISKON10,0.1,3000,27000,COD,Selesai
TRX00923,2025-06-10,2025,6,June,Tuesday,API Marketplace,API,C001,POS Kasir,CU0045,Baru,P007,Brownies Cokelat,Snack,L004,Depok,Jawa Barat,2,30000,60000,Tidak Ada,,0.0,0,60000,COD,Selesai
TRX00924,2025-06-11,2025,6,June,Wednesday,Database POS,Database,C005,Tokopedia,CU0121,Baru,P007,Brownies Cokelat,Snack,L005,Tangerang,Banten,1,30000,30000,Tidak Ada,,0.0,0,30000,Transfer Bank,Selesai
TRX00925,2025-06-11,2025,6,June,Wednesday,API Marketplace,API,C006,Website,CU0102,Reseller,P009,Keripik Singkong,Snack,L006,Bogor,Jawa Barat,2,16000,32000,Flash Sale,FLASH20,0.2,6400,25600,E-Wallet,Selesai
TRX00926,2025-06-11,2025,6,June,Wednesday,Excel Cabang,Excel,C005,Tokopedia,CU0032,Reguler,P005,Nasi Goreng Spesial,Makanan,L006,Bogor,Jawa Barat,1,27000,27000,Tidak Ada,,0.0,0,27000,Kartu Debit,Selesai
TRX00927,2025-06-11,2025,6,June,Wednesday,API Marketplace,API,C006,Website,CU0177,Reguler,P007,Brownies Cokelat,Snack,L003,Jakarta Selatan,DKI Jakarta,2,30000,60000,Tidak Ada,,0.0,0,60000,QRIS,Selesai
TRX00928,2025-06-12,2025,6,June,Thursday,Database POS,Database,C002,ShopeeFood,CU0162,Loyal,P012,Dimsum Ayam,Makanan,L002,Jakarta Timur,DKI Jakarta,1,28000,28000,Voucher Ongkir,ONGKIR5,0.05,1400,26600,QRIS,Selesai
TRX00929,2025-06-12,2025,6,June,Thursday,Aplikasi Kasir Digital,POS,C003,GoFood,CU0066,Baru,P011,Paket Kopi dan Snack,Paket,L002,Jakarta Timur,DKI Jakarta,2,35000,70000,Diskon Produk,DISKON10,0.1,7000,0,Kartu Debit,Dibatalkan
TRX00930,2025-06-12,2025,6,June,Thursday,Excel Cabang,Excel,C001,POS Kasir,CU0102,Loyal,P003,Teh Lemon,Minuman,L001,Bekasi,Jawa Barat,2,15000,30000,Flash Sale,FLASH20,0.2,6000,24000,QRIS,Selesai
TRX00931,2025-06-12,2025,6,June,Thursday,Database POS,Database,C002,ShopeeFood,CU0137,Reguler,P004,Nasi Ayam Geprek,Makanan,L004,Depok,Jawa Barat,1,25000,25000,Tidak Ada,,0.0,0,25000,COD,Selesai
TRX00932,2025-06-12,2025,6,June,Thursday,Excel Cabang,Excel,C006,Website,CU0089,Loyal,P012,Dimsum Ayam,Makanan,L004,Depok,Jawa Barat,1,28000,28000,Tidak Ada,,0.0,0,28000,E-Wallet,Selesai
TRX00933,2025-06-13,2025,6,June,Friday,CSV Marketplace,CSV,C001,POS Kasir,CU0018,Loyal,P012,Dimsum Ayam,Makanan,L003,Jakarta Selatan,DKI Jakarta,3,28000,84000,Tidak Ada,,0.0,0,84000,COD,Selesai
TRX00934,2025-06-13,2025,6,June,Friday,Database POS,Database,C006,Website,CU0035,Baru,P011,Paket Kopi dan Snack,Paket,L003,Jakarta Selatan,DKI Jakarta,1,35000,35000,Tidak Ada,,0.0,0,35000,Transfer Bank,Selesai
TRX00935,2025-06-13,2025,6,June,Friday,CSV Marketplace,CSV,C005,Tokopedia,CU0047,Loyal,P002,Es Kopi Latte,Minuman,L004,Depok,Jawa Barat,1,22000,22000,Tidak Ada,,0.0,0,22000,Transfer Bank,Selesai
TRX00936,2025-06-13,2025,6,June,Friday,Aplikasi Kasir Digital,POS,C006,Website,CU0021,Baru,P007,Brownies Cokelat,Snack,L004,Depok,Jawa Barat,1,30000,30000,Diskon Produk,DISKON10,0.1,3000,27000,COD,Selesai
TRX00937,2025-06-13,2025,6,June,Friday,Aplikasi Kasir Digital,POS,C001,POS Kasir,CU0026,Baru,P002,Es Kopi Latte,Minuman,L003,Jakarta Selatan,DKI Jakarta,1,22000,22000,Tidak Ada,,0.0,0,22000,E-Wallet,Selesai
TRX00938,2025-06-14,2025,6,June,Saturday,CSV Marketplace,CSV,C001,POS Kasir,CU0155,Reguler,P010,Paket Hemat UMKM,Paket,L001,Bekasi,Jawa Barat,2,45000,90000,Tidak Ada,,0.0,0,0,E-Wallet,Dibatalkan
TRX00939,2025-06-14,2025,6,June,Saturday,Database POS,Database,C005,Tokopedia,CU0088,Reseller,P008,Roti Bakar Keju,Snack,L003,Jakarta Selatan,DKI Jakarta,1,20000,20000,Diskon Produk,DISKON10,0.1,2000,0,Transfer Bank,Dibatalkan
TRX00940,2025-06-14,2025,6,June,Saturday,Aplikasi Kasir Digital,POS,C004,GrabFood,CU0085,Loyal,P011,Paket Kopi dan Snack,Paket,L004,Depok,Jawa Barat,1,35000,35000,Tidak Ada,,0.0,0,35000,QRIS,Selesai
TRX00941,2025-06-14,2025,6,June,Saturday,CSV Marketplace,CSV,C006,Website,CU0136,Baru,P012,Dimsum Ayam,Makanan,L004,Depok,Jawa Barat,1,28000,28000,Tidak Ada,,0.0,0,28000,Transfer Bank,Selesai
TRX00942,2025-06-14,2025,6,June,Saturday,Database POS,Database,C006,Website,CU0001,Reseller,P010,Paket Hemat UMKM,Paket,L006,Bogor,Jawa Barat,2,45000,90000,Diskon Produk,DISKON10,0.1,9000,81000,E-Wallet,Selesai
TRX00943,2025-06-14,2025,6,June,Saturday,API Marketplace,API,C006,Website,CU0125,Reguler,P006,Mie Ayam Jamur,Makanan,L001,Bekasi,Jawa Barat,2,24000,48000,Tidak Ada,,0.0,0,48000,Kartu Debit,Selesai
TRX00944,2025-06-15,2025,6,June,Sunday,Excel Cabang,Excel,C006,Website,CU0050,Loyal,P008,Roti Bakar Keju,Snack,L006,Bogor,Jawa Barat,2,20000,40000,Tidak Ada,,0.0,0,40000,Kartu Debit,Selesai
TRX00945,2025-06-15,2025,6,June,Sunday,CSV Marketplace,CSV,C001,POS Kasir,CU0173,Reseller,P012,Dimsum Ayam,Makanan,L005,Tangerang,Banten,2,28000,56000,Tidak Ada,,0.0,0,56000,COD,Selesai
TRX00946,2025-06-15,2025,6,June,Sunday,Aplikasi Kasir Digital,POS,C004,GrabFood,CU0169,Reguler,P008,Roti Bakar Keju,Snack,L001,Bekasi,Jawa Barat,1,20000,20000,Tidak Ada,,0.0,0,20000,QRIS,Selesai
TRX00947,2025-06-15,2025,6,June,Sunday,API Marketplace,API,C002,ShopeeFood,CU0057,Loyal,P012,Dimsum Ayam,Makanan,L001,Bekasi,Jawa Barat,4,28000,112000,Voucher Ongkir,ONGKIR5,0.05,5600,0,COD,Dibatalkan
TRX00948,2025-06-15,2025,6,June,Sunday,CSV Marketplace,CSV,C006,Website,CU0126,Baru,P011,Paket Kopi dan Snack,Paket,L001,Bekasi,Jawa Barat,4,35000,140000,Diskon Produk,DISKON10,0.1,14000,126000,E-Wallet,Selesai
TRX00949,2025-06-15,2025,6,June,Sunday,API Marketplace,API,C001,POS Kasir,CU0098,Reguler,P010,Paket Hemat UMKM,Paket,L005,Tangerang,Banten,1,45000,45000,Diskon Produk,DISKON10,0.1,4500,0,Kartu Debit,Refund
TRX00950,2025-06-15,2025,6,June,Sunday,API Marketplace,API,C002,ShopeeFood,CU0023,Reguler,P007,Brownies Cokelat,Snack,L002,Jakarta Timur,DKI Jakarta,1,30000,30000,Tidak Ada,,0.0,0,0,Kartu Debit,Dibatalkan
TRX00951,2025-06-16,2025,6,June,Monday,API Marketplace,API,C002,ShopeeFood,CU0001,Reguler,P010,Paket Hemat UMKM,Paket,L003,Jakarta Selatan,DKI Jakarta,4,45000,180000,Tidak Ada,,0.0,0,180000,Kartu Debit,Selesai
TRX00952,2025-06-16,2025,6,June,Monday,API Marketplace,API,C003,GoFood,CU0033,Reguler,P007,Brownies Cokelat,Snack,L004,Depok,Jawa Barat,3,30000,90000,Flash Sale,FLASH20,0.2,18000,72000,Kartu Debit,Selesai
TRX00953,2025-06-17,2025,6,June,Tuesday,Database POS,Database,C005,Tokopedia,CU0076,Loyal,P007,Brownies Cokelat,Snack,L001,Bekasi,Jawa Barat,1,30000,30000,Voucher Ongkir,ONGKIR5,0.05,1500,28500,COD,Selesai
TRX00954,2025-06-17,2025,6,June,Tuesday,CSV Marketplace,CSV,C003,GoFood,CU0180,Baru,P003,Teh Lemon,Minuman,L005,Tangerang,Banten,2,15000,30000,Voucher Ongkir,ONGKIR5,0.05,1500,28500,E-Wallet,Selesai
TRX00955,2025-06-18,2025,6,June,Wednesday,Database POS,Database,C005,Tokopedia,CU0075,Loyal,P005,Nasi Goreng Spesial,Makanan,L006,Bogor,Jawa Barat,2,27000,54000,Tidak Ada,,0.0,0,54000,COD,Selesai
TRX00956,2025-06-18,2025,6,June,Wednesday,CSV Marketplace,CSV,C006,Website,CU0058,Loyal,P006,Mie Ayam Jamur,Makanan,L002,Jakarta Timur,DKI Jakarta,3,24000,72000,Flash Sale,FLASH20,0.2,14400,0,QRIS,Dibatalkan
TRX00957,2025-06-19,2025,6,June,Thursday,API Marketplace,API,C004,GrabFood,CU0041,Reseller,P008,Roti Bakar Keju,Snack,L006,Bogor,Jawa Barat,5,20000,100000,Diskon Produk,DISKON10,0.1,10000,90000,Kartu Debit,Selesai
TRX00958,2025-06-19,2025,6,June,Thursday,API Marketplace,API,C004,GrabFood,CU0136,Loyal,P007,Brownies Cokelat,Snack,L006,Bogor,Jawa Barat,3,30000,90000,Tidak Ada,,0.0,0,90000,E-Wallet,Selesai
TRX00959,2025-06-19,2025,6,June,Thursday,Database POS,Database,C005,Tokopedia,CU0149,Loyal,P004,Nasi Ayam Geprek,Makanan,L006,Bogor,Jawa Barat,1,25000,25000,Tidak Ada,,0.0,0,25000,QRIS,Selesai
TRX00960,2025-06-20,2025,6,June,Friday,Aplikasi Kasir Digital,POS,C002,ShopeeFood,CU0075,Loyal,P008,Roti Bakar Keju,Snack,L006,Bogor,Jawa Barat,1,20000,20000,Diskon Produk,DISKON10,0.1,2000,18000,Transfer Bank,Selesai
TRX00961,2025-06-20,2025,6,June,Friday,Excel Cabang,Excel,C006,Website,CU0027,Reguler,P012,Dimsum Ayam,Makanan,L002,Jakarta Timur,DKI Jakarta,1,28000,28000,Payday Sale,PAYDAY15,0.15,4200,23800,Transfer Bank,Selesai
TRX00962,2025-06-20,2025,6,June,Friday,Excel Cabang,Excel,C002,ShopeeFood,CU0046,Reseller,P007,Brownies Cokelat,Snack,L006,Bogor,Jawa Barat,1,30000,30000,Bundling,BUNDLE12,0.12,3600,0,QRIS,Refund
TRX00963,2025-06-20,2025,6,June,Friday,Database POS,Database,C005,Tokopedia,CU0104,Baru,P011,Paket Kopi dan Snack,Paket,L003,Jakarta Selatan,DKI Jakarta,4,35000,140000,Diskon Produk,DISKON10,0.1,14000,126000,QRIS,Selesai
TRX00964,2025-06-21,2025,6,June,Saturday,Database POS,Database,C002,ShopeeFood,CU0172,Reguler,P012,Dimsum Ayam,Makanan,L005,Tangerang,Banten,3,28000,84000,Bundling,BUNDLE12,0.12,10080,73920,COD,Selesai
TRX00965,2025-06-21,2025,6,June,Saturday,Database POS,Database,C003,GoFood,CU0022,Baru,P011,Paket Kopi dan Snack,Paket,L004,Depok,Jawa Barat,1,35000,35000,Tidak Ada,,0.0,0,35000,Kartu Debit,Selesai
TRX00966,2025-06-21,2025,6,June,Saturday,Database POS,Database,C005,Tokopedia,CU0152,Baru,P010,Paket Hemat UMKM,Paket,L005,Tangerang,Banten,1,45000,45000,Diskon Produk,DISKON10,0.1,4500,0,COD,Refund
TRX00967,2025-06-21,2025,6,June,Saturday,Aplikasi Kasir Digital,POS,C003,GoFood,CU0138,Baru,P012,Dimsum Ayam,Makanan,L004,Depok,Jawa Barat,1,28000,28000,Tidak Ada,,0.0,0,28000,QRIS,Selesai
TRX00968,2025-06-21,2025,6,June,Saturday,Excel Cabang,Excel,C004,GrabFood,CU0167,Baru,P009,Keripik Singkong,Snack,L005,Tangerang,Banten,2,16000,32000,Tidak Ada,,0.0,0,0,Transfer Bank,Refund
TRX00969,2025-06-21,2025,6,June,Saturday,CSV Marketplace,CSV,C005,Tokopedia,CU0081,Baru,P002,Es Kopi Latte,Minuman,L002,Jakarta Timur,DKI Jakarta,1,22000,22000,Tidak Ada,,0.0,0,22000,Transfer Bank,Selesai
TRX00970,2025-06-21,2025,6,June,Saturday,Aplikasi Kasir Digital,POS,C001,POS Kasir,CU0022,Reseller,P011,Paket Kopi dan Snack,Paket,L002,Jakarta Timur,DKI Jakarta,1,35000,35000,Voucher Ongkir,ONGKIR5,0.05,1750,33250,Kartu Debit,Selesai
TRX00971,2025-06-21,2025,6,June,Saturday,Excel Cabang,Excel,C004,GrabFood,CU0133,Reseller,P009,Keripik Singkong,Snack,L002,Jakarta Timur,DKI Jakarta,1,16000,16000,Tidak Ada,,0.0,0,16000,E-Wallet,Selesai
TRX00972,2025-06-22,2025,6,June,Sunday,API Marketplace,API,C006,Website,CU0091,Reguler,P010,Paket Hemat UMKM,Paket,L004,Depok,Jawa Barat,2,45000,90000,Bundling,BUNDLE12,0.12,10800,79200,Kartu Debit,Selesai
TRX00973,2025-06-22,2025,6,June,Sunday,CSV Marketplace,CSV,C001,POS Kasir,CU0056,Reseller,P002,Es Kopi Latte,Minuman,L006,Bogor,Jawa Barat,1,22000,22000,Tidak Ada,,0.0,0,22000,Kartu Debit,Selesai
TRX00974,2025-06-22,2025,6,June,Sunday,CSV Marketplace,CSV,C003,GoFood,CU0141,Baru,P010,Paket Hemat UMKM,Paket,L003,Jakarta Selatan,DKI Jakarta,2,45000,90000,Tidak Ada,,0.0,0,90000,COD,Selesai
TRX00975,2025-06-22,2025,6,June,Sunday,Excel Cabang,Excel,C004,GrabFood,CU0178,Baru,P003,Teh Lemon,Minuman,L004,Depok,Jawa Barat,4,15000,60000,Diskon Produk,DISKON10,0.1,6000,54000,Transfer Bank,Selesai
TRX00976,2025-06-22,2025,6,June,Sunday,CSV Marketplace,CSV,C006,Website,CU0166,Loyal,P012,Dimsum Ayam,Makanan,L003,Jakarta Selatan,DKI Jakarta,2,28000,56000,Tidak Ada,,0.0,0,56000,Kartu Debit,Selesai
TRX00977,2025-06-22,2025,6,June,Sunday,Database POS,Database,C004,GrabFood,CU0020,Baru,P003,Teh Lemon,Minuman,L003,Jakarta Selatan,DKI Jakarta,1,15000,15000,Diskon Produk,DISKON10,0.1,1500,13500,Kartu Debit,Selesai
TRX00978,2025-06-22,2025,6,June,Sunday,API Marketplace,API,C001,POS Kasir,CU0086,Loyal,P009,Keripik Singkong,Snack,L004,Depok,Jawa Barat,2,16000,32000,Tidak Ada,,0.0,0,32000,Transfer Bank,Selesai
TRX00979,2025-06-23,2025,6,June,Monday,Database POS,Database,C001,POS Kasir,CU0027,Loyal,P005,Nasi Goreng Spesial,Makanan,L001,Bekasi,Jawa Barat,5,27000,135000,Tidak Ada,,0.0,0,135000,QRIS,Selesai
TRX00980,2025-06-23,2025,6,June,Monday,Database POS,Database,C005,Tokopedia,CU0147,Loyal,P012,Dimsum Ayam,Makanan,L003,Jakarta Selatan,DKI Jakarta,1,28000,28000,Tidak Ada,,0.0,0,28000,Kartu Debit,Selesai
TRX00981,2025-06-23,2025,6,June,Monday,API Marketplace,API,C002,ShopeeFood,CU0089,Loyal,P002,Es Kopi Latte,Minuman,L001,Bekasi,Jawa Barat,4,22000,88000,Tidak Ada,,0.0,0,88000,Kartu Debit,Selesai
TRX00982,2025-06-24,2025,6,June,Tuesday,API Marketplace,API,C002,ShopeeFood,CU0040,Reguler,P008,Roti Bakar Keju,Snack,L005,Tangerang,Banten,1,20000,20000,Tidak Ada,,0.0,0,20000,Transfer Bank,Selesai
TRX00983,2025-06-24,2025,6,June,Tuesday,API Marketplace,API,C001,POS Kasir,CU0156,Reguler,P012,Dimsum Ayam,Makanan,L003,Jakarta Selatan,DKI Jakarta,2,28000,56000,Tidak Ada,,0.0,0,56000,COD,Selesai
TRX00984,2025-06-24,2025,6,June,Tuesday,API Marketplace,API,C005,Tokopedia,CU0059,Reguler,P006,Mie Ayam Jamur,Makanan,L004,Depok,Jawa Barat,1,24000,24000,Tidak Ada,,0.0,0,0,QRIS,Dibatalkan
TRX00985,2025-06-24,2025,6,June,Tuesday,Excel Cabang,Excel,C001,POS Kasir,CU0024,Baru,P007,Brownies Cokelat,Snack,L003,Jakarta Selatan,DKI Jakarta,1,30000,30000,Tidak Ada,,0.0,0,30000,QRIS,Selesai
TRX00986,2025-06-24,2025,6,June,Tuesday,Excel Cabang,Excel,C004,GrabFood,CU0131,Reseller,P005,Nasi Goreng Spesial,Makanan,L005,Tangerang,Banten,4,27000,108000,Tidak Ada,,0.0,0,108000,Transfer Bank,Selesai
TRX00987,2025-06-25,2025,6,June,Wednesday,Excel Cabang,Excel,C002,ShopeeFood,CU0089,Baru,P001,Kopi Susu Gula Aren,Minuman,L005,Tangerang,Banten,2,18000,36000,Payday Sale,PAYDAY15,0.15,5400,30600,Kartu Debit,Selesai
TRX00988,2025-06-25,2025,6,June,Wednesday,CSV Marketplace,CSV,C004,GrabFood,CU0135,Reseller,P001,Kopi Susu Gula Aren,Minuman,L005,Tangerang,Banten,2,18000,36000,Flash Sale,FLASH20,0.2,7200,28800,Transfer Bank,Selesai
TRX00989,2025-06-25,2025,6,June,Wednesday,Excel Cabang,Excel,C003,GoFood,CU0096,Reseller,P003,Teh Lemon,Minuman,L005,Tangerang,Banten,1,15000,15000,Diskon Produk,DISKON10,0.1,1500,0,E-Wallet,Dibatalkan
TRX00990,2025-06-25,2025,6,June,Wednesday,API Marketplace,API,C001,POS Kasir,CU0055,Baru,P004,Nasi Ayam Geprek,Makanan,L005,Tangerang,Banten,1,25000,25000,Diskon Produk,DISKON10,0.1,2500,22500,Kartu Debit,Selesai
TRX00991,2025-06-25,2025,6,June,Wednesday,Excel Cabang,Excel,C005,Tokopedia,CU0125,Baru,P005,Nasi Goreng Spesial,Makanan,L006,Bogor,Jawa Barat,4,27000,108000,Flash Sale,FLASH20,0.2,21600,86400,QRIS,Selesai
TRX00992,2025-06-26,2025,6,June,Thursday,API Marketplace,API,C001,POS Kasir,CU0091,Baru,P006,Mie Ayam Jamur,Makanan,L001,Bekasi,Jawa Barat,3,24000,72000,Tidak Ada,,0.0,0,72000,COD,Selesai
TRX00993,2025-06-26,2025,6,June,Thursday,CSV Marketplace,CSV,C005,Tokopedia,CU0002,Baru,P002,Es Kopi Latte,Minuman,L005,Tangerang,Banten,1,22000,22000,Flash Sale,FLASH20,0.2,4400,17600,E-Wallet,Selesai
TRX00994,2025-06-26,2025,6,June,Thursday,API Marketplace,API,C003,GoFood,CU0069,Baru,P007,Brownies Cokelat,Snack,L003,Jakarta Selatan,DKI Jakarta,1,30000,30000,Tidak Ada,,0.0,0,30000,COD,Selesai
TRX00995,2025-06-26,2025,6,June,Thursday,API Marketplace,API,C002,ShopeeFood,CU0051,Baru,P008,Roti Bakar Keju,Snack,L002,Jakarta Timur,DKI Jakarta,2,20000,40000,Tidak Ada,,0.0,0,40000,E-Wallet,Selesai
TRX00996,2025-06-26,2025,6,June,Thursday,API Marketplace,API,C006,Website,CU0051,Reseller,P007,Brownies Cokelat,Snack,L004,Depok,Jawa Barat,4,30000,120000,Tidak Ada,,0.0,0,120000,E-Wallet,Selesai
TRX00997,2025-06-26,2025,6,June,Thursday,CSV Marketplace,CSV,C004,GrabFood,CU0103,Reguler,P008,Roti Bakar Keju,Snack,L005,Tangerang,Banten,1,20000,20000,Payday Sale,PAYDAY15,0.15,3000,17000,COD,Selesai
TRX00998,2025-06-26,2025,6,June,Thursday,CSV Marketplace,CSV,C002,ShopeeFood,CU0176,Baru,P002,Es Kopi Latte,Minuman,L001,Bekasi,Jawa Barat,1,22000,22000,Tidak Ada,,0.0,0,22000,E-Wallet,Selesai
TRX00999,2025-06-27,2025,6,June,Friday,Database POS,Database,C003,GoFood,CU0159,Baru,P008,Roti Bakar Keju,Snack,L003,Jakarta Selatan,DKI Jakarta,1,20000,20000,Diskon Produk,DISKON10,0.1,2000,18000,Kartu Debit,Selesai
TRX01000,2025-06-27,2025,6,June,Friday,CSV Marketplace,CSV,C003,GoFood,CU0122,Loyal,P005,Nasi Goreng Spesial,Makanan,L001,Bekasi,Jawa Barat,2,27000,54000,Diskon Produk,DISKON10,0.1,5400,48600,QRIS,Selesai
TRX01001,2025-06-27,2025,6,June,Friday,CSV Marketplace,CSV,C002,ShopeeFood,CU0163,Baru,P009,Keripik Singkong,Snack,L005,Tangerang,Banten,5,16000,80000,Voucher Ongkir,ONGKIR5,0.05,4000,76000,QRIS,Selesai
TRX01002,2025-06-27,2025,6,June,Friday,CSV Marketplace,CSV,C002,ShopeeFood,CU0024,Loyal,P001,Kopi Susu Gula Aren,Minuman,L003,Jakarta Selatan,DKI Jakarta,1,18000,18000,Payday Sale,PAYDAY15,0.15,2700,15300,COD,Selesai
TRX01003,2025-06-27,2025,6,June,Friday,CSV Marketplace,CSV,C006,Website,CU0016,Reguler,P005,Nasi Goreng Spesial,Makanan,L006,Bogor,Jawa Barat,1,27000,27000,Diskon Produk,DISKON10,0.1,2700,24300,QRIS,Selesai
TRX01004,2025-06-28,2025,6,June,Saturday,CSV Marketplace,CSV,C004,GrabFood,CU0011,Baru,P006,Mie Ayam Jamur,Makanan,L006,Bogor,Jawa Barat,1,24000,24000,Tidak Ada,,0.0,0,24000,E-Wallet,Selesai
TRX01005,2025-06-28,2025,6,June,Saturday,Excel Cabang,Excel,C005,Tokopedia,CU0126,Reguler,P008,Roti Bakar Keju,Snack,L003,Jakarta Selatan,DKI Jakarta,1,20000,20000,Diskon Produk,DISKON10,0.1,2000,18000,E-Wallet,Selesai
TRX01006,2025-06-28,2025,6,June,Saturday,Aplikasi Kasir Digital,POS,C006,Website,CU0093,Loyal,P011,Paket Kopi dan Snack,Paket,L001,Bekasi,Jawa Barat,3,35000,105000,Tidak Ada,,0.0,0,105000,E-Wallet,Selesai
TRX01007,2025-06-28,2025,6,June,Saturday,API Marketplace,API,C005,Tokopedia,CU0150,Reguler,P010,Paket Hemat UMKM,Paket,L005,Tangerang,Banten,1,45000,45000,Diskon Produk,DISKON10,0.1,4500,40500,QRIS,Selesai
TRX01008,2025-06-28,2025,6,June,Saturday,Excel Cabang,Excel,C001,POS Kasir,CU0168,Loyal,P012,Dimsum Ayam,Makanan,L005,Tangerang,Banten,2,28000,56000,Flash Sale,FLASH20,0.2,11200,44800,Transfer Bank,Selesai
TRX01009,2025-06-28,2025,6,June,Saturday,Aplikasi Kasir Digital,POS,C005,Tokopedia,CU0052,Reguler,P002,Es Kopi Latte,Minuman,L001,Bekasi,Jawa Barat,1,22000,22000,Payday Sale,PAYDAY15,0.15,3300,18700,Transfer Bank,Selesai
TRX01010,2025-06-28,2025,6,June,Saturday,API Marketplace,API,C005,Tokopedia,CU0144,Reseller,P004,Nasi Ayam Geprek,Makanan,L004,Depok,Jawa Barat,3,25000,75000,Payday Sale,PAYDAY15,0.15,11250,63750,E-Wallet,Selesai
TRX01011,2025-06-28,2025,6,June,Saturday,Excel Cabang,Excel,C004,GrabFood,CU0129,Loyal,P012,Dimsum Ayam,Makanan,L001,Bekasi,Jawa Barat,2,28000,56000,Voucher Ongkir,ONGKIR5,0.05,2800,53200,Transfer Bank,Selesai
TRX01012,2025-06-28,2025,6,June,Saturday,Excel Cabang,Excel,C003,GoFood,CU0178,Baru,P012,Dimsum Ayam,Makanan,L002,Jakarta Timur,DKI Jakarta,4,28000,112000,Tidak Ada,,0.0,0,112000,COD,Selesai
TRX01013,2025-06-28,2025,6,June,Saturday,CSV Marketplace,CSV,C001,POS Kasir,CU0144,Loyal,P009,Keripik Singkong,Snack,L005,Tangerang,Banten,1,16000,16000,Voucher Ongkir,ONGKIR5,0.05,800,15200,COD,Selesai
TRX01014,2025-06-29,2025,6,June,Sunday,CSV Marketplace,CSV,C005,Tokopedia,CU0132,Reguler,P001,Kopi Susu Gula Aren,Minuman,L002,Jakarta Timur,DKI Jakarta,2,18000,36000,Tidak Ada,,0.0,0,36000,Kartu Debit,Selesai
TRX01015,2025-06-29,2025,6,June,Sunday,API Marketplace,API,C006,Website,CU0012,Reguler,P004,Nasi Ayam Geprek,Makanan,L003,Jakarta Selatan,DKI Jakarta,2,25000,50000,Tidak Ada,,0.0,0,50000,E-Wallet,Selesai
TRX01016,2025-06-29,2025,6,June,Sunday,API Marketplace,API,C002,ShopeeFood,CU0064,Reseller,P003,Teh Lemon,Minuman,L003,Jakarta Selatan,DKI Jakarta,3,15000,45000,Tidak Ada,,0.0,0,45000,Transfer Bank,Selesai
TRX01017,2025-06-29,2025,6,June,Sunday,Aplikasi Kasir Digital,POS,C003,GoFood,CU0141,Baru,P001,Kopi Susu Gula Aren,Minuman,L006,Bogor,Jawa Barat,5,18000,90000,Tidak Ada,,0.0,0,90000,Transfer Bank,Selesai
TRX01018,2025-06-29,2025,6,June,Sunday,Excel Cabang,Excel,C003,GoFood,CU0092,Baru,P010,Paket Hemat UMKM,Paket,L003,Jakarta Selatan,DKI Jakarta,2,45000,90000,Tidak Ada,,0.0,0,90000,E-Wallet,Selesai
TRX01019,2025-06-30,2025,6,June,Monday,Excel Cabang,Excel,C005,Tokopedia,CU0168,Baru,P009,Keripik Singkong,Snack,L006,Bogor,Jawa Barat,2,16000,32000,Diskon Produk,DISKON10,0.1,3200,28800,Kartu Debit,Selesai
TRX01020,2025-06-30,2025,6,June,Monday,API Marketplace,API,C003,GoFood,CU0102,Baru,P008,Roti Bakar Keju,Snack,L002,Jakarta Timur,DKI Jakarta,1,20000,20000,Diskon Produk,DISKON10,0.1,2000,18000,Transfer Bank,Selesai
TRX01021,2025-07-01,2025,7,July,Tuesday,Excel Cabang,Excel,C004,GrabFood,CU0046,Baru,P006,Mie Ayam Jamur,Makanan,L002,Jakarta Timur,DKI Jakarta,2,24000,48000,Tidak Ada,,0.0,0,0,COD,Dibatalkan
TRX01022,2025-07-01,2025,7,July,Tuesday,Excel Cabang,Excel,C003,GoFood,CU0101,Reguler,P003,Teh Lemon,Minuman,L006,Bogor,Jawa Barat,1,15000,15000,Payday Sale,PAYDAY15,0.15,2250,12750,Transfer Bank,Selesai
TRX01023,2025-07-01,2025,7,July,Tuesday,Database POS,Database,C002,ShopeeFood,CU0026,Loyal,P002,Es Kopi Latte,Minuman,L004,Depok,Jawa Barat,4,22000,88000,Bundling,BUNDLE12,0.12,10560,77440,Transfer Bank,Selesai
TRX01024,2025-07-01,2025,7,July,Tuesday,Database POS,Database,C001,POS Kasir,CU0004,Loyal,P001,Kopi Susu Gula Aren,Minuman,L005,Tangerang,Banten,1,18000,18000,Tidak Ada,,0.0,0,18000,QRIS,Selesai
TRX01025,2025-07-01,2025,7,July,Tuesday,Aplikasi Kasir Digital,POS,C002,ShopeeFood,CU0028,Reguler,P002,Es Kopi Latte,Minuman,L003,Jakarta Selatan,DKI Jakarta,1,22000,22000,Bundling,BUNDLE12,0.12,2640,19360,E-Wallet,Selesai
TRX01026,2025-07-02,2025,7,July,Wednesday,Aplikasi Kasir Digital,POS,C004,GrabFood,CU0079,Reguler,P004,Nasi Ayam Geprek,Makanan,L002,Jakarta Timur,DKI Jakarta,3,25000,75000,Voucher Ongkir,ONGKIR5,0.05,3750,71250,Transfer Bank,Selesai
TRX01027,2025-07-02,2025,7,July,Wednesday,Aplikasi Kasir Digital,POS,C003,GoFood,CU0027,Reguler,P009,Keripik Singkong,Snack,L006,Bogor,Jawa Barat,1,16000,16000,Voucher Ongkir,ONGKIR5,0.05,800,15200,QRIS,Selesai
TRX01028,2025-07-03,2025,7,July,Thursday,Excel Cabang,Excel,C002,ShopeeFood,CU0091,Reguler,P003,Teh Lemon,Minuman,L001,Bekasi,Jawa Barat,1,15000,15000,Tidak Ada,,0.0,0,0,Transfer Bank,Dibatalkan
TRX01029,2025-07-03,2025,7,July,Thursday,Excel Cabang,Excel,C006,Website,CU0058,Baru,P011,Paket Kopi dan Snack,Paket,L004,Depok,Jawa Barat,2,35000,70000,Bundling,BUNDLE12,0.12,8400,61600,E-Wallet,Selesai
TRX01030,2025-07-03,2025,7,July,Thursday,API Marketplace,API,C001,POS Kasir,CU0012,Reguler,P010,Paket Hemat UMKM,Paket,L003,Jakarta Selatan,DKI Jakarta,4,45000,180000,Flash Sale,FLASH20,0.2,36000,144000,Transfer Bank,Selesai
TRX01031,2025-07-03,2025,7,July,Thursday,Database POS,Database,C002,ShopeeFood,CU0078,Reguler,P006,Mie Ayam Jamur,Makanan,L005,Tangerang,Banten,1,24000,24000,Diskon Produk,DISKON10,0.1,2400,21600,E-Wallet,Selesai
TRX01032,2025-07-03,2025,7,July,Thursday,API Marketplace,API,C004,GrabFood,CU0020,Loyal,P002,Es Kopi Latte,Minuman,L003,Jakarta Selatan,DKI Jakarta,4,22000,88000,Voucher Ongkir,ONGKIR5,0.05,4400,83600,Transfer Bank,Selesai
TRX01033,2025-07-04,2025,7,July,Friday,Database POS,Database,C004,GrabFood,CU0123,Loyal,P006,Mie Ayam Jamur,Makanan,L002,Jakarta Timur,DKI Jakarta,2,24000,48000,Voucher Ongkir,ONGKIR5,0.05,2400,45600,QRIS,Selesai
TRX01034,2025-07-04,2025,7,July,Friday,Excel Cabang,Excel,C002,ShopeeFood,CU0099,Reguler,P012,Dimsum Ayam,Makanan,L003,Jakarta Selatan,DKI Jakarta,1,28000,28000,Tidak Ada,,0.0,0,28000,COD,Selesai
TRX01035,2025-07-04,2025,7,July,Friday,API Marketplace,API,C005,Tokopedia,CU0063,Reguler,P012,Dimsum Ayam,Makanan,L004,Depok,Jawa Barat,1,28000,28000,Flash Sale,FLASH20,0.2,5600,22400,Kartu Debit,Selesai
TRX01036,2025-07-05,2025,7,July,Saturday,Excel Cabang,Excel,C004,GrabFood,CU0148,Loyal,P009,Keripik Singkong,Snack,L002,Jakarta Timur,DKI Jakarta,2,16000,32000,Tidak Ada,,0.0,0,32000,Transfer Bank,Selesai
TRX01037,2025-07-05,2025,7,July,Saturday,CSV Marketplace,CSV,C001,POS Kasir,CU0143,Reguler,P004,Nasi Ayam Geprek,Makanan,L003,Jakarta Selatan,DKI Jakarta,5,25000,125000,Tidak Ada,,0.0,0,0,Transfer Bank,Dibatalkan
TRX01038,2025-07-05,2025,7,July,Saturday,CSV Marketplace,CSV,C003,GoFood,CU0142,Reseller,P001,Kopi Susu Gula Aren,Minuman,L003,Jakarta Selatan,DKI Jakarta,1,18000,18000,Tidak Ada,,0.0,0,18000,COD,Selesai
TRX01039,2025-07-05,2025,7,July,Saturday,CSV Marketplace,CSV,C006,Website,CU0037,Reguler,P004,Nasi Ayam Geprek,Makanan,L001,Bekasi,Jawa Barat,1,25000,25000,Diskon Produk,DISKON10,0.1,2500,22500,QRIS,Selesai
TRX01040,2025-07-05,2025,7,July,Saturday,Excel Cabang,Excel,C001,POS Kasir,CU0153,Loyal,P007,Brownies Cokelat,Snack,L003,Jakarta Selatan,DKI Jakarta,2,30000,60000,Tidak Ada,,0.0,0,60000,QRIS,Selesai
TRX01041,2025-07-05,2025,7,July,Saturday,Excel Cabang,Excel,C002,ShopeeFood,CU0107,Baru,P003,Teh Lemon,Minuman,L001,Bekasi,Jawa Barat,1,15000,15000,Voucher Ongkir,ONGKIR5,0.05,750,14250,Transfer Bank,Selesai
TRX01042,2025-07-05,2025,7,July,Saturday,API Marketplace,API,C005,Tokopedia,CU0114,Loyal,P003,Teh Lemon,Minuman,L006,Bogor,Jawa Barat,2,15000,30000,Diskon Produk,DISKON10,0.1,3000,27000,QRIS,Selesai
TRX01043,2025-07-05,2025,7,July,Saturday,Excel Cabang,Excel,C006,Website,CU0042,Baru,P003,Teh Lemon,Minuman,L001,Bekasi,Jawa Barat,2,15000,30000,Tidak Ada,,0.0,0,30000,COD,Selesai
TRX01044,2025-07-05,2025,7,July,Saturday,API Marketplace,API,C006,Website,CU0059,Reguler,P008,Roti Bakar Keju,Snack,L005,Tangerang,Banten,4,20000,80000,Tidak Ada,,0.0,0,80000,Transfer Bank,Selesai
TRX01045,2025-07-06,2025,7,July,Sunday,CSV Marketplace,CSV,C006,Website,CU0101,Baru,P007,Brownies Cokelat,Snack,L002,Jakarta Timur,DKI Jakarta,1,30000,30000,Tidak Ada,,0.0,0,30000,Kartu Debit,Selesai
TRX01046,2025-07-06,2025,7,July,Sunday,Database POS,Database,C004,GrabFood,CU0098,Baru,P002,Es Kopi Latte,Minuman,L006,Bogor,Jawa Barat,1,22000,22000,Diskon Produk,DISKON10,0.1,2200,19800,E-Wallet,Selesai
TRX01047,2025-07-06,2025,7,July,Sunday,Excel Cabang,Excel,C001,POS Kasir,CU0086,Baru,P004,Nasi Ayam Geprek,Makanan,L003,Jakarta Selatan,DKI Jakarta,1,25000,25000,Diskon Produk,DISKON10,0.1,2500,22500,E-Wallet,Selesai
TRX01048,2025-07-06,2025,7,July,Sunday,Aplikasi Kasir Digital,POS,C002,ShopeeFood,CU0049,Reguler,P002,Es Kopi Latte,Minuman,L001,Bekasi,Jawa Barat,1,22000,22000,Flash Sale,FLASH20,0.2,4400,17600,QRIS,Selesai
TRX01049,2025-07-06,2025,7,July,Sunday,Excel Cabang,Excel,C005,Tokopedia,CU0012,Baru,P002,Es Kopi Latte,Minuman,L005,Tangerang,Banten,2,22000,44000,Voucher Ongkir,ONGKIR5,0.05,2200,0,QRIS,Dibatalkan
TRX01050,2025-07-06,2025,7,July,Sunday,Database POS,Database,C003,GoFood,CU0101,Loyal,P001,Kopi Susu Gula Aren,Minuman,L003,Jakarta Selatan,DKI Jakarta,2,18000,36000,Tidak Ada,,0.0,0,36000,Transfer Bank,Selesai
TRX01051,2025-07-07,2025,7,July,Monday,Aplikasi Kasir Digital,POS,C006,Website,CU0039,Baru,P006,Mie Ayam Jamur,Makanan,L004,Depok,Jawa Barat,1,24000,24000,Voucher Ongkir,ONGKIR5,0.05,1200,22800,COD,Selesai
TRX01052,2025-07-07,2025,7,July,Monday,CSV Marketplace,CSV,C002,ShopeeFood,CU0161,Baru,P001,Kopi Susu Gula Aren,Minuman,L003,Jakarta Selatan,DKI Jakarta,2,18000,36000,Tidak Ada,,0.0,0,36000,Transfer Bank,Selesai
TRX01053,2025-07-08,2025,7,July,Tuesday,Aplikasi Kasir Digital,POS,C005,Tokopedia,CU0134,Reseller,P012,Dimsum Ayam,Makanan,L002,Jakarta Timur,DKI Jakarta,5,28000,140000,Diskon Produk,DISKON10,0.1,14000,126000,E-Wallet,Selesai
TRX01054,2025-07-08,2025,7,July,Tuesday,API Marketplace,API,C003,GoFood,CU0011,Loyal,P003,Teh Lemon,Minuman,L003,Jakarta Selatan,DKI Jakarta,2,15000,30000,Flash Sale,FLASH20,0.2,6000,24000,COD,Selesai
TRX01055,2025-07-08,2025,7,July,Tuesday,CSV Marketplace,CSV,C001,POS Kasir,CU0025,Loyal,P010,Paket Hemat UMKM,Paket,L005,Tangerang,Banten,2,45000,90000,Bundling,BUNDLE12,0.12,10800,79200,Transfer Bank,Selesai
TRX01056,2025-07-09,2025,7,July,Wednesday,Excel Cabang,Excel,C004,GrabFood,CU0076,Baru,P009,Keripik Singkong,Snack,L001,Bekasi,Jawa Barat,2,16000,32000,Tidak Ada,,0.0,0,32000,E-Wallet,Selesai
TRX01057,2025-07-09,2025,7,July,Wednesday,CSV Marketplace,CSV,C001,POS Kasir,CU0122,Reseller,P006,Mie Ayam Jamur,Makanan,L001,Bekasi,Jawa Barat,2,24000,48000,Tidak Ada,,0.0,0,48000,COD,Selesai
TRX01058,2025-07-09,2025,7,July,Wednesday,Database POS,Database,C005,Tokopedia,CU0103,Reguler,P003,Teh Lemon,Minuman,L001,Bekasi,Jawa Barat,1,15000,15000,Payday Sale,PAYDAY15,0.15,2250,0,Kartu Debit,Dibatalkan
TRX01059,2025-07-09,2025,7,July,Wednesday,Aplikasi Kasir Digital,POS,C003,GoFood,CU0096,Baru,P003,Teh Lemon,Minuman,L004,Depok,Jawa Barat,3,15000,45000,Bundling,BUNDLE12,0.12,5400,39600,COD,Selesai
TRX01060,2025-07-10,2025,7,July,Thursday,Excel Cabang,Excel,C005,Tokopedia,CU0144,Baru,P011,Paket Kopi dan Snack,Paket,L001,Bekasi,Jawa Barat,2,35000,70000,Tidak Ada,,0.0,0,70000,QRIS,Selesai
TRX01061,2025-07-10,2025,7,July,Thursday,Excel Cabang,Excel,C004,GrabFood,CU0172,Baru,P003,Teh Lemon,Minuman,L005,Tangerang,Banten,1,15000,15000,Payday Sale,PAYDAY15,0.15,2250,12750,COD,Selesai
TRX01062,2025-07-10,2025,7,July,Thursday,Excel Cabang,Excel,C001,POS Kasir,CU0102,Loyal,P009,Keripik Singkong,Snack,L004,Depok,Jawa Barat,1,16000,16000,Tidak Ada,,0.0,0,16000,Transfer Bank,Selesai
TRX01063,2025-07-10,2025,7,July,Thursday,Aplikasi Kasir Digital,POS,C003,GoFood,CU0122,Baru,P002,Es Kopi Latte,Minuman,L003,Jakarta Selatan,DKI Jakarta,2,22000,44000,Diskon Produk,DISKON10,0.1,4400,39600,COD,Selesai
TRX01064,2025-07-11,2025,7,July,Friday,CSV Marketplace,CSV,C006,Website,CU0154,Loyal,P008,Roti Bakar Keju,Snack,L002,Jakarta Timur,DKI Jakarta,1,20000,20000,Tidak Ada,,0.0,0,0,QRIS,Dibatalkan
TRX01065,2025-07-11,2025,7,July,Friday,CSV Marketplace,CSV,C004,GrabFood,CU0176,Reguler,P006,Mie Ayam Jamur,Makanan,L004,Depok,Jawa Barat,1,24000,24000,Payday Sale,PAYDAY15,0.15,3600,20400,E-Wallet,Selesai
TRX01066,2025-07-11,2025,7,July,Friday,API Marketplace,API,C001,POS Kasir,CU0116,Loyal,P002,Es Kopi Latte,Minuman,L002,Jakarta Timur,DKI Jakarta,1,22000,22000,Tidak Ada,,0.0,0,22000,Kartu Debit,Selesai
TRX01067,2025-07-12,2025,7,July,Saturday,API Marketplace,API,C004,GrabFood,CU0051,Reguler,P001,Kopi Susu Gula Aren,Minuman,L001,Bekasi,Jawa Barat,4,18000,72000,Tidak Ada,,0.0,0,72000,COD,Selesai
TRX01068,2025-07-12,2025,7,July,Saturday,Database POS,Database,C002,ShopeeFood,CU0100,Loyal,P009,Keripik Singkong,Snack,L006,Bogor,Jawa Barat,1,16000,16000,Diskon Produk,DISKON10,0.1,1600,14400,Kartu Debit,Selesai
TRX01069,2025-07-12,2025,7,July,Saturday,Aplikasi Kasir Digital,POS,C001,POS Kasir,CU0082,Baru,P010,Paket Hemat UMKM,Paket,L002,Jakarta Timur,DKI Jakarta,2,45000,90000,Tidak Ada,,0.0,0,0,COD,Dibatalkan
TRX01070,2025-07-12,2025,7,July,Saturday,Database POS,Database,C001,POS Kasir,CU0116,Reseller,P008,Roti Bakar Keju,Snack,L003,Jakarta Selatan,DKI Jakarta,1,20000,20000,Diskon Produk,DISKON10,0.1,2000,18000,Transfer Bank,Selesai
TRX01071,2025-07-12,2025,7,July,Saturday,Excel Cabang,Excel,C001,POS Kasir,CU0108,Reguler,P011,Paket Kopi dan Snack,Paket,L005,Tangerang,Banten,1,35000,35000,Bundling,BUNDLE12,0.12,4200,30800,Transfer Bank,Selesai
TRX01072,2025-07-12,2025,7,July,Saturday,CSV Marketplace,CSV,C002,ShopeeFood,CU0004,Reguler,P004,Nasi Ayam Geprek,Makanan,L003,Jakarta Selatan,DKI Jakarta,5,25000,125000,Tidak Ada,,0.0,0,125000,E-Wallet,Selesai
TRX01073,2025-07-13,2025,7,July,Sunday,Database POS,Database,C004,GrabFood,CU0139,Reguler,P002,Es Kopi Latte,Minuman,L006,Bogor,Jawa Barat,1,22000,22000,Tidak Ada,,0.0,0,22000,E-Wallet,Selesai
TRX01074,2025-07-13,2025,7,July,Sunday,API Marketplace,API,C004,GrabFood,CU0139,Reguler,P003,Teh Lemon,Minuman,L004,Depok,Jawa Barat,1,15000,15000,Tidak Ada,,0.0,0,15000,E-Wallet,Selesai
TRX01075,2025-07-13,2025,7,July,Sunday,API Marketplace,API,C004,GrabFood,CU0026,Reseller,P012,Dimsum Ayam,Makanan,L006,Bogor,Jawa Barat,2,28000,56000,Flash Sale,FLASH20,0.2,11200,44800,QRIS,Selesai
TRX01076,2025-07-13,2025,7,July,Sunday,Excel Cabang,Excel,C004,GrabFood,CU0140,Baru,P001,Kopi Susu Gula Aren,Minuman,L005,Tangerang,Banten,2,18000,36000,Voucher Ongkir,ONGKIR5,0.05,1800,34200,COD,Selesai
TRX01077,2025-07-13,2025,7,July,Sunday,Database POS,Database,C003,GoFood,CU0142,Reguler,P001,Kopi Susu Gula Aren,Minuman,L006,Bogor,Jawa Barat,1,18000,18000,Voucher Ongkir,ONGKIR5,0.05,900,17100,Transfer Bank,Selesai
TRX01078,2025-07-13,2025,7,July,Sunday,Database POS,Database,C004,GrabFood,CU0102,Baru,P002,Es Kopi Latte,Minuman,L003,Jakarta Selatan,DKI Jakarta,4,22000,88000,Diskon Produk,DISKON10,0.1,8800,79200,E-Wallet,Selesai
TRX01079,2025-07-13,2025,7,July,Sunday,API Marketplace,API,C003,GoFood,CU0107,Reguler,P009,Keripik Singkong,Snack,L003,Jakarta Selatan,DKI Jakarta,1,16000,16000,Flash Sale,FLASH20,0.2,3200,0,QRIS,Dibatalkan
TRX01080,2025-07-13,2025,7,July,Sunday,Excel Cabang,Excel,C001,POS Kasir,CU0133,Loyal,P007,Brownies Cokelat,Snack,L001,Bekasi,Jawa Barat,1,30000,30000,Tidak Ada,,0.0,0,30000,Kartu Debit,Selesai
TRX01081,2025-07-14,2025,7,July,Monday,Aplikasi Kasir Digital,POS,C002,ShopeeFood,CU0165,Reguler,P010,Paket Hemat UMKM,Paket,L004,Depok,Jawa Barat,5,45000,225000,Tidak Ada,,0.0,0,225000,QRIS,Selesai
TRX01082,2025-07-14,2025,7,July,Monday,Database POS,Database,C002,ShopeeFood,CU0082,Reguler,P010,Paket Hemat UMKM,Paket,L004,Depok,Jawa Barat,5,45000,225000,Tidak Ada,,0.0,0,225000,COD,Selesai
TRX01083,2025-07-14,2025,7,July,Monday,Excel Cabang,Excel,C005,Tokopedia,CU0161,Reseller,P012,Dimsum Ayam,Makanan,L002,Jakarta Timur,DKI Jakarta,2,28000,56000,Voucher Ongkir,ONGKIR5,0.05,2800,53200,Kartu Debit,Selesai
TRX01084,2025-07-15,2025,7,July,Tuesday,Excel Cabang,Excel,C001,POS Kasir,CU0152,Baru,P004,Nasi Ayam Geprek,Makanan,L001,Bekasi,Jawa Barat,1,25000,25000,Diskon Produk,DISKON10,0.1,2500,22500,Kartu Debit,Selesai
TRX01085,2025-07-15,2025,7,July,Tuesday,Excel Cabang,Excel,C004,GrabFood,CU0117,Reguler,P002,Es Kopi Latte,Minuman,L005,Tangerang,Banten,2,22000,44000,Tidak Ada,,0.0,0,44000,E-Wallet,Selesai
TRX01086,2025-07-15,2025,7,July,Tuesday,CSV Marketplace,CSV,C003,GoFood,CU0097,Loyal,P011,Paket Kopi dan Snack,Paket,L002,Jakarta Timur,DKI Jakarta,2,35000,70000,Tidak Ada,,0.0,0,70000,QRIS,Selesai
TRX01087,2025-07-15,2025,7,July,Tuesday,Aplikasi Kasir Digital,POS,C001,POS Kasir,CU0153,Baru,P003,Teh Lemon,Minuman,L006,Bogor,Jawa Barat,3,15000,45000,Tidak Ada,,0.0,0,45000,Transfer Bank,Selesai
TRX01088,2025-07-16,2025,7,July,Wednesday,API Marketplace,API,C004,GrabFood,CU0026,Reguler,P002,Es Kopi Latte,Minuman,L001,Bekasi,Jawa Barat,4,22000,88000,Tidak Ada,,0.0,0,88000,QRIS,Selesai
TRX01089,2025-07-16,2025,7,July,Wednesday,CSV Marketplace,CSV,C001,POS Kasir,CU0081,Reguler,P008,Roti Bakar Keju,Snack,L006,Bogor,Jawa Barat,2,20000,40000,Tidak Ada,,0.0,0,40000,COD,Selesai
TRX01090,2025-07-16,2025,7,July,Wednesday,CSV Marketplace,CSV,C001,POS Kasir,CU0009,Baru,P003,Teh Lemon,Minuman,L003,Jakarta Selatan,DKI Jakarta,2,15000,30000,Diskon Produk,DISKON10,0.1,3000,0,E-Wallet,Refund
TRX01091,2025-07-17,2025,7,July,Thursday,Excel Cabang,Excel,C005,Tokopedia,CU0032,Baru,P010,Paket Hemat UMKM,Paket,L005,Tangerang,Banten,1,45000,45000,Diskon Produk,DISKON10,0.1,4500,40500,QRIS,Selesai
TRX01092,2025-07-17,2025,7,July,Thursday,CSV Marketplace,CSV,C002,ShopeeFood,CU0056,Baru,P009,Keripik Singkong,Snack,L005,Tangerang,Banten,3,16000,48000,Tidak Ada,,0.0,0,48000,Transfer Bank,Selesai
TRX01093,2025-07-17,2025,7,July,Thursday,API Marketplace,API,C002,ShopeeFood,CU0024,Reguler,P012,Dimsum Ayam,Makanan,L006,Bogor,Jawa Barat,1,28000,28000,Tidak Ada,,0.0,0,28000,Kartu Debit,Selesai
TRX01094,2025-07-17,2025,7,July,Thursday,Database POS,Database,C004,GrabFood,CU0050,Baru,P008,Roti Bakar Keju,Snack,L006,Bogor,Jawa Barat,2,20000,40000,Tidak Ada,,0.0,0,40000,Transfer Bank,Selesai
TRX01095,2025-07-17,2025,7,July,Thursday,Excel Cabang,Excel,C004,GrabFood,CU0080,Baru,P012,Dimsum Ayam,Makanan,L003,Jakarta Selatan,DKI Jakarta,2,28000,56000,Voucher Ongkir,ONGKIR5,0.05,2800,0,Transfer Bank,Dibatalkan
TRX01096,2025-07-18,2025,7,July,Friday,Aplikasi Kasir Digital,POS,C004,GrabFood,CU0160,Baru,P007,Brownies Cokelat,Snack,L004,Depok,Jawa Barat,2,30000,60000,Voucher Ongkir,ONGKIR5,0.05,3000,57000,COD,Selesai
TRX01097,2025-07-18,2025,7,July,Friday,Excel Cabang,Excel,C003,GoFood,CU0131,Baru,P010,Paket Hemat UMKM,Paket,L003,Jakarta Selatan,DKI Jakarta,1,45000,45000,Payday Sale,PAYDAY15,0.15,6750,38250,COD,Selesai
TRX01098,2025-07-18,2025,7,July,Friday,Database POS,Database,C003,GoFood,CU0083,Reguler,P011,Paket Kopi dan Snack,Paket,L005,Tangerang,Banten,1,35000,35000,Tidak Ada,,0.0,0,35000,Transfer Bank,Selesai
TRX01099,2025-07-18,2025,7,July,Friday,API Marketplace,API,C006,Website,CU0032,Baru,P002,Es Kopi Latte,Minuman,L002,Jakarta Timur,DKI Jakarta,1,22000,22000,Voucher Ongkir,ONGKIR5,0.05,1100,20900,QRIS,Selesai
TRX01100,2025-07-18,2025,7,July,Friday,API Marketplace,API,C005,Tokopedia,CU0099,Baru,P004,Nasi Ayam Geprek,Makanan,L004,Depok,Jawa Barat,3,25000,75000,Tidak Ada,,0.0,0,75000,Transfer Bank,Selesai
TRX01101,2025-07-19,2025,7,July,Saturday,Excel Cabang,Excel,C005,Tokopedia,CU0175,Loyal,P005,Nasi Goreng Spesial,Makanan,L006,Bogor,Jawa Barat,2,27000,54000,Diskon Produk,DISKON10,0.1,5400,48600,E-Wallet,Selesai
TRX01102,2025-07-19,2025,7,July,Saturday,Database POS,Database,C001,POS Kasir,CU0108,Baru,P004,Nasi Ayam Geprek,Makanan,L002,Jakarta Timur,DKI Jakarta,2,25000,50000,Bundling,BUNDLE12,0.12,6000,44000,COD,Selesai
TRX01103,2025-07-19,2025,7,July,Saturday,CSV Marketplace,CSV,C004,GrabFood,CU0165,Loyal,P006,Mie Ayam Jamur,Makanan,L005,Tangerang,Banten,2,24000,48000,Tidak Ada,,0.0,0,0,Kartu Debit,Refund
TRX01104,2025-07-19,2025,7,July,Saturday,Database POS,Database,C002,ShopeeFood,CU0136,Baru,P008,Roti Bakar Keju,Snack,L003,Jakarta Selatan,DKI Jakarta,1,20000,20000,Tidak Ada,,0.0,0,20000,QRIS,Selesai
TRX01105,2025-07-19,2025,7,July,Saturday,API Marketplace,API,C006,Website,CU0103,Baru,P002,Es Kopi Latte,Minuman,L004,Depok,Jawa Barat,1,22000,22000,Voucher Ongkir,ONGKIR5,0.05,1100,20900,E-Wallet,Selesai
TRX01106,2025-07-19,2025,7,July,Saturday,Database POS,Database,C003,GoFood,CU0032,Loyal,P001,Kopi Susu Gula Aren,Minuman,L004,Depok,Jawa Barat,2,18000,36000,Diskon Produk,DISKON10,0.1,3600,32400,Kartu Debit,Selesai
TRX01107,2025-07-20,2025,7,July,Sunday,API Marketplace,API,C001,POS Kasir,CU0058,Baru,P001,Kopi Susu Gula Aren,Minuman,L002,Jakarta Timur,DKI Jakarta,3,18000,54000,Diskon Produk,DISKON10,0.1,5400,48600,Transfer Bank,Selesai
TRX01108,2025-07-20,2025,7,July,Sunday,Excel Cabang,Excel,C001,POS Kasir,CU0029,Baru,P006,Mie Ayam Jamur,Makanan,L005,Tangerang,Banten,1,24000,24000,Voucher Ongkir,ONGKIR5,0.05,1200,22800,E-Wallet,Selesai
TRX01109,2025-07-20,2025,7,July,Sunday,Database POS,Database,C005,Tokopedia,CU0036,Reguler,P006,Mie Ayam Jamur,Makanan,L006,Bogor,Jawa Barat,1,24000,24000,Tidak Ada,,0.0,0,24000,QRIS,Selesai
TRX01110,2025-07-20,2025,7,July,Sunday,Database POS,Database,C004,GrabFood,CU0062,Reguler,P003,Teh Lemon,Minuman,L005,Tangerang,Banten,2,15000,30000,Tidak Ada,,0.0,0,0,COD,Refund
TRX01111,2025-07-20,2025,7,July,Sunday,CSV Marketplace,CSV,C004,GrabFood,CU0022,Reguler,P006,Mie Ayam Jamur,Makanan,L006,Bogor,Jawa Barat,1,24000,24000,Voucher Ongkir,ONGKIR5,0.05,1200,22800,Transfer Bank,Selesai
TRX01112,2025-07-21,2025,7,July,Monday,Database POS,Database,C001,POS Kasir,CU0056,Reguler,P012,Dimsum Ayam,Makanan,L001,Bekasi,Jawa Barat,1,28000,28000,Tidak Ada,,0.0,0,28000,COD,Selesai
TRX01113,2025-07-21,2025,7,July,Monday,Aplikasi Kasir Digital,POS,C002,ShopeeFood,CU0081,Loyal,P002,Es Kopi Latte,Minuman,L003,Jakarta Selatan,DKI Jakarta,3,22000,66000,Tidak Ada,,0.0,0,66000,E-Wallet,Selesai
TRX01114,2025-07-21,2025,7,July,Monday,Excel Cabang,Excel,C005,Tokopedia,CU0094,Reguler,P011,Paket Kopi dan Snack,Paket,L002,Jakarta Timur,DKI Jakarta,4,35000,140000,Tidak Ada,,0.0,0,140000,COD,Selesai
TRX01115,2025-07-22,2025,7,July,Tuesday,API Marketplace,API,C001,POS Kasir,CU0148,Reguler,P007,Brownies Cokelat,Snack,L002,Jakarta Timur,DKI Jakarta,1,30000,30000,Diskon Produk,DISKON10,0.1,3000,27000,Transfer Bank,Selesai
TRX01116,2025-07-22,2025,7,July,Tuesday,CSV Marketplace,CSV,C001,POS Kasir,CU0069,Baru,P002,Es Kopi Latte,Minuman,L006,Bogor,Jawa Barat,1,22000,22000,Tidak Ada,,0.0,0,22000,Kartu Debit,Selesai
TRX01117,2025-07-22,2025,7,July,Tuesday,Excel Cabang,Excel,C005,Tokopedia,CU0102,Reguler,P005,Nasi Goreng Spesial,Makanan,L001,Bekasi,Jawa Barat,1,27000,27000,Tidak Ada,,0.0,0,27000,Kartu Debit,Selesai
TRX01118,2025-07-23,2025,7,July,Wednesday,Excel Cabang,Excel,C001,POS Kasir,CU0109,Baru,P005,Nasi Goreng Spesial,Makanan,L003,Jakarta Selatan,DKI Jakarta,2,27000,54000,Diskon Produk,DISKON10,0.1,5400,48600,Transfer Bank,Selesai
TRX01119,2025-07-23,2025,7,July,Wednesday,Aplikasi Kasir Digital,POS,C005,Tokopedia,CU0175,Baru,P010,Paket Hemat UMKM,Paket,L003,Jakarta Selatan,DKI Jakarta,2,45000,90000,Tidak Ada,,0.0,0,0,Transfer Bank,Dibatalkan
TRX01120,2025-07-23,2025,7,July,Wednesday,Excel Cabang,Excel,C001,POS Kasir,CU0137,Baru,P004,Nasi Ayam Geprek,Makanan,L001,Bekasi,Jawa Barat,2,25000,50000,Tidak Ada,,0.0,0,50000,Transfer Bank,Selesai
TRX01121,2025-07-23,2025,7,July,Wednesday,Database POS,Database,C004,GrabFood,CU0178,Baru,P012,Dimsum Ayam,Makanan,L006,Bogor,Jawa Barat,1,28000,28000,Tidak Ada,,0.0,0,28000,Transfer Bank,Selesai
TRX01122,2025-07-23,2025,7,July,Wednesday,API Marketplace,API,C006,Website,CU0001,Baru,P004,Nasi Ayam Geprek,Makanan,L003,Jakarta Selatan,DKI Jakarta,2,25000,50000,Tidak Ada,,0.0,0,0,Kartu Debit,Dibatalkan
TRX01123,2025-07-24,2025,7,July,Thursday,CSV Marketplace,CSV,C006,Website,CU0043,Baru,P012,Dimsum Ayam,Makanan,L003,Jakarta Selatan,DKI Jakarta,1,28000,28000,Diskon Produk,DISKON10,0.1,2800,25200,COD,Selesai
TRX01124,2025-07-24,2025,7,July,Thursday,Database POS,Database,C004,GrabFood,CU0068,Loyal,P001,Kopi Susu Gula Aren,Minuman,L006,Bogor,Jawa Barat,1,18000,18000,Tidak Ada,,0.0,0,18000,Transfer Bank,Selesai
TRX01125,2025-07-24,2025,7,July,Thursday,Database POS,Database,C003,GoFood,CU0064,Reguler,P001,Kopi Susu Gula Aren,Minuman,L005,Tangerang,Banten,2,18000,36000,Tidak Ada,,0.0,0,36000,QRIS,Selesai
TRX01126,2025-07-24,2025,7,July,Thursday,CSV Marketplace,CSV,C003,GoFood,CU0038,Loyal,P010,Paket Hemat UMKM,Paket,L006,Bogor,Jawa Barat,2,45000,90000,Tidak Ada,,0.0,0,90000,QRIS,Selesai
TRX01127,2025-07-24,2025,7,July,Thursday,Database POS,Database,C004,GrabFood,CU0066,Reguler,P012,Dimsum Ayam,Makanan,L003,Jakarta Selatan,DKI Jakarta,2,28000,56000,Bundling,BUNDLE12,0.12,6720,49280,E-Wallet,Selesai
TRX01128,2025-07-25,2025,7,July,Friday,Aplikasi Kasir Digital,POS,C003,GoFood,CU0153,Reguler,P005,Nasi Goreng Spesial,Makanan,L006,Bogor,Jawa Barat,3,27000,81000,Flash Sale,FLASH20,0.2,16200,64800,E-Wallet,Selesai
TRX01129,2025-07-25,2025,7,July,Friday,CSV Marketplace,CSV,C001,POS Kasir,CU0169,Reseller,P012,Dimsum Ayam,Makanan,L006,Bogor,Jawa Barat,5,28000,140000,Flash Sale,FLASH20,0.2,28000,112000,E-Wallet,Selesai
TRX01130,2025-07-25,2025,7,July,Friday,Database POS,Database,C006,Website,CU0050,Reseller,P004,Nasi Ayam Geprek,Makanan,L005,Tangerang,Banten,1,25000,25000,Payday Sale,PAYDAY15,0.15,3750,21250,COD,Selesai
TRX01131,2025-07-25,2025,7,July,Friday,Aplikasi Kasir Digital,POS,C006,Website,CU0135,Baru,P005,Nasi Goreng Spesial,Makanan,L006,Bogor,Jawa Barat,3,27000,81000,Diskon Produk,DISKON10,0.1,8100,72900,E-Wallet,Selesai
TRX01132,2025-07-25,2025,7,July,Friday,API Marketplace,API,C004,GrabFood,CU0134,Loyal,P007,Brownies Cokelat,Snack,L005,Tangerang,Banten,1,30000,30000,Tidak Ada,,0.0,0,30000,Kartu Debit,Selesai
TRX01133,2025-07-26,2025,7,July,Saturday,Database POS,Database,C001,POS Kasir,CU0175,Baru,P005,Nasi Goreng Spesial,Makanan,L001,Bekasi,Jawa Barat,4,27000,108000,Tidak Ada,,0.0,0,108000,E-Wallet,Selesai
TRX01134,2025-07-26,2025,7,July,Saturday,Database POS,Database,C003,GoFood,CU0004,Reguler,P011,Paket Kopi dan Snack,Paket,L002,Jakarta Timur,DKI Jakarta,1,35000,35000,Payday Sale,PAYDAY15,0.15,5250,29750,Transfer Bank,Selesai
TRX01135,2025-07-26,2025,7,July,Saturday,Database POS,Database,C001,POS Kasir,CU0170,Loyal,P010,Paket Hemat UMKM,Paket,L001,Bekasi,Jawa Barat,1,45000,45000,Diskon Produk,DISKON10,0.1,4500,40500,QRIS,Selesai
TRX01136,2025-07-26,2025,7,July,Saturday,Aplikasi Kasir Digital,POS,C005,Tokopedia,CU0070,Baru,P006,Mie Ayam Jamur,Makanan,L003,Jakarta Selatan,DKI Jakarta,1,24000,24000,Tidak Ada,,0.0,0,24000,Transfer Bank,Selesai
TRX01137,2025-07-26,2025,7,July,Saturday,Excel Cabang,Excel,C002,ShopeeFood,CU0174,Reguler,P002,Es Kopi Latte,Minuman,L003,Jakarta Selatan,DKI Jakarta,2,22000,44000,Diskon Produk,DISKON10,0.1,4400,39600,COD,Selesai
TRX01138,2025-07-26,2025,7,July,Saturday,Aplikasi Kasir Digital,POS,C003,GoFood,CU0174,Loyal,P002,Es Kopi Latte,Minuman,L003,Jakarta Selatan,DKI Jakarta,1,22000,22000,Voucher Ongkir,ONGKIR5,0.05,1100,20900,Kartu Debit,Selesai
TRX01139,2025-07-26,2025,7,July,Saturday,Database POS,Database,C002,ShopeeFood,CU0022,Baru,P004,Nasi Ayam Geprek,Makanan,L003,Jakarta Selatan,DKI Jakarta,2,25000,50000,Diskon Produk,DISKON10,0.1,5000,45000,COD,Selesai
TRX01140,2025-07-26,2025,7,July,Saturday,CSV Marketplace,CSV,C001,POS Kasir,CU0129,Reseller,P007,Brownies Cokelat,Snack,L004,Depok,Jawa Barat,2,30000,60000,Payday Sale,PAYDAY15,0.15,9000,51000,E-Wallet,Selesai
TRX01141,2025-07-26,2025,7,July,Saturday,Database POS,Database,C004,GrabFood,CU0007,Reseller,P007,Brownies Cokelat,Snack,L004,Depok,Jawa Barat,2,30000,60000,Flash Sale,FLASH20,0.2,12000,48000,COD,Selesai
TRX01142,2025-07-26,2025,7,July,Saturday,CSV Marketplace,CSV,C003,GoFood,CU0159,Reguler,P003,Teh Lemon,Minuman,L005,Tangerang,Banten,2,15000,30000,Diskon Produk,DISKON10,0.1,3000,27000,Kartu Debit,Selesai
TRX01143,2025-07-26,2025,7,July,Saturday,Database POS,Database,C002,ShopeeFood,CU0133,Reguler,P001,Kopi Susu Gula Aren,Minuman,L004,Depok,Jawa Barat,2,18000,36000,Voucher Ongkir,ONGKIR5,0.05,1800,34200,QRIS,Selesai
TRX01144,2025-07-26,2025,7,July,Saturday,API Marketplace,API,C001,POS Kasir,CU0145,Reguler,P005,Nasi Goreng Spesial,Makanan,L006,Bogor,Jawa Barat,2,27000,54000,Flash Sale,FLASH20,0.2,10800,43200,E-Wallet,Selesai
TRX01145,2025-07-27,2025,7,July,Sunday,Excel Cabang,Excel,C006,Website,CU0144,Loyal,P011,Paket Kopi dan Snack,Paket,L005,Tangerang,Banten,2,35000,70000,Voucher Ongkir,ONGKIR5,0.05,3500,66500,COD,Selesai
TRX01146,2025-07-27,2025,7,July,Sunday,API Marketplace,API,C002,ShopeeFood,CU0002,Loyal,P011,Paket Kopi dan Snack,Paket,L006,Bogor,Jawa Barat,2,35000,70000,Payday Sale,PAYDAY15,0.15,10500,59500,Kartu Debit,Selesai
TRX01147,2025-07-27,2025,7,July,Sunday,CSV Marketplace,CSV,C001,POS Kasir,CU0025,Baru,P002,Es Kopi Latte,Minuman,L001,Bekasi,Jawa Barat,2,22000,44000,Tidak Ada,,0.0,0,44000,QRIS,Selesai
TRX01148,2025-07-27,2025,7,July,Sunday,Excel Cabang,Excel,C004,GrabFood,CU0124,Reseller,P009,Keripik Singkong,Snack,L004,Depok,Jawa Barat,4,16000,64000,Diskon Produk,DISKON10,0.1,6400,57600,Transfer Bank,Selesai
TRX01149,2025-07-27,2025,7,July,Sunday,Database POS,Database,C005,Tokopedia,CU0111,Baru,P009,Keripik Singkong,Snack,L003,Jakarta Selatan,DKI Jakarta,3,16000,48000,Payday Sale,PAYDAY15,0.15,7200,40800,QRIS,Selesai
TRX01150,2025-07-27,2025,7,July,Sunday,CSV Marketplace,CSV,C002,ShopeeFood,CU0052,Reguler,P012,Dimsum Ayam,Makanan,L006,Bogor,Jawa Barat,2,28000,56000,Payday Sale,PAYDAY15,0.15,8400,47600,E-Wallet,Selesai
TRX01151,2025-07-27,2025,7,July,Sunday,API Marketplace,API,C004,GrabFood,CU0179,Loyal,P002,Es Kopi Latte,Minuman,L005,Tangerang,Banten,2,22000,44000,Diskon Produk,DISKON10,0.1,4400,39600,COD,Selesai
TRX01152,2025-07-27,2025,7,July,Sunday,API Marketplace,API,C001,POS Kasir,CU0003,Reguler,P007,Brownies Cokelat,Snack,L002,Jakarta Timur,DKI Jakarta,2,30000,60000,Voucher Ongkir,ONGKIR5,0.05,3000,57000,QRIS,Selesai
TRX01153,2025-07-27,2025,7,July,Sunday,Excel Cabang,Excel,C004,GrabFood,CU0036,Reguler,P011,Paket Kopi dan Snack,Paket,L005,Tangerang,Banten,4,35000,140000,Diskon Produk,DISKON10,0.1,14000,126000,COD,Selesai
TRX01154,2025-07-27,2025,7,July,Sunday,Aplikasi Kasir Digital,POS,C005,Tokopedia,CU0135,Reguler,P003,Teh Lemon,Minuman,L003,Jakarta Selatan,DKI Jakarta,1,15000,15000,Flash Sale,FLASH20,0.2,3000,12000,QRIS,Selesai
TRX01155,2025-07-28,2025,7,July,Monday,API Marketplace,API,C005,Tokopedia,CU0036,Baru,P011,Paket Kopi dan Snack,Paket,L006,Bogor,Jawa Barat,2,35000,70000,Flash Sale,FLASH20,0.2,14000,0,E-Wallet,Dibatalkan
TRX01156,2025-07-28,2025,7,July,Monday,Database POS,Database,C004,GrabFood,CU0047,Reguler,P002,Es Kopi Latte,Minuman,L006,Bogor,Jawa Barat,4,22000,88000,Payday Sale,PAYDAY15,0.15,13200,74800,Kartu Debit,Selesai
TRX01157,2025-07-28,2025,7,July,Monday,API Marketplace,API,C002,ShopeeFood,CU0150,Reguler,P009,Keripik Singkong,Snack,L003,Jakarta Selatan,DKI Jakarta,2,16000,32000,Voucher Ongkir,ONGKIR5,0.05,1600,30400,COD,Selesai
TRX01158,2025-07-28,2025,7,July,Monday,CSV Marketplace,CSV,C002,ShopeeFood,CU0174,Reguler,P001,Kopi Susu Gula Aren,Minuman,L006,Bogor,Jawa Barat,1,18000,18000,Tidak Ada,,0.0,0,0,Transfer Bank,Refund
TRX01159,2025-07-28,2025,7,July,Monday,CSV Marketplace,CSV,C001,POS Kasir,CU0108,Reseller,P012,Dimsum Ayam,Makanan,L002,Jakarta Timur,DKI Jakarta,2,28000,56000,Diskon Produk,DISKON10,0.1,5600,50400,QRIS,Selesai
TRX01160,2025-07-28,2025,7,July,Monday,Excel Cabang,Excel,C006,Website,CU0162,Loyal,P002,Es Kopi Latte,Minuman,L001,Bekasi,Jawa Barat,1,22000,22000,Diskon Produk,DISKON10,0.1,2200,19800,Transfer Bank,Selesai
TRX01161,2025-07-29,2025,7,July,Tuesday,Aplikasi Kasir Digital,POS,C006,Website,CU0126,Reguler,P007,Brownies Cokelat,Snack,L002,Jakarta Timur,DKI Jakarta,2,30000,60000,Tidak Ada,,0.0,0,60000,E-Wallet,Selesai
TRX01162,2025-07-29,2025,7,July,Tuesday,Aplikasi Kasir Digital,POS,C004,GrabFood,CU0150,Baru,P012,Dimsum Ayam,Makanan,L002,Jakarta Timur,DKI Jakarta,3,28000,84000,Tidak Ada,,0.0,0,84000,QRIS,Selesai
TRX01163,2025-07-29,2025,7,July,Tuesday,Database POS,Database,C003,GoFood,CU0088,Baru,P003,Teh Lemon,Minuman,L001,Bekasi,Jawa Barat,2,15000,30000,Payday Sale,PAYDAY15,0.15,4500,25500,Kartu Debit,Selesai
TRX01164,2025-07-29,2025,7,July,Tuesday,Aplikasi Kasir Digital,POS,C004,GrabFood,CU0144,Loyal,P004,Nasi Ayam Geprek,Makanan,L005,Tangerang,Banten,1,25000,25000,Diskon Produk,DISKON10,0.1,2500,22500,QRIS,Selesai
TRX01165,2025-07-29,2025,7,July,Tuesday,Aplikasi Kasir Digital,POS,C001,POS Kasir,CU0077,Baru,P011,Paket Kopi dan Snack,Paket,L004,Depok,Jawa Barat,1,35000,35000,Voucher Ongkir,ONGKIR5,0.05,1750,33250,COD,Selesai
TRX01166,2025-07-30,2025,7,July,Wednesday,API Marketplace,API,C003,GoFood,CU0041,Reseller,P001,Kopi Susu Gula Aren,Minuman,L002,Jakarta Timur,DKI Jakarta,1,18000,18000,Tidak Ada,,0.0,0,18000,QRIS,Selesai
TRX01167,2025-07-30,2025,7,July,Wednesday,Aplikasi Kasir Digital,POS,C005,Tokopedia,CU0140,Reguler,P004,Nasi Ayam Geprek,Makanan,L005,Tangerang,Banten,1,25000,25000,Diskon Produk,DISKON10,0.1,2500,22500,QRIS,Selesai
TRX01168,2025-07-30,2025,7,July,Wednesday,Excel Cabang,Excel,C001,POS Kasir,CU0086,Loyal,P005,Nasi Goreng Spesial,Makanan,L006,Bogor,Jawa Barat,1,27000,27000,Tidak Ada,,0.0,0,27000,QRIS,Selesai
TRX01169,2025-07-30,2025,7,July,Wednesday,Excel Cabang,Excel,C003,GoFood,CU0145,Reseller,P009,Keripik Singkong,Snack,L006,Bogor,Jawa Barat,1,16000,16000,Tidak Ada,,0.0,0,16000,QRIS,Selesai
TRX01170,2025-07-31,2025,7,July,Thursday,Aplikasi Kasir Digital,POS,C006,Website,CU0123,Reseller,P007,Brownies Cokelat,Snack,L005,Tangerang,Banten,4,30000,120000,Payday Sale,PAYDAY15,0.15,18000,102000,E-Wallet,Selesai
TRX01171,2025-07-31,2025,7,July,Thursday,Aplikasi Kasir Digital,POS,C004,GrabFood,CU0123,Reguler,P002,Es Kopi Latte,Minuman,L001,Bekasi,Jawa Barat,1,22000,22000,Tidak Ada,,0.0,0,22000,Transfer Bank,Selesai
TRX01172,2025-08-01,2025,8,August,Friday,Aplikasi Kasir Digital,POS,C005,Tokopedia,CU0005,Reguler,P001,Kopi Susu Gula Aren,Minuman,L002,Jakarta Timur,DKI Jakarta,3,18000,54000,Diskon Produk,DISKON10,0.1,5400,48600,QRIS,Selesai
TRX01173,2025-08-01,2025,8,August,Friday,Database POS,Database,C002,ShopeeFood,CU0030,Reguler,P007,Brownies Cokelat,Snack,L006,Bogor,Jawa Barat,2,30000,60000,Tidak Ada,,0.0,0,0,Kartu Debit,Refund
TRX01174,2025-08-02,2025,8,August,Saturday,Excel Cabang,Excel,C004,GrabFood,CU0003,Baru,P004,Nasi Ayam Geprek,Makanan,L003,Jakarta Selatan,DKI Jakarta,1,25000,25000,Tidak Ada,,0.0,0,25000,Kartu Debit,Selesai
TRX01175,2025-08-02,2025,8,August,Saturday,Excel Cabang,Excel,C002,ShopeeFood,CU0047,Baru,P001,Kopi Susu Gula Aren,Minuman,L006,Bogor,Jawa Barat,1,18000,18000,Tidak Ada,,0.0,0,18000,E-Wallet,Selesai
TRX01176,2025-08-02,2025,8,August,Saturday,CSV Marketplace,CSV,C003,GoFood,CU0032,Reguler,P011,Paket Kopi dan Snack,Paket,L002,Jakarta Timur,DKI Jakarta,2,35000,70000,Tidak Ada,,0.0,0,70000,QRIS,Selesai
TRX01177,2025-08-02,2025,8,August,Saturday,API Marketplace,API,C004,GrabFood,CU0114,Loyal,P009,Keripik Singkong,Snack,L002,Jakarta Timur,DKI Jakarta,3,16000,48000,Payday Sale,PAYDAY15,0.15,7200,40800,E-Wallet,Selesai
TRX01178,2025-08-02,2025,8,August,Saturday,Aplikasi Kasir Digital,POS,C002,ShopeeFood,CU0139,Reguler,P005,Nasi Goreng Spesial,Makanan,L006,Bogor,Jawa Barat,3,27000,81000,Tidak Ada,,0.0,0,81000,QRIS,Selesai
TRX01179,2025-08-02,2025,8,August,Saturday,Database POS,Database,C005,Tokopedia,CU0036,Loyal,P007,Brownies Cokelat,Snack,L006,Bogor,Jawa Barat,1,30000,30000,Tidak Ada,,0.0,0,30000,Kartu Debit,Selesai
TRX01180,2025-08-02,2025,8,August,Saturday,Excel Cabang,Excel,C002,ShopeeFood,CU0037,Baru,P012,Dimsum Ayam,Makanan,L005,Tangerang,Banten,1,28000,28000,Voucher Ongkir,ONGKIR5,0.05,1400,26600,Transfer Bank,Selesai
TRX01181,2025-08-03,2025,8,August,Sunday,API Marketplace,API,C001,POS Kasir,CU0022,Baru,P001,Kopi Susu Gula Aren,Minuman,L004,Depok,Jawa Barat,1,18000,18000,Tidak Ada,,0.0,0,18000,Kartu Debit,Selesai
TRX01182,2025-08-03,2025,8,August,Sunday,Database POS,Database,C004,GrabFood,CU0048,Reguler,P001,Kopi Susu Gula Aren,Minuman,L004,Depok,Jawa Barat,1,18000,18000,Tidak Ada,,0.0,0,18000,Kartu Debit,Selesai
TRX01183,2025-08-03,2025,8,August,Sunday,API Marketplace,API,C005,Tokopedia,CU0087,Reseller,P005,Nasi Goreng Spesial,Makanan,L001,Bekasi,Jawa Barat,4,27000,108000,Flash Sale,FLASH20,0.2,21600,86400,E-Wallet,Selesai
TRX01184,2025-08-03,2025,8,August,Sunday,API Marketplace,API,C001,POS Kasir,CU0110,Loyal,P010,Paket Hemat UMKM,Paket,L002,Jakarta Timur,DKI Jakarta,2,45000,90000,Diskon Produk,DISKON10,0.1,9000,81000,QRIS,Selesai
TRX01185,2025-08-03,2025,8,August,Sunday,API Marketplace,API,C006,Website,CU0119,Reguler,P009,Keripik Singkong,Snack,L004,Depok,Jawa Barat,3,16000,48000,Flash Sale,FLASH20,0.2,9600,38400,Kartu Debit,Selesai
TRX01186,2025-08-03,2025,8,August,Sunday,Database POS,Database,C004,GrabFood,CU0034,Reseller,P005,Nasi Goreng Spesial,Makanan,L002,Jakarta Timur,DKI Jakarta,2,27000,54000,Flash Sale,FLASH20,0.2,10800,43200,E-Wallet,Selesai
TRX01187,2025-08-03,2025,8,August,Sunday,Aplikasi Kasir Digital,POS,C002,ShopeeFood,CU0010,Reguler,P005,Nasi Goreng Spesial,Makanan,L001,Bekasi,Jawa Barat,1,27000,27000,Tidak Ada,,0.0,0,27000,E-Wallet,Selesai
TRX01188,2025-08-04,2025,8,August,Monday,Excel Cabang,Excel,C001,POS Kasir,CU0068,Loyal,P011,Paket Kopi dan Snack,Paket,L005,Tangerang,Banten,1,35000,35000,Diskon Produk,DISKON10,0.1,3500,31500,COD,Selesai
TRX01189,2025-08-04,2025,8,August,Monday,Excel Cabang,Excel,C004,GrabFood,CU0143,Baru,P008,Roti Bakar Keju,Snack,L001,Bekasi,Jawa Barat,4,20000,80000,Tidak Ada,,0.0,0,80000,QRIS,Selesai
TRX01190,2025-08-04,2025,8,August,Monday,Aplikasi Kasir Digital,POS,C005,Tokopedia,CU0047,Baru,P002,Es Kopi Latte,Minuman,L003,Jakarta Selatan,DKI Jakarta,1,22000,22000,Tidak Ada,,0.0,0,22000,E-Wallet,Selesai
TRX01191,2025-08-04,2025,8,August,Monday,CSV Marketplace,CSV,C002,ShopeeFood,CU0013,Baru,P008,Roti Bakar Keju,Snack,L002,Jakarta Timur,DKI Jakarta,1,20000,20000,Diskon Produk,DISKON10,0.1,2000,18000,QRIS,Selesai
TRX01192,2025-08-05,2025,8,August,Tuesday,Aplikasi Kasir Digital,POS,C001,POS Kasir,CU0067,Reseller,P010,Paket Hemat UMKM,Paket,L003,Jakarta Selatan,DKI Jakarta,2,45000,90000,Tidak Ada,,0.0,0,90000,QRIS,Selesai
TRX01193,2025-08-05,2025,8,August,Tuesday,Excel Cabang,Excel,C006,Website,CU0020,Reguler,P006,Mie Ayam Jamur,Makanan,L005,Tangerang,Banten,2,24000,48000,Tidak Ada,,0.0,0,48000,QRIS,Selesai
TRX01194,2025-08-05,2025,8,August,Tuesday,Aplikasi Kasir Digital,POS,C003,GoFood,CU0107,Baru,P004,Nasi Ayam Geprek,Makanan,L002,Jakarta Timur,DKI Jakarta,1,25000,25000,Voucher Ongkir,ONGKIR5,0.05,1250,23750,COD,Selesai
TRX01195,2025-08-05,2025,8,August,Tuesday,Aplikasi Kasir Digital,POS,C003,GoFood,CU0105,Loyal,P003,Teh Lemon,Minuman,L001,Bekasi,Jawa Barat,3,15000,45000,Tidak Ada,,0.0,0,45000,E-Wallet,Selesai
TRX01196,2025-08-05,2025,8,August,Tuesday,CSV Marketplace,CSV,C001,POS Kasir,CU0039,Reseller,P005,Nasi Goreng Spesial,Makanan,L005,Tangerang,Banten,1,27000,27000,Tidak Ada,,0.0,0,27000,QRIS,Selesai
TRX01197,2025-08-06,2025,8,August,Wednesday,Aplikasi Kasir Digital,POS,C006,Website,CU0056,Reguler,P006,Mie Ayam Jamur,Makanan,L005,Tangerang,Banten,3,24000,72000,Diskon Produk,DISKON10,0.1,7200,64800,Kartu Debit,Selesai
TRX01198,2025-08-06,2025,8,August,Wednesday,Excel Cabang,Excel,C004,GrabFood,CU0058,Reguler,P012,Dimsum Ayam,Makanan,L002,Jakarta Timur,DKI Jakarta,4,28000,112000,Bundling,BUNDLE12,0.12,13440,98560,Kartu Debit,Selesai
TRX01199,2025-08-06,2025,8,August,Wednesday,Excel Cabang,Excel,C005,Tokopedia,CU0014,Reguler,P012,Dimsum Ayam,Makanan,L004,Depok,Jawa Barat,3,28000,84000,Tidak Ada,,0.0,0,84000,Kartu Debit,Selesai
TRX01200,2025-08-07,2025,8,August,Thursday,API Marketplace,API,C005,Tokopedia,CU0093,Baru,P005,Nasi Goreng Spesial,Makanan,L002,Jakarta Timur,DKI Jakarta,4,27000,108000,Tidak Ada,,0.0,0,108000,E-Wallet,Selesai
TRX01201,2025-08-07,2025,8,August,Thursday,Database POS,Database,C002,ShopeeFood,CU0093,Baru,P002,Es Kopi Latte,Minuman,L006,Bogor,Jawa Barat,2,22000,44000,Payday Sale,PAYDAY15,0.15,6600,37400,Kartu Debit,Selesai
TRX01202,2025-08-07,2025,8,August,Thursday,Aplikasi Kasir Digital,POS,C004,GrabFood,CU0059,Reguler,P006,Mie Ayam Jamur,Makanan,L006,Bogor,Jawa Barat,1,24000,24000,Voucher Ongkir,ONGKIR5,0.05,1200,0,Transfer Bank,Dibatalkan
TRX01203,2025-08-07,2025,8,August,Thursday,Aplikasi Kasir Digital,POS,C006,Website,CU0074,Reguler,P004,Nasi Ayam Geprek,Makanan,L004,Depok,Jawa Barat,2,25000,50000,Diskon Produk,DISKON10,0.1,5000,45000,QRIS,Selesai
TRX01204,2025-08-08,2025,8,August,Friday,Database POS,Database,C005,Tokopedia,CU0047,Loyal,P009,Keripik Singkong,Snack,L002,Jakarta Timur,DKI Jakarta,2,16000,32000,Voucher Ongkir,ONGKIR5,0.05,1600,30400,QRIS,Selesai
TRX01205,2025-08-08,2025,8,August,Friday,Database POS,Database,C005,Tokopedia,CU0009,Loyal,P007,Brownies Cokelat,Snack,L003,Jakarta Selatan,DKI Jakarta,2,30000,60000,Tidak Ada,,0.0,0,60000,QRIS,Selesai
TRX01206,2025-08-08,2025,8,August,Friday,Aplikasi Kasir Digital,POS,C005,Tokopedia,CU0091,Baru,P002,Es Kopi Latte,Minuman,L002,Jakarta Timur,DKI Jakarta,4,22000,88000,Flash Sale,FLASH20,0.2,17600,70400,Kartu Debit,Selesai
TRX01207,2025-08-08,2025,8,August,Friday,API Marketplace,API,C003,GoFood,CU0012,Baru,P005,Nasi Goreng Spesial,Makanan,L001,Bekasi,Jawa Barat,2,27000,54000,Diskon Produk,DISKON10,0.1,5400,0,E-Wallet,Dibatalkan
TRX01208,2025-08-08,2025,8,August,Friday,Database POS,Database,C004,GrabFood,CU0035,Loyal,P007,Brownies Cokelat,Snack,L006,Bogor,Jawa Barat,1,30000,30000,Tidak Ada,,0.0,0,0,Kartu Debit,Dibatalkan
TRX01209,2025-08-09,2025,8,August,Saturday,API Marketplace,API,C005,Tokopedia,CU0083,Reguler,P001,Kopi Susu Gula Aren,Minuman,L005,Tangerang,Banten,2,18000,36000,Tidak Ada,,0.0,0,36000,Kartu Debit,Selesai
TRX01210,2025-08-09,2025,8,August,Saturday,API Marketplace,API,C002,ShopeeFood,CU0133,Loyal,P005,Nasi Goreng Spesial,Makanan,L001,Bekasi,Jawa Barat,2,27000,54000,Tidak Ada,,0.0,0,54000,Kartu Debit,Selesai
TRX01211,2025-08-09,2025,8,August,Saturday,Database POS,Database,C003,GoFood,CU0037,Baru,P007,Brownies Cokelat,Snack,L003,Jakarta Selatan,DKI Jakarta,1,30000,30000,Tidak Ada,,0.0,0,30000,Transfer Bank,Selesai
TRX01212,2025-08-09,2025,8,August,Saturday,API Marketplace,API,C005,Tokopedia,CU0031,Baru,P005,Nasi Goreng Spesial,Makanan,L005,Tangerang,Banten,1,27000,27000,Tidak Ada,,0.0,0,27000,COD,Selesai
TRX01213,2025-08-10,2025,8,August,Sunday,CSV Marketplace,CSV,C001,POS Kasir,CU0053,Reguler,P005,Nasi Goreng Spesial,Makanan,L005,Tangerang,Banten,2,27000,54000,Tidak Ada,,0.0,0,54000,Kartu Debit,Selesai
TRX01214,2025-08-10,2025,8,August,Sunday,Aplikasi Kasir Digital,POS,C001,POS Kasir,CU0126,Loyal,P001,Kopi Susu Gula Aren,Minuman,L005,Tangerang,Banten,2,18000,36000,Tidak Ada,,0.0,0,36000,QRIS,Selesai
TRX01215,2025-08-10,2025,8,August,Sunday,Database POS,Database,C004,GrabFood,CU0076,Reseller,P005,Nasi Goreng Spesial,Makanan,L005,Tangerang,Banten,2,27000,54000,Voucher Ongkir,ONGKIR5,0.05,2700,51300,QRIS,Selesai
TRX01216,2025-08-10,2025,8,August,Sunday,Excel Cabang,Excel,C003,GoFood,CU0172,Baru,P007,Brownies Cokelat,Snack,L004,Depok,Jawa Barat,3,30000,90000,Bundling,BUNDLE12,0.12,10800,79200,E-Wallet,Selesai
TRX01217,2025-08-10,2025,8,August,Sunday,Excel Cabang,Excel,C006,Website,CU0071,Reguler,P012,Dimsum Ayam,Makanan,L002,Jakarta Timur,DKI Jakarta,1,28000,28000,Tidak Ada,,0.0,0,28000,Kartu Debit,Selesai
TRX01218,2025-08-10,2025,8,August,Sunday,API Marketplace,API,C006,Website,CU0026,Reseller,P002,Es Kopi Latte,Minuman,L006,Bogor,Jawa Barat,3,22000,66000,Tidak Ada,,0.0,0,66000,Kartu Debit,Selesai
TRX01219,2025-08-11,2025,8,August,Monday,CSV Marketplace,CSV,C001,POS Kasir,CU0057,Reguler,P011,Paket Kopi dan Snack,Paket,L006,Bogor,Jawa Barat,1,35000,35000,Tidak Ada,,0.0,0,35000,E-Wallet,Selesai
TRX01220,2025-08-11,2025,8,August,Monday,Database POS,Database,C006,Website,CU0023,Reseller,P008,Roti Bakar Keju,Snack,L002,Jakarta Timur,DKI Jakarta,1,20000,20000,Tidak Ada,,0.0,0,20000,Transfer Bank,Selesai
TRX01221,2025-08-12,2025,8,August,Tuesday,CSV Marketplace,CSV,C005,Tokopedia,CU0177,Baru,P008,Roti Bakar Keju,Snack,L005,Tangerang,Banten,2,20000,40000,Tidak Ada,,0.0,0,40000,COD,Selesai
TRX01222,2025-08-12,2025,8,August,Tuesday,Database POS,Database,C003,GoFood,CU0077,Loyal,P004,Nasi Ayam Geprek,Makanan,L006,Bogor,Jawa Barat,2,25000,50000,Bundling,BUNDLE12,0.12,6000,44000,E-Wallet,Selesai
TRX01223,2025-08-13,2025,8,August,Wednesday,API Marketplace,API,C005,Tokopedia,CU0057,Baru,P011,Paket Kopi dan Snack,Paket,L004,Depok,Jawa Barat,2,35000,70000,Tidak Ada,,0.0,0,70000,E-Wallet,Selesai
TRX01224,2025-08-13,2025,8,August,Wednesday,Database POS,Database,C002,ShopeeFood,CU0082,Reguler,P008,Roti Bakar Keju,Snack,L003,Jakarta Selatan,DKI Jakarta,1,20000,20000,Tidak Ada,,0.0,0,20000,E-Wallet,Selesai
TRX01225,2025-08-13,2025,8,August,Wednesday,Database POS,Database,C004,GrabFood,CU0008,Baru,P012,Dimsum Ayam,Makanan,L002,Jakarta Timur,DKI Jakarta,2,28000,56000,Diskon Produk,DISKON10,0.1,5600,50400,Kartu Debit,Selesai
TRX01226,2025-08-13,2025,8,August,Wednesday,API Marketplace,API,C005,Tokopedia,CU0101,Loyal,P007,Brownies Cokelat,Snack,L001,Bekasi,Jawa Barat,1,30000,30000,Tidak Ada,,0.0,0,30000,COD,Selesai
TRX01227,2025-08-13,2025,8,August,Wednesday,CSV Marketplace,CSV,C004,GrabFood,CU0079,Reguler,P001,Kopi Susu Gula Aren,Minuman,L003,Jakarta Selatan,DKI Jakarta,1,18000,18000,Voucher Ongkir,ONGKIR5,0.05,900,17100,Transfer Bank,Selesai
TRX01228,2025-08-14,2025,8,August,Thursday,Excel Cabang,Excel,C006,Website,CU0085,Baru,P009,Keripik Singkong,Snack,L002,Jakarta Timur,DKI Jakarta,4,16000,64000,Diskon Produk,DISKON10,0.1,6400,57600,Kartu Debit,Selesai
TRX01229,2025-08-14,2025,8,August,Thursday,Excel Cabang,Excel,C004,GrabFood,CU0091,Loyal,P012,Dimsum Ayam,Makanan,L001,Bekasi,Jawa Barat,3,28000,84000,Tidak Ada,,0.0,0,84000,Kartu Debit,Selesai
TRX01230,2025-08-14,2025,8,August,Thursday,API Marketplace,API,C002,ShopeeFood,CU0138,Reguler,P001,Kopi Susu Gula Aren,Minuman,L005,Tangerang,Banten,2,18000,36000,Bundling,BUNDLE12,0.12,4320,31680,Transfer Bank,Selesai
TRX01231,2025-08-15,2025,8,August,Friday,CSV Marketplace,CSV,C004,GrabFood,CU0004,Baru,P006,Mie Ayam Jamur,Makanan,L003,Jakarta Selatan,DKI Jakarta,2,24000,48000,Tidak Ada,,0.0,0,48000,QRIS,Selesai
TRX01232,2025-08-15,2025,8,August,Friday,Database POS,Database,C005,Tokopedia,CU0073,Reguler,P009,Keripik Singkong,Snack,L001,Bekasi,Jawa Barat,3,16000,48000,Tidak Ada,,0.0,0,48000,Transfer Bank,Selesai
TRX01233,2025-08-15,2025,8,August,Friday,API Marketplace,API,C001,POS Kasir,CU0097,Reguler,P012,Dimsum Ayam,Makanan,L002,Jakarta Timur,DKI Jakarta,2,28000,56000,Voucher Ongkir,ONGKIR5,0.05,2800,53200,Transfer Bank,Selesai
TRX01234,2025-08-16,2025,8,August,Saturday,Database POS,Database,C005,Tokopedia,CU0139,Reguler,P002,Es Kopi Latte,Minuman,L001,Bekasi,Jawa Barat,1,22000,22000,Diskon Produk,DISKON10,0.1,2200,19800,Transfer Bank,Selesai
TRX01235,2025-08-16,2025,8,August,Saturday,Aplikasi Kasir Digital,POS,C002,ShopeeFood,CU0109,Reguler,P010,Paket Hemat UMKM,Paket,L004,Depok,Jawa Barat,3,45000,135000,Voucher Ongkir,ONGKIR5,0.05,6750,128250,QRIS,Selesai
TRX01236,2025-08-16,2025,8,August,Saturday,API Marketplace,API,C001,POS Kasir,CU0097,Baru,P008,Roti Bakar Keju,Snack,L002,Jakarta Timur,DKI Jakarta,4,20000,80000,Tidak Ada,,0.0,0,80000,QRIS,Selesai
TRX01237,2025-08-16,2025,8,August,Saturday,Database POS,Database,C003,GoFood,CU0130,Baru,P007,Brownies Cokelat,Snack,L005,Tangerang,Banten,1,30000,30000,Diskon Produk,DISKON10,0.1,3000,0,QRIS,Refund
TRX01238,2025-08-16,2025,8,August,Saturday,Aplikasi Kasir Digital,POS,C003,GoFood,CU0148,Reseller,P012,Dimsum Ayam,Makanan,L004,Depok,Jawa Barat,2,28000,56000,Tidak Ada,,0.0,0,56000,COD,Selesai
TRX01239,2025-08-16,2025,8,August,Saturday,Aplikasi Kasir Digital,POS,C004,GrabFood,CU0037,Loyal,P008,Roti Bakar Keju,Snack,L003,Jakarta Selatan,DKI Jakarta,1,20000,20000,Tidak Ada,,0.0,0,20000,QRIS,Selesai
TRX01240,2025-08-17,2025,8,August,Sunday,Excel Cabang,Excel,C002,ShopeeFood,CU0122,Reguler,P008,Roti Bakar Keju,Snack,L005,Tangerang,Banten,1,20000,20000,Diskon Produk,DISKON10,0.1,2000,18000,Kartu Debit,Selesai
TRX01241,2025-08-17,2025,8,August,Sunday,Database POS,Database,C003,GoFood,CU0039,Baru,P001,Kopi Susu Gula Aren,Minuman,L004,Depok,Jawa Barat,1,18000,18000,Tidak Ada,,0.0,0,18000,Kartu Debit,Selesai
TRX01242,2025-08-17,2025,8,August,Sunday,CSV Marketplace,CSV,C006,Website,CU0140,Reguler,P001,Kopi Susu Gula Aren,Minuman,L003,Jakarta Selatan,DKI Jakarta,3,18000,54000,Voucher Ongkir,ONGKIR5,0.05,2700,51300,Transfer Bank,Selesai
TRX01243,2025-08-17,2025,8,August,Sunday,Aplikasi Kasir Digital,POS,C005,Tokopedia,CU0021,Reseller,P012,Dimsum Ayam,Makanan,L004,Depok,Jawa Barat,3,28000,84000,Bundling,BUNDLE12,0.12,10080,73920,COD,Selesai
TRX01244,2025-08-17,2025,8,August,Sunday,CSV Marketplace,CSV,C001,POS Kasir,CU0051,Reguler,P007,Brownies Cokelat,Snack,L002,Jakarta Timur,DKI Jakarta,2,30000,60000,Tidak Ada,,0.0,0,60000,QRIS,Selesai
TRX01245,2025-08-18,2025,8,August,Monday,Aplikasi Kasir Digital,POS,C006,Website,CU0141,Reguler,P008,Roti Bakar Keju,Snack,L002,Jakarta Timur,DKI Jakarta,2,20000,40000,Diskon Produk,DISKON10,0.1,4000,36000,QRIS,Selesai
TRX01246,2025-08-18,2025,8,August,Monday,API Marketplace,API,C006,Website,CU0096,Reguler,P007,Brownies Cokelat,Snack,L003,Jakarta Selatan,DKI Jakarta,2,30000,60000,Diskon Produk,DISKON10,0.1,6000,54000,Transfer Bank,Selesai
TRX01247,2025-08-18,2025,8,August,Monday,Aplikasi Kasir Digital,POS,C002,ShopeeFood,CU0155,Baru,P009,Keripik Singkong,Snack,L006,Bogor,Jawa Barat,4,16000,64000,Tidak Ada,,0.0,0,64000,COD,Selesai
TRX01248,2025-08-18,2025,8,August,Monday,CSV Marketplace,CSV,C006,Website,CU0122,Baru,P006,Mie Ayam Jamur,Makanan,L006,Bogor,Jawa Barat,1,24000,24000,Diskon Produk,DISKON10,0.1,2400,21600,COD,Selesai
TRX01249,2025-08-18,2025,8,August,Monday,API Marketplace,API,C001,POS Kasir,CU0025,Reguler,P008,Roti Bakar Keju,Snack,L001,Bekasi,Jawa Barat,2,20000,40000,Tidak Ada,,0.0,0,40000,E-Wallet,Selesai
TRX01250,2025-08-19,2025,8,August,Tuesday,API Marketplace,API,C001,POS Kasir,CU0089,Reguler,P010,Paket Hemat UMKM,Paket,L002,Jakarta Timur,DKI Jakarta,2,45000,90000,Payday Sale,PAYDAY15,0.15,13500,76500,Transfer Bank,Selesai
TRX01251,2025-08-19,2025,8,August,Tuesday,API Marketplace,API,C006,Website,CU0066,Reguler,P007,Brownies Cokelat,Snack,L005,Tangerang,Banten,1,30000,30000,Voucher Ongkir,ONGKIR5,0.05,1500,28500,Transfer Bank,Selesai
TRX01252,2025-08-19,2025,8,August,Tuesday,CSV Marketplace,CSV,C006,Website,CU0027,Baru,P003,Teh Lemon,Minuman,L001,Bekasi,Jawa Barat,1,15000,15000,Tidak Ada,,0.0,0,15000,Kartu Debit,Selesai
TRX01253,2025-08-19,2025,8,August,Tuesday,Aplikasi Kasir Digital,POS,C005,Tokopedia,CU0158,Reguler,P007,Brownies Cokelat,Snack,L003,Jakarta Selatan,DKI Jakarta,2,30000,60000,Bundling,BUNDLE12,0.12,7200,52800,COD,Selesai
TRX01254,2025-08-19,2025,8,August,Tuesday,Excel Cabang,Excel,C002,ShopeeFood,CU0037,Baru,P001,Kopi Susu Gula Aren,Minuman,L002,Jakarta Timur,DKI Jakarta,4,18000,72000,Diskon Produk,DISKON10,0.1,7200,64800,QRIS,Selesai
TRX01255,2025-08-20,2025,8,August,Wednesday,Database POS,Database,C004,GrabFood,CU0129,Loyal,P003,Teh Lemon,Minuman,L005,Tangerang,Banten,2,15000,30000,Tidak Ada,,0.0,0,30000,Transfer Bank,Selesai
TRX01256,2025-08-20,2025,8,August,Wednesday,Database POS,Database,C006,Website,CU0082,Reguler,P007,Brownies Cokelat,Snack,L004,Depok,Jawa Barat,1,30000,30000,Voucher Ongkir,ONGKIR5,0.05,1500,28500,Kartu Debit,Selesai
TRX01257,2025-08-21,2025,8,August,Thursday,CSV Marketplace,CSV,C006,Website,CU0126,Reguler,P011,Paket Kopi dan Snack,Paket,L003,Jakarta Selatan,DKI Jakarta,3,35000,105000,Tidak Ada,,0.0,0,105000,E-Wallet,Selesai
TRX01258,2025-08-21,2025,8,August,Thursday,API Marketplace,API,C006,Website,CU0120,Loyal,P009,Keripik Singkong,Snack,L004,Depok,Jawa Barat,1,16000,16000,Payday Sale,PAYDAY15,0.15,2400,13600,E-Wallet,Selesai
TRX01259,2025-08-21,2025,8,August,Thursday,CSV Marketplace,CSV,C005,Tokopedia,CU0003,Baru,P004,Nasi Ayam Geprek,Makanan,L005,Tangerang,Banten,1,25000,25000,Tidak Ada,,0.0,0,25000,E-Wallet,Selesai
TRX01260,2025-08-22,2025,8,August,Friday,Excel Cabang,Excel,C003,GoFood,CU0129,Reseller,P010,Paket Hemat UMKM,Paket,L003,Jakarta Selatan,DKI Jakarta,4,45000,180000,Flash Sale,FLASH20,0.2,36000,144000,Kartu Debit,Selesai
TRX01261,2025-08-22,2025,8,August,Friday,Database POS,Database,C006,Website,CU0065,Baru,P011,Paket Kopi dan Snack,Paket,L003,Jakarta Selatan,DKI Jakarta,1,35000,35000,Bundling,BUNDLE12,0.12,4200,0,QRIS,Refund
TRX01262,2025-08-23,2025,8,August,Saturday,Database POS,Database,C006,Website,CU0166,Loyal,P008,Roti Bakar Keju,Snack,L005,Tangerang,Banten,2,20000,40000,Tidak Ada,,0.0,0,40000,QRIS,Selesai
TRX01263,2025-08-23,2025,8,August,Saturday,CSV Marketplace,CSV,C006,Website,CU0034,Baru,P001,Kopi Susu Gula Aren,Minuman,L005,Tangerang,Banten,2,18000,36000,Tidak Ada,,0.0,0,36000,QRIS,Selesai
TRX01264,2025-08-23,2025,8,August,Saturday,API Marketplace,API,C001,POS Kasir,CU0050,Reguler,P011,Paket Kopi dan Snack,Paket,L006,Bogor,Jawa Barat,1,35000,35000,Tidak Ada,,0.0,0,35000,QRIS,Selesai
TRX01265,2025-08-23,2025,8,August,Saturday,CSV Marketplace,CSV,C006,Website,CU0094,Reguler,P011,Paket Kopi dan Snack,Paket,L003,Jakarta Selatan,DKI Jakarta,4,35000,140000,Tidak Ada,,0.0,0,140000,COD,Selesai
TRX01266,2025-08-23,2025,8,August,Saturday,Excel Cabang,Excel,C001,POS Kasir,CU0038,Loyal,P011,Paket Kopi dan Snack,Paket,L006,Bogor,Jawa Barat,1,35000,35000,Voucher Ongkir,ONGKIR5,0.05,1750,33250,QRIS,Selesai
TRX01267,2025-08-23,2025,8,August,Saturday,CSV Marketplace,CSV,C005,Tokopedia,CU0163,Loyal,P001,Kopi Susu Gula Aren,Minuman,L003,Jakarta Selatan,DKI Jakarta,2,18000,36000,Tidak Ada,,0.0,0,36000,QRIS,Selesai
TRX01268,2025-08-24,2025,8,August,Sunday,Excel Cabang,Excel,C005,Tokopedia,CU0030,Reseller,P006,Mie Ayam Jamur,Makanan,L004,Depok,Jawa Barat,2,24000,48000,Tidak Ada,,0.0,0,48000,Transfer Bank,Selesai
TRX01269,2025-08-24,2025,8,August,Sunday,Excel Cabang,Excel,C005,Tokopedia,CU0056,Reguler,P003,Teh Lemon,Minuman,L003,Jakarta Selatan,DKI Jakarta,3,15000,45000,Voucher Ongkir,ONGKIR5,0.05,2250,42750,COD,Selesai
TRX01270,2025-08-24,2025,8,August,Sunday,CSV Marketplace,CSV,C003,GoFood,CU0080,Baru,P012,Dimsum Ayam,Makanan,L002,Jakarta Timur,DKI Jakarta,2,28000,56000,Diskon Produk,DISKON10,0.1,5600,50400,E-Wallet,Selesai
TRX01271,2025-08-24,2025,8,August,Sunday,Database POS,Database,C003,GoFood,CU0052,Baru,P003,Teh Lemon,Minuman,L005,Tangerang,Banten,1,15000,15000,Tidak Ada,,0.0,0,15000,E-Wallet,Selesai
TRX01272,2025-08-24,2025,8,August,Sunday,Database POS,Database,C001,POS Kasir,CU0165,Reguler,P008,Roti Bakar Keju,Snack,L003,Jakarta Selatan,DKI Jakarta,1,20000,20000,Tidak Ada,,0.0,0,20000,Transfer Bank,Selesai
TRX01273,2025-08-24,2025,8,August,Sunday,Aplikasi Kasir Digital,POS,C002,ShopeeFood,CU0112,Reguler,P010,Paket Hemat UMKM,Paket,L004,Depok,Jawa Barat,2,45000,90000,Bundling,BUNDLE12,0.12,10800,79200,E-Wallet,Selesai
TRX01274,2025-08-25,2025,8,August,Monday,CSV Marketplace,CSV,C003,GoFood,CU0030,Reguler,P009,Keripik Singkong,Snack,L002,Jakarta Timur,DKI Jakarta,2,16000,32000,Tidak Ada,,0.0,0,32000,Transfer Bank,Selesai
TRX01275,2025-08-25,2025,8,August,Monday,API Marketplace,API,C003,GoFood,CU0009,Reguler,P008,Roti Bakar Keju,Snack,L005,Tangerang,Banten,2,20000,40000,Payday Sale,PAYDAY15,0.15,6000,34000,QRIS,Selesai
TRX01276,2025-08-25,2025,8,August,Monday,Database POS,Database,C004,GrabFood,CU0026,Baru,P001,Kopi Susu Gula Aren,Minuman,L002,Jakarta Timur,DKI Jakarta,1,18000,18000,Payday Sale,PAYDAY15,0.15,2700,15300,E-Wallet,Selesai
TRX01277,2025-08-25,2025,8,August,Monday,Excel Cabang,Excel,C002,ShopeeFood,CU0152,Reguler,P008,Roti Bakar Keju,Snack,L005,Tangerang,Banten,1,20000,20000,Payday Sale,PAYDAY15,0.15,3000,17000,COD,Selesai
TRX01278,2025-08-25,2025,8,August,Monday,API Marketplace,API,C003,GoFood,CU0103,Reguler,P008,Roti Bakar Keju,Snack,L002,Jakarta Timur,DKI Jakarta,2,20000,40000,Voucher Ongkir,ONGKIR5,0.05,2000,38000,Transfer Bank,Selesai
TRX01279,2025-08-25,2025,8,August,Monday,Database POS,Database,C004,GrabFood,CU0103,Reguler,P009,Keripik Singkong,Snack,L001,Bekasi,Jawa Barat,3,16000,48000,Bundling,BUNDLE12,0.12,5760,42240,Transfer Bank,Selesai
TRX01280,2025-08-26,2025,8,August,Tuesday,Aplikasi Kasir Digital,POS,C002,ShopeeFood,CU0086,Loyal,P012,Dimsum Ayam,Makanan,L005,Tangerang,Banten,3,28000,84000,Tidak Ada,,0.0,0,0,QRIS,Refund
TRX01281,2025-08-26,2025,8,August,Tuesday,Database POS,Database,C003,GoFood,CU0169,Baru,P005,Nasi Goreng Spesial,Makanan,L002,Jakarta Timur,DKI Jakarta,1,27000,27000,Voucher Ongkir,ONGKIR5,0.05,1350,25650,Transfer Bank,Selesai
TRX01282,2025-08-26,2025,8,August,Tuesday,CSV Marketplace,CSV,C002,ShopeeFood,CU0040,Reguler,P002,Es Kopi Latte,Minuman,L002,Jakarta Timur,DKI Jakarta,1,22000,22000,Payday Sale,PAYDAY15,0.15,3300,18700,E-Wallet,Selesai
TRX01283,2025-08-26,2025,8,August,Tuesday,Database POS,Database,C001,POS Kasir,CU0055,Reseller,P003,Teh Lemon,Minuman,L003,Jakarta Selatan,DKI Jakarta,2,15000,30000,Diskon Produk,DISKON10,0.1,3000,27000,COD,Selesai
TRX01284,2025-08-26,2025,8,August,Tuesday,Database POS,Database,C001,POS Kasir,CU0035,Reguler,P012,Dimsum Ayam,Makanan,L002,Jakarta Timur,DKI Jakarta,1,28000,28000,Payday Sale,PAYDAY15,0.15,4200,23800,E-Wallet,Selesai
TRX01285,2025-08-26,2025,8,August,Tuesday,Aplikasi Kasir Digital,POS,C004,GrabFood,CU0126,Reguler,P011,Paket Kopi dan Snack,Paket,L006,Bogor,Jawa Barat,1,35000,35000,Tidak Ada,,0.0,0,35000,Kartu Debit,Selesai
TRX01286,2025-08-26,2025,8,August,Tuesday,API Marketplace,API,C002,ShopeeFood,CU0001,Reguler,P010,Paket Hemat UMKM,Paket,L002,Jakarta Timur,DKI Jakarta,1,45000,45000,Voucher Ongkir,ONGKIR5,0.05,2250,0,COD,Dibatalkan
TRX01287,2025-08-26,2025,8,August,Tuesday,Database POS,Database,C002,ShopeeFood,CU0112,Baru,P011,Paket Kopi dan Snack,Paket,L002,Jakarta Timur,DKI Jakarta,1,35000,35000,Tidak Ada,,0.0,0,35000,COD,Selesai
TRX01288,2025-08-27,2025,8,August,Wednesday,Database POS,Database,C004,GrabFood,CU0108,Baru,P005,Nasi Goreng Spesial,Makanan,L003,Jakarta Selatan,DKI Jakarta,1,27000,27000,Bundling,BUNDLE12,0.12,3240,23760,COD,Selesai
TRX01289,2025-08-27,2025,8,August,Wednesday,API Marketplace,API,C001,POS Kasir,CU0104,Loyal,P002,Es Kopi Latte,Minuman,L004,Depok,Jawa Barat,2,22000,44000,Tidak Ada,,0.0,0,44000,QRIS,Selesai
TRX01290,2025-08-27,2025,8,August,Wednesday,Database POS,Database,C005,Tokopedia,CU0168,Reseller,P003,Teh Lemon,Minuman,L005,Tangerang,Banten,2,15000,30000,Tidak Ada,,0.0,0,30000,COD,Selesai
TRX01291,2025-08-27,2025,8,August,Wednesday,API Marketplace,API,C004,GrabFood,CU0116,Reguler,P001,Kopi Susu Gula Aren,Minuman,L003,Jakarta Selatan,DKI Jakarta,2,18000,36000,Tidak Ada,,0.0,0,36000,COD,Selesai
TRX01292,2025-08-27,2025,8,August,Wednesday,CSV Marketplace,CSV,C001,POS Kasir,CU0099,Loyal,P009,Keripik Singkong,Snack,L003,Jakarta Selatan,DKI Jakarta,5,16000,80000,Voucher Ongkir,ONGKIR5,0.05,4000,76000,QRIS,Selesai
TRX01293,2025-08-27,2025,8,August,Wednesday,API Marketplace,API,C005,Tokopedia,CU0117,Reguler,P006,Mie Ayam Jamur,Makanan,L006,Bogor,Jawa Barat,1,24000,24000,Flash Sale,FLASH20,0.2,4800,19200,COD,Selesai
TRX01294,2025-08-27,2025,8,August,Wednesday,API Marketplace,API,C004,GrabFood,CU0095,Baru,P002,Es Kopi Latte,Minuman,L004,Depok,Jawa Barat,1,22000,22000,Voucher Ongkir,ONGKIR5,0.05,1100,20900,E-Wallet,Selesai
TRX01295,2025-08-28,2025,8,August,Thursday,API Marketplace,API,C003,GoFood,CU0077,Reguler,P005,Nasi Goreng Spesial,Makanan,L002,Jakarta Timur,DKI Jakarta,1,27000,27000,Diskon Produk,DISKON10,0.1,2700,24300,Kartu Debit,Selesai
TRX01296,2025-08-28,2025,8,August,Thursday,Database POS,Database,C005,Tokopedia,CU0025,Baru,P012,Dimsum Ayam,Makanan,L001,Bekasi,Jawa Barat,1,28000,28000,Tidak Ada,,0.0,0,28000,Transfer Bank,Selesai
TRX01297,2025-08-28,2025,8,August,Thursday,Database POS,Database,C003,GoFood,CU0135,Reguler,P007,Brownies Cokelat,Snack,L003,Jakarta Selatan,DKI Jakarta,2,30000,60000,Tidak Ada,,0.0,0,60000,QRIS,Selesai
TRX01298,2025-08-28,2025,8,August,Thursday,Aplikasi Kasir Digital,POS,C002,ShopeeFood,CU0026,Reguler,P006,Mie Ayam Jamur,Makanan,L001,Bekasi,Jawa Barat,5,24000,120000,Payday Sale,PAYDAY15,0.15,18000,102000,QRIS,Selesai
TRX01299,2025-08-28,2025,8,August,Thursday,Database POS,Database,C003,GoFood,CU0066,Loyal,P011,Paket Kopi dan Snack,Paket,L006,Bogor,Jawa Barat,1,35000,35000,Tidak Ada,,0.0,0,35000,QRIS,Selesai
TRX01300,2025-08-28,2025,8,August,Thursday,Aplikasi Kasir Digital,POS,C002,ShopeeFood,CU0132,Reguler,P007,Brownies Cokelat,Snack,L001,Bekasi,Jawa Barat,1,30000,30000,Diskon Produk,DISKON10,0.1,3000,27000,Transfer Bank,Selesai
TRX01301,2025-08-29,2025,8,August,Friday,CSV Marketplace,CSV,C004,GrabFood,CU0177,Loyal,P006,Mie Ayam Jamur,Makanan,L005,Tangerang,Banten,3,24000,72000,Tidak Ada,,0.0,0,72000,E-Wallet,Selesai
TRX01302,2025-08-29,2025,8,August,Friday,CSV Marketplace,CSV,C004,GrabFood,CU0105,Baru,P001,Kopi Susu Gula Aren,Minuman,L005,Tangerang,Banten,2,18000,36000,Tidak Ada,,0.0,0,36000,COD,Selesai
TRX01303,2025-08-30,2025,8,August,Saturday,API Marketplace,API,C006,Website,CU0084,Baru,P008,Roti Bakar Keju,Snack,L005,Tangerang,Banten,1,20000,20000,Tidak Ada,,0.0,0,20000,Kartu Debit,Selesai
TRX01304,2025-08-30,2025,8,August,Saturday,Aplikasi Kasir Digital,POS,C004,GrabFood,CU0139,Reguler,P012,Dimsum Ayam,Makanan,L005,Tangerang,Banten,1,28000,28000,Tidak Ada,,0.0,0,28000,Kartu Debit,Selesai
TRX01305,2025-08-30,2025,8,August,Saturday,Database POS,Database,C003,GoFood,CU0128,Baru,P006,Mie Ayam Jamur,Makanan,L003,Jakarta Selatan,DKI Jakarta,1,24000,24000,Payday Sale,PAYDAY15,0.15,3600,20400,Transfer Bank,Selesai
TRX01306,2025-08-30,2025,8,August,Saturday,Aplikasi Kasir Digital,POS,C001,POS Kasir,CU0144,Reseller,P005,Nasi Goreng Spesial,Makanan,L004,Depok,Jawa Barat,4,27000,108000,Diskon Produk,DISKON10,0.1,10800,97200,QRIS,Selesai
TRX01307,2025-08-30,2025,8,August,Saturday,API Marketplace,API,C003,GoFood,CU0120,Baru,P009,Keripik Singkong,Snack,L003,Jakarta Selatan,DKI Jakarta,3,16000,48000,Tidak Ada,,0.0,0,48000,Kartu Debit,Selesai
TRX01308,2025-08-30,2025,8,August,Saturday,Database POS,Database,C005,Tokopedia,CU0073,Reguler,P010,Paket Hemat UMKM,Paket,L003,Jakarta Selatan,DKI Jakarta,1,45000,45000,Voucher Ongkir,ONGKIR5,0.05,2250,0,COD,Refund
TRX01309,2025-08-30,2025,8,August,Saturday,Database POS,Database,C002,ShopeeFood,CU0025,Reguler,P007,Brownies Cokelat,Snack,L005,Tangerang,Banten,2,30000,60000,Voucher Ongkir,ONGKIR5,0.05,3000,0,Transfer Bank,Refund
TRX01310,2025-08-31,2025,8,August,Sunday,Aplikasi Kasir Digital,POS,C004,GrabFood,CU0108,Reseller,P003,Teh Lemon,Minuman,L006,Bogor,Jawa Barat,1,15000,15000,Voucher Ongkir,ONGKIR5,0.05,750,14250,E-Wallet,Selesai
TRX01311,2025-08-31,2025,8,August,Sunday,API Marketplace,API,C001,POS Kasir,CU0058,Loyal,P006,Mie Ayam Jamur,Makanan,L006,Bogor,Jawa Barat,2,24000,48000,Tidak Ada,,0.0,0,48000,COD,Selesai
TRX01312,2025-08-31,2025,8,August,Sunday,CSV Marketplace,CSV,C002,ShopeeFood,CU0086,Loyal,P005,Nasi Goreng Spesial,Makanan,L004,Depok,Jawa Barat,1,27000,27000,Tidak Ada,,0.0,0,27000,Transfer Bank,Selesai
TRX01313,2025-08-31,2025,8,August,Sunday,Database POS,Database,C005,Tokopedia,CU0163,Baru,P002,Es Kopi Latte,Minuman,L004,Depok,Jawa Barat,5,22000,110000,Tidak Ada,,0.0,0,110000,Transfer Bank,Selesai
TRX01314,2025-08-31,2025,8,August,Sunday,Aplikasi Kasir Digital,POS,C001,POS Kasir,CU0006,Reguler,P010,Paket Hemat UMKM,Paket,L005,Tangerang,Banten,2,45000,90000,Tidak Ada,,0.0,0,90000,Transfer Bank,Selesai
TRX01315,2025-08-31,2025,8,August,Sunday,Excel Cabang,Excel,C006,Website,CU0154,Loyal,P011,Paket Kopi dan Snack,Paket,L004,Depok,Jawa Barat,4,35000,140000,Tidak Ada,,0.0,0,140000,COD,Selesai
TRX01316,2025-09-01,2025,9,September,Monday,CSV Marketplace,CSV,C003,GoFood,CU0052,Reguler,P003,Teh Lemon,Minuman,L004,Depok,Jawa Barat,1,15000,15000,Flash Sale,FLASH20,0.2,3000,12000,E-Wallet,Selesai
TRX01317,2025-09-01,2025,9,September,Monday,Database POS,Database,C005,Tokopedia,CU0114,Reseller,P001,Kopi Susu Gula Aren,Minuman,L002,Jakarta Timur,DKI Jakarta,2,18000,36000,Diskon Produk,DISKON10,0.1,3600,0,Transfer Bank,Refund
TRX01318,2025-09-01,2025,9,September,Monday,Aplikasi Kasir Digital,POS,C001,POS Kasir,CU0041,Baru,P009,Keripik Singkong,Snack,L006,Bogor,Jawa Barat,3,16000,48000,Payday Sale,PAYDAY15,0.15,7200,40800,QRIS,Selesai
TRX01319,2025-09-02,2025,9,September,Tuesday,Aplikasi Kasir Digital,POS,C004,GrabFood,CU0019,Loyal,P011,Paket Kopi dan Snack,Paket,L006,Bogor,Jawa Barat,5,35000,175000,Payday Sale,PAYDAY15,0.15,26250,148750,E-Wallet,Selesai
TRX01320,2025-09-02,2025,9,September,Tuesday,Aplikasi Kasir Digital,POS,C006,Website,CU0007,Reguler,P009,Keripik Singkong,Snack,L001,Bekasi,Jawa Barat,2,16000,32000,Tidak Ada,,0.0,0,32000,QRIS,Selesai
TRX01321,2025-09-03,2025,9,September,Wednesday,Database POS,Database,C003,GoFood,CU0167,Reguler,P012,Dimsum Ayam,Makanan,L001,Bekasi,Jawa Barat,2,28000,56000,Tidak Ada,,0.0,0,56000,QRIS,Selesai
TRX01322,2025-09-03,2025,9,September,Wednesday,CSV Marketplace,CSV,C001,POS Kasir,CU0037,Reseller,P005,Nasi Goreng Spesial,Makanan,L005,Tangerang,Banten,1,27000,27000,Diskon Produk,DISKON10,0.1,2700,24300,COD,Selesai
TRX01323,2025-09-03,2025,9,September,Wednesday,Excel Cabang,Excel,C006,Website,CU0063,Loyal,P002,Es Kopi Latte,Minuman,L003,Jakarta Selatan,DKI Jakarta,2,22000,44000,Diskon Produk,DISKON10,0.1,4400,39600,E-Wallet,Selesai
TRX01324,2025-09-03,2025,9,September,Wednesday,API Marketplace,API,C004,GrabFood,CU0036,Baru,P008,Roti Bakar Keju,Snack,L003,Jakarta Selatan,DKI Jakarta,2,20000,40000,Tidak Ada,,0.0,0,40000,E-Wallet,Selesai
TRX01325,2025-09-03,2025,9,September,Wednesday,API Marketplace,API,C003,GoFood,CU0146,Reguler,P006,Mie Ayam Jamur,Makanan,L005,Tangerang,Banten,1,24000,24000,Diskon Produk,DISKON10,0.1,2400,21600,COD,Selesai
TRX01326,2025-09-04,2025,9,September,Thursday,CSV Marketplace,CSV,C006,Website,CU0099,Baru,P003,Teh Lemon,Minuman,L006,Bogor,Jawa Barat,1,15000,15000,Tidak Ada,,0.0,0,15000,Transfer Bank,Selesai
TRX01327,2025-09-04,2025,9,September,Thursday,CSV Marketplace,CSV,C003,GoFood,CU0131,Loyal,P004,Nasi Ayam Geprek,Makanan,L005,Tangerang,Banten,2,25000,50000,Tidak Ada,,0.0,0,50000,Kartu Debit,Selesai
TRX01328,2025-09-04,2025,9,September,Thursday,CSV Marketplace,CSV,C003,GoFood,CU0134,Reguler,P010,Paket Hemat UMKM,Paket,L002,Jakarta Timur,DKI Jakarta,2,45000,90000,Tidak Ada,,0.0,0,90000,COD,Selesai
TRX01329,2025-09-04,2025,9,September,Thursday,Database POS,Database,C002,ShopeeFood,CU0017,Reguler,P009,Keripik Singkong,Snack,L004,Depok,Jawa Barat,3,16000,48000,Tidak Ada,,0.0,0,48000,E-Wallet,Selesai
TRX01330,2025-09-05,2025,9,September,Friday,Excel Cabang,Excel,C006,Website,CU0118,Reguler,P005,Nasi Goreng Spesial,Makanan,L005,Tangerang,Banten,2,27000,54000,Tidak Ada,,0.0,0,54000,QRIS,Selesai
TRX01331,2025-09-05,2025,9,September,Friday,CSV Marketplace,CSV,C006,Website,CU0161,Baru,P009,Keripik Singkong,Snack,L002,Jakarta Timur,DKI Jakarta,1,16000,16000,Tidak Ada,,0.0,0,16000,E-Wallet,Selesai
TRX01332,2025-09-05,2025,9,September,Friday,Aplikasi Kasir Digital,POS,C005,Tokopedia,CU0015,Reguler,P005,Nasi Goreng Spesial,Makanan,L005,Tangerang,Banten,3,27000,81000,Bundling,BUNDLE12,0.12,9720,71280,Kartu Debit,Selesai
TRX01333,2025-09-06,2025,9,September,Saturday,CSV Marketplace,CSV,C006,Website,CU0046,Baru,P003,Teh Lemon,Minuman,L006,Bogor,Jawa Barat,1,15000,15000,Diskon Produk,DISKON10,0.1,1500,13500,Kartu Debit,Selesai
TRX01334,2025-09-06,2025,9,September,Saturday,CSV Marketplace,CSV,C006,Website,CU0034,Reguler,P005,Nasi Goreng Spesial,Makanan,L001,Bekasi,Jawa Barat,2,27000,54000,Flash Sale,FLASH20,0.2,10800,43200,QRIS,Selesai
TRX01335,2025-09-06,2025,9,September,Saturday,Database POS,Database,C005,Tokopedia,CU0014,Reguler,P004,Nasi Ayam Geprek,Makanan,L005,Tangerang,Banten,2,25000,50000,Tidak Ada,,0.0,0,50000,QRIS,Selesai
TRX01336,2025-09-06,2025,9,September,Saturday,Database POS,Database,C001,POS Kasir,CU0056,Reguler,P002,Es Kopi Latte,Minuman,L004,Depok,Jawa Barat,1,22000,22000,Tidak Ada,,0.0,0,22000,E-Wallet,Selesai
TRX01337,2025-09-06,2025,9,September,Saturday,Database POS,Database,C001,POS Kasir,CU0163,Reguler,P010,Paket Hemat UMKM,Paket,L004,Depok,Jawa Barat,3,45000,135000,Tidak Ada,,0.0,0,0,COD,Refund
TRX01338,2025-09-06,2025,9,September,Saturday,API Marketplace,API,C005,Tokopedia,CU0130,Reguler,P005,Nasi Goreng Spesial,Makanan,L004,Depok,Jawa Barat,2,27000,54000,Tidak Ada,,0.0,0,0,E-Wallet,Dibatalkan
TRX01339,2025-09-06,2025,9,September,Saturday,CSV Marketplace,CSV,C005,Tokopedia,CU0129,Reguler,P005,Nasi Goreng Spesial,Makanan,L003,Jakarta Selatan,DKI Jakarta,1,27000,27000,Diskon Produk,DISKON10,0.1,2700,24300,COD,Selesai
TRX01340,2025-09-06,2025,9,September,Saturday,API Marketplace,API,C001,POS Kasir,CU0127,Baru,P003,Teh Lemon,Minuman,L004,Depok,Jawa Barat,3,15000,45000,Tidak Ada,,0.0,0,45000,QRIS,Selesai
TRX01341,2025-09-07,2025,9,September,Sunday,Aplikasi Kasir Digital,POS,C006,Website,CU0028,Loyal,P008,Roti Bakar Keju,Snack,L003,Jakarta Selatan,DKI Jakarta,3,20000,60000,Tidak Ada,,0.0,0,60000,Transfer Bank,Selesai
TRX01342,2025-09-07,2025,9,September,Sunday,Database POS,Database,C005,Tokopedia,CU0157,Baru,P005,Nasi Goreng Spesial,Makanan,L003,Jakarta Selatan,DKI Jakarta,1,27000,27000,Tidak Ada,,0.0,0,27000,Transfer Bank,Selesai
TRX01343,2025-09-07,2025,9,September,Sunday,CSV Marketplace,CSV,C002,ShopeeFood,CU0133,Reseller,P004,Nasi Ayam Geprek,Makanan,L004,Depok,Jawa Barat,2,25000,50000,Tidak Ada,,0.0,0,50000,Kartu Debit,Selesai
TRX01344,2025-09-07,2025,9,September,Sunday,API Marketplace,API,C002,ShopeeFood,CU0078,Reguler,P012,Dimsum Ayam,Makanan,L003,Jakarta Selatan,DKI Jakarta,2,28000,56000,Payday Sale,PAYDAY15,0.15,8400,47600,E-Wallet,Selesai
TRX01345,2025-09-07,2025,9,September,Sunday,Database POS,Database,C003,GoFood,CU0107,Baru,P006,Mie Ayam Jamur,Makanan,L006,Bogor,Jawa Barat,1,24000,24000,Tidak Ada,,0.0,0,24000,COD,Selesai
TRX01346,2025-09-07,2025,9,September,Sunday,CSV Marketplace,CSV,C006,Website,CU0005,Loyal,P007,Brownies Cokelat,Snack,L003,Jakarta Selatan,DKI Jakarta,5,30000,150000,Voucher Ongkir,ONGKIR5,0.05,7500,142500,Transfer Bank,Selesai
TRX01347,2025-09-08,2025,9,September,Monday,API Marketplace,API,C001,POS Kasir,CU0143,Reguler,P005,Nasi Goreng Spesial,Makanan,L003,Jakarta Selatan,DKI Jakarta,1,27000,27000,Tidak Ada,,0.0,0,27000,Transfer Bank,Selesai
TRX01348,2025-09-08,2025,9,September,Monday,API Marketplace,API,C004,GrabFood,CU0084,Loyal,P010,Paket Hemat UMKM,Paket,L005,Tangerang,Banten,1,45000,45000,Tidak Ada,,0.0,0,45000,Kartu Debit,Selesai
TRX01349,2025-09-08,2025,9,September,Monday,Database POS,Database,C004,GrabFood,CU0151,Reguler,P001,Kopi Susu Gula Aren,Minuman,L006,Bogor,Jawa Barat,1,18000,18000,Bundling,BUNDLE12,0.12,2160,15840,QRIS,Selesai
TRX01350,2025-09-08,2025,9,September,Monday,API Marketplace,API,C005,Tokopedia,CU0121,Baru,P006,Mie Ayam Jamur,Makanan,L003,Jakarta Selatan,DKI Jakarta,1,24000,24000,Tidak Ada,,0.0,0,24000,QRIS,Selesai
TRX01351,2025-09-09,2025,9,September,Tuesday,API Marketplace,API,C005,Tokopedia,CU0113,Baru,P003,Teh Lemon,Minuman,L002,Jakarta Timur,DKI Jakarta,2,15000,30000,Tidak Ada,,0.0,0,30000,Kartu Debit,Selesai
TRX01352,2025-09-09,2025,9,September,Tuesday,Aplikasi Kasir Digital,POS,C005,Tokopedia,CU0036,Loyal,P011,Paket Kopi dan Snack,Paket,L003,Jakarta Selatan,DKI Jakarta,3,35000,105000,Diskon Produk,DISKON10,0.1,10500,94500,QRIS,Selesai
TRX01353,2025-09-09,2025,9,September,Tuesday,API Marketplace,API,C006,Website,CU0115,Loyal,P012,Dimsum Ayam,Makanan,L006,Bogor,Jawa Barat,4,28000,112000,Tidak Ada,,0.0,0,112000,Transfer Bank,Selesai
TRX01354,2025-09-09,2025,9,September,Tuesday,API Marketplace,API,C004,GrabFood,CU0067,Baru,P008,Roti Bakar Keju,Snack,L002,Jakarta Timur,DKI Jakarta,1,20000,20000,Diskon Produk,DISKON10,0.1,2000,18000,QRIS,Selesai
TRX01355,2025-09-09,2025,9,September,Tuesday,Database POS,Database,C004,GrabFood,CU0136,Baru,P011,Paket Kopi dan Snack,Paket,L004,Depok,Jawa Barat,3,35000,105000,Voucher Ongkir,ONGKIR5,0.05,5250,99750,Kartu Debit,Selesai
TRX01356,2025-09-10,2025,9,September,Wednesday,Aplikasi Kasir Digital,POS,C003,GoFood,CU0163,Baru,P001,Kopi Susu Gula Aren,Minuman,L005,Tangerang,Banten,2,18000,36000,Tidak Ada,,0.0,0,36000,QRIS,Selesai
TRX01357,2025-09-10,2025,9,September,Wednesday,CSV Marketplace,CSV,C005,Tokopedia,CU0023,Reguler,P009,Keripik Singkong,Snack,L001,Bekasi,Jawa Barat,3,16000,48000,Voucher Ongkir,ONGKIR5,0.05,2400,45600,COD,Selesai
TRX01358,2025-09-10,2025,9,September,Wednesday,Database POS,Database,C006,Website,CU0039,Reguler,P004,Nasi Ayam Geprek,Makanan,L001,Bekasi,Jawa Barat,3,25000,75000,Tidak Ada,,0.0,0,75000,QRIS,Selesai
TRX01359,2025-09-10,2025,9,September,Wednesday,Aplikasi Kasir Digital,POS,C004,GrabFood,CU0111,Loyal,P010,Paket Hemat UMKM,Paket,L003,Jakarta Selatan,DKI Jakarta,3,45000,135000,Diskon Produk,DISKON10,0.1,13500,121500,COD,Selesai
TRX01360,2025-09-10,2025,9,September,Wednesday,Excel Cabang,Excel,C004,GrabFood,CU0039,Baru,P001,Kopi Susu Gula Aren,Minuman,L005,Tangerang,Banten,1,18000,18000,Tidak Ada,,0.0,0,18000,Transfer Bank,Selesai
TRX01361,2025-09-11,2025,9,September,Thursday,CSV Marketplace,CSV,C006,Website,CU0091,Loyal,P009,Keripik Singkong,Snack,L004,Depok,Jawa Barat,3,16000,48000,Tidak Ada,,0.0,0,48000,Kartu Debit,Selesai
TRX01362,2025-09-11,2025,9,September,Thursday,CSV Marketplace,CSV,C003,GoFood,CU0011,Loyal,P003,Teh Lemon,Minuman,L002,Jakarta Timur,DKI Jakarta,1,15000,15000,Tidak Ada,,0.0,0,15000,Kartu Debit,Selesai
TRX01363,2025-09-11,2025,9,September,Thursday,CSV Marketplace,CSV,C003,GoFood,CU0042,Reguler,P002,Es Kopi Latte,Minuman,L003,Jakarta Selatan,DKI Jakarta,2,22000,44000,Tidak Ada,,0.0,0,44000,E-Wallet,Selesai
TRX01364,2025-09-11,2025,9,September,Thursday,CSV Marketplace,CSV,C001,POS Kasir,CU0032,Loyal,P004,Nasi Ayam Geprek,Makanan,L003,Jakarta Selatan,DKI Jakarta,3,25000,75000,Flash Sale,FLASH20,0.2,15000,60000,COD,Selesai
TRX01365,2025-09-12,2025,9,September,Friday,Database POS,Database,C004,GrabFood,CU0098,Reguler,P007,Brownies Cokelat,Snack,L001,Bekasi,Jawa Barat,1,30000,30000,Tidak Ada,,0.0,0,30000,QRIS,Selesai
TRX01366,2025-09-12,2025,9,September,Friday,Aplikasi Kasir Digital,POS,C005,Tokopedia,CU0031,Reseller,P003,Teh Lemon,Minuman,L005,Tangerang,Banten,1,15000,15000,Voucher Ongkir,ONGKIR5,0.05,750,14250,Kartu Debit,Selesai
TRX01367,2025-09-12,2025,9,September,Friday,CSV Marketplace,CSV,C002,ShopeeFood,CU0093,Reguler,P006,Mie Ayam Jamur,Makanan,L004,Depok,Jawa Barat,5,24000,120000,Voucher Ongkir,ONGKIR5,0.05,6000,114000,Kartu Debit,Selesai
TRX01368,2025-09-13,2025,9,September,Saturday,Database POS,Database,C004,GrabFood,CU0093,Reseller,P001,Kopi Susu Gula Aren,Minuman,L004,Depok,Jawa Barat,4,18000,72000,Tidak Ada,,0.0,0,72000,QRIS,Selesai
TRX01369,2025-09-13,2025,9,September,Saturday,Excel Cabang,Excel,C002,ShopeeFood,CU0121,Baru,P011,Paket Kopi dan Snack,Paket,L003,Jakarta Selatan,DKI Jakarta,2,35000,70000,Voucher Ongkir,ONGKIR5,0.05,3500,66500,E-Wallet,Selesai
TRX01370,2025-09-13,2025,9,September,Saturday,CSV Marketplace,CSV,C002,ShopeeFood,CU0133,Baru,P006,Mie Ayam Jamur,Makanan,L001,Bekasi,Jawa Barat,1,24000,24000,Tidak Ada,,0.0,0,24000,COD,Selesai
TRX01371,2025-09-13,2025,9,September,Saturday,API Marketplace,API,C002,ShopeeFood,CU0041,Reguler,P001,Kopi Susu Gula Aren,Minuman,L005,Tangerang,Banten,1,18000,18000,Tidak Ada,,0.0,0,0,Transfer Bank,Dibatalkan
TRX01372,2025-09-13,2025,9,September,Saturday,CSV Marketplace,CSV,C006,Website,CU0042,Baru,P003,Teh Lemon,Minuman,L006,Bogor,Jawa Barat,1,15000,15000,Flash Sale,FLASH20,0.2,3000,12000,Transfer Bank,Selesai
TRX01373,2025-09-13,2025,9,September,Saturday,Aplikasi Kasir Digital,POS,C003,GoFood,CU0085,Baru,P011,Paket Kopi dan Snack,Paket,L003,Jakarta Selatan,DKI Jakarta,1,35000,35000,Voucher Ongkir,ONGKIR5,0.05,1750,33250,COD,Selesai
TRX01374,2025-09-13,2025,9,September,Saturday,Aplikasi Kasir Digital,POS,C001,POS Kasir,CU0135,Baru,P003,Teh Lemon,Minuman,L004,Depok,Jawa Barat,1,15000,15000,Tidak Ada,,0.0,0,15000,QRIS,Selesai
TRX01375,2025-09-14,2025,9,September,Sunday,Database POS,Database,C001,POS Kasir,CU0138,Reguler,P007,Brownies Cokelat,Snack,L001,Bekasi,Jawa Barat,2,30000,60000,Tidak Ada,,0.0,0,60000,Kartu Debit,Selesai
TRX01376,2025-09-14,2025,9,September,Sunday,Database POS,Database,C004,GrabFood,CU0083,Reguler,P001,Kopi Susu Gula Aren,Minuman,L003,Jakarta Selatan,DKI Jakarta,3,18000,54000,Tidak Ada,,0.0,0,0,E-Wallet,Dibatalkan
TRX01377,2025-09-14,2025,9,September,Sunday,Database POS,Database,C001,POS Kasir,CU0147,Baru,P011,Paket Kopi dan Snack,Paket,L006,Bogor,Jawa Barat,2,35000,70000,Voucher Ongkir,ONGKIR5,0.05,3500,66500,Transfer Bank,Selesai
TRX01378,2025-09-14,2025,9,September,Sunday,Excel Cabang,Excel,C006,Website,CU0073,Loyal,P003,Teh Lemon,Minuman,L002,Jakarta Timur,DKI Jakarta,2,15000,30000,Diskon Produk,DISKON10,0.1,3000,27000,QRIS,Selesai
TRX01379,2025-09-14,2025,9,September,Sunday,API Marketplace,API,C006,Website,CU0172,Reguler,P005,Nasi Goreng Spesial,Makanan,L002,Jakarta Timur,DKI Jakarta,1,27000,27000,Bundling,BUNDLE12,0.12,3240,23760,Kartu Debit,Selesai
TRX01380,2025-09-15,2025,9,September,Monday,API Marketplace,API,C004,GrabFood,CU0009,Loyal,P003,Teh Lemon,Minuman,L003,Jakarta Selatan,DKI Jakarta,2,15000,30000,Tidak Ada,,0.0,0,30000,COD,Selesai
TRX01381,2025-09-15,2025,9,September,Monday,CSV Marketplace,CSV,C001,POS Kasir,CU0061,Baru,P004,Nasi Ayam Geprek,Makanan,L002,Jakarta Timur,DKI Jakarta,2,25000,50000,Voucher Ongkir,ONGKIR5,0.05,2500,47500,E-Wallet,Selesai
TRX01382,2025-09-15,2025,9,September,Monday,CSV Marketplace,CSV,C003,GoFood,CU0148,Reguler,P008,Roti Bakar Keju,Snack,L004,Depok,Jawa Barat,2,20000,40000,Voucher Ongkir,ONGKIR5,0.05,2000,38000,Transfer Bank,Selesai
TRX01383,2025-09-15,2025,9,September,Monday,Excel Cabang,Excel,C004,GrabFood,CU0132,Reseller,P005,Nasi Goreng Spesial,Makanan,L005,Tangerang,Banten,2,27000,54000,Diskon Produk,DISKON10,0.1,5400,0,E-Wallet,Refund
TRX01384,2025-09-16,2025,9,September,Tuesday,Aplikasi Kasir Digital,POS,C004,GrabFood,CU0088,Loyal,P005,Nasi Goreng Spesial,Makanan,L003,Jakarta Selatan,DKI Jakarta,2,27000,54000,Tidak Ada,,0.0,0,54000,E-Wallet,Selesai
TRX01385,2025-09-16,2025,9,September,Tuesday,Excel Cabang,Excel,C006,Website,CU0059,Reseller,P006,Mie Ayam Jamur,Makanan,L004,Depok,Jawa Barat,4,24000,96000,Tidak Ada,,0.0,0,96000,QRIS,Selesai
TRX01386,2025-09-16,2025,9,September,Tuesday,API Marketplace,API,C002,ShopeeFood,CU0022,Reseller,P012,Dimsum Ayam,Makanan,L003,Jakarta Selatan,DKI Jakarta,1,28000,28000,Tidak Ada,,0.0,0,28000,Kartu Debit,Selesai
TRX01387,2025-09-17,2025,9,September,Wednesday,Excel Cabang,Excel,C002,ShopeeFood,CU0135,Reguler,P003,Teh Lemon,Minuman,L006,Bogor,Jawa Barat,1,15000,15000,Diskon Produk,DISKON10,0.1,1500,13500,Transfer Bank,Selesai
TRX01388,2025-09-17,2025,9,September,Wednesday,Aplikasi Kasir Digital,POS,C001,POS Kasir,CU0136,Baru,P009,Keripik Singkong,Snack,L005,Tangerang,Banten,1,16000,16000,Tidak Ada,,0.0,0,16000,Transfer Bank,Selesai
TRX01389,2025-09-17,2025,9,September,Wednesday,Aplikasi Kasir Digital,POS,C006,Website,CU0039,Reguler,P003,Teh Lemon,Minuman,L006,Bogor,Jawa Barat,1,15000,15000,Flash Sale,FLASH20,0.2,3000,12000,Kartu Debit,Selesai
TRX01390,2025-09-18,2025,9,September,Thursday,API Marketplace,API,C004,GrabFood,CU0108,Loyal,P005,Nasi Goreng Spesial,Makanan,L001,Bekasi,Jawa Barat,1,27000,27000,Tidak Ada,,0.0,0,27000,COD,Selesai
TRX01391,2025-09-18,2025,9,September,Thursday,Excel Cabang,Excel,C001,POS Kasir,CU0080,Baru,P012,Dimsum Ayam,Makanan,L003,Jakarta Selatan,DKI Jakarta,1,28000,28000,Tidak Ada,,0.0,0,28000,Kartu Debit,Selesai
TRX01392,2025-09-18,2025,9,September,Thursday,CSV Marketplace,CSV,C004,GrabFood,CU0063,Reguler,P002,Es Kopi Latte,Minuman,L001,Bekasi,Jawa Barat,1,22000,22000,Voucher Ongkir,ONGKIR5,0.05,1100,20900,Transfer Bank,Selesai
TRX01393,2025-09-19,2025,9,September,Friday,API Marketplace,API,C002,ShopeeFood,CU0071,Baru,P010,Paket Hemat UMKM,Paket,L002,Jakarta Timur,DKI Jakarta,1,45000,45000,Bundling,BUNDLE12,0.12,5400,39600,COD,Selesai
TRX01394,2025-09-19,2025,9,September,Friday,CSV Marketplace,CSV,C006,Website,CU0071,Loyal,P012,Dimsum Ayam,Makanan,L005,Tangerang,Banten,1,28000,28000,Tidak Ada,,0.0,0,28000,QRIS,Selesai
TRX01395,2025-09-19,2025,9,September,Friday,Excel Cabang,Excel,C005,Tokopedia,CU0060,Reguler,P009,Keripik Singkong,Snack,L003,Jakarta Selatan,DKI Jakarta,3,16000,48000,Tidak Ada,,0.0,0,48000,E-Wallet,Selesai
TRX01396,2025-09-19,2025,9,September,Friday,Database POS,Database,C005,Tokopedia,CU0088,Loyal,P009,Keripik Singkong,Snack,L006,Bogor,Jawa Barat,1,16000,16000,Payday Sale,PAYDAY15,0.15,2400,13600,QRIS,Selesai
TRX01397,2025-09-19,2025,9,September,Friday,Database POS,Database,C006,Website,CU0178,Loyal,P005,Nasi Goreng Spesial,Makanan,L001,Bekasi,Jawa Barat,1,27000,27000,Tidak Ada,,0.0,0,27000,COD,Selesai
TRX01398,2025-09-20,2025,9,September,Saturday,Aplikasi Kasir Digital,POS,C006,Website,CU0062,Loyal,P002,Es Kopi Latte,Minuman,L001,Bekasi,Jawa Barat,4,22000,88000,Payday Sale,PAYDAY15,0.15,13200,74800,COD,Selesai
TRX01399,2025-09-20,2025,9,September,Saturday,Excel Cabang,Excel,C001,POS Kasir,CU0071,Reseller,P007,Brownies Cokelat,Snack,L004,Depok,Jawa Barat,3,30000,90000,Tidak Ada,,0.0,0,90000,Kartu Debit,Selesai
TRX01400,2025-09-20,2025,9,September,Saturday,Excel Cabang,Excel,C003,GoFood,CU0125,Baru,P011,Paket Kopi dan Snack,Paket,L003,Jakarta Selatan,DKI Jakarta,1,35000,35000,Diskon Produk,DISKON10,0.1,3500,31500,COD,Selesai
TRX01401,2025-09-20,2025,9,September,Saturday,Excel Cabang,Excel,C003,GoFood,CU0125,Reguler,P007,Brownies Cokelat,Snack,L006,Bogor,Jawa Barat,5,30000,150000,Voucher Ongkir,ONGKIR5,0.05,7500,142500,Kartu Debit,Selesai
TRX01402,2025-09-20,2025,9,September,Saturday,Excel Cabang,Excel,C004,GrabFood,CU0165,Reseller,P009,Keripik Singkong,Snack,L006,Bogor,Jawa Barat,2,16000,32000,Tidak Ada,,0.0,0,32000,Kartu Debit,Selesai
TRX01403,2025-09-20,2025,9,September,Saturday,Aplikasi Kasir Digital,POS,C005,Tokopedia,CU0011,Reguler,P004,Nasi Ayam Geprek,Makanan,L003,Jakarta Selatan,DKI Jakarta,1,25000,25000,Tidak Ada,,0.0,0,25000,COD,Selesai
TRX01404,2025-09-20,2025,9,September,Saturday,Database POS,Database,C001,POS Kasir,CU0111,Reguler,P010,Paket Hemat UMKM,Paket,L005,Tangerang,Banten,3,45000,135000,Diskon Produk,DISKON10,0.1,13500,121500,QRIS,Selesai
TRX01405,2025-09-21,2025,9,September,Sunday,API Marketplace,API,C001,POS Kasir,CU0117,Loyal,P011,Paket Kopi dan Snack,Paket,L003,Jakarta Selatan,DKI Jakarta,4,35000,140000,Voucher Ongkir,ONGKIR5,0.05,7000,133000,E-Wallet,Selesai
TRX01406,2025-09-21,2025,9,September,Sunday,CSV Marketplace,CSV,C003,GoFood,CU0084,Reguler,P011,Paket Kopi dan Snack,Paket,L003,Jakarta Selatan,DKI Jakarta,1,35000,35000,Voucher Ongkir,ONGKIR5,0.05,1750,33250,E-Wallet,Selesai
TRX01407,2025-09-21,2025,9,September,Sunday,Aplikasi Kasir Digital,POS,C005,Tokopedia,CU0090,Loyal,P003,Teh Lemon,Minuman,L002,Jakarta Timur,DKI Jakarta,2,15000,30000,Diskon Produk,DISKON10,0.1,3000,27000,Transfer Bank,Selesai
TRX01408,2025-09-21,2025,9,September,Sunday,Aplikasi Kasir Digital,POS,C003,GoFood,CU0059,Reguler,P002,Es Kopi Latte,Minuman,L003,Jakarta Selatan,DKI Jakarta,2,22000,44000,Voucher Ongkir,ONGKIR5,0.05,2200,41800,E-Wallet,Selesai
TRX01409,2025-09-21,2025,9,September,Sunday,Database POS,Database,C006,Website,CU0048,Loyal,P012,Dimsum Ayam,Makanan,L001,Bekasi,Jawa Barat,1,28000,28000,Tidak Ada,,0.0,0,28000,Transfer Bank,Selesai
TRX01410,2025-09-22,2025,9,September,Monday,API Marketplace,API,C004,GrabFood,CU0083,Baru,P006,Mie Ayam Jamur,Makanan,L003,Jakarta Selatan,DKI Jakarta,3,24000,72000,Bundling,BUNDLE12,0.12,8640,63360,Transfer Bank,Selesai
TRX01411,2025-09-22,2025,9,September,Monday,Aplikasi Kasir Digital,POS,C006,Website,CU0046,Reguler,P009,Keripik Singkong,Snack,L006,Bogor,Jawa Barat,1,16000,16000,Tidak Ada,,0.0,0,16000,QRIS,Selesai
TRX01412,2025-09-22,2025,9,September,Monday,Database POS,Database,C005,Tokopedia,CU0088,Reguler,P002,Es Kopi Latte,Minuman,L006,Bogor,Jawa Barat,3,22000,66000,Tidak Ada,,0.0,0,66000,COD,Selesai
TRX01413,2025-09-22,2025,9,September,Monday,API Marketplace,API,C006,Website,CU0083,Reseller,P007,Brownies Cokelat,Snack,L001,Bekasi,Jawa Barat,2,30000,60000,Bundling,BUNDLE12,0.12,7200,52800,COD,Selesai
TRX01414,2025-09-22,2025,9,September,Monday,API Marketplace,API,C002,ShopeeFood,CU0178,Reseller,P004,Nasi Ayam Geprek,Makanan,L005,Tangerang,Banten,1,25000,25000,Tidak Ada,,0.0,0,25000,Transfer Bank,Selesai
TRX01415,2025-09-23,2025,9,September,Tuesday,Excel Cabang,Excel,C002,ShopeeFood,CU0157,Reguler,P011,Paket Kopi dan Snack,Paket,L002,Jakarta Timur,DKI Jakarta,1,35000,35000,Bundling,BUNDLE12,0.12,4200,30800,COD,Selesai
TRX01416,2025-09-23,2025,9,September,Tuesday,Database POS,Database,C002,ShopeeFood,CU0103,Reguler,P009,Keripik Singkong,Snack,L005,Tangerang,Banten,1,16000,16000,Tidak Ada,,0.0,0,16000,COD,Selesai
TRX01417,2025-09-23,2025,9,September,Tuesday,Database POS,Database,C003,GoFood,CU0061,Reguler,P012,Dimsum Ayam,Makanan,L003,Jakarta Selatan,DKI Jakarta,1,28000,28000,Flash Sale,FLASH20,0.2,5600,22400,E-Wallet,Selesai
TRX01418,2025-09-23,2025,9,September,Tuesday,CSV Marketplace,CSV,C003,GoFood,CU0025,Reseller,P012,Dimsum Ayam,Makanan,L002,Jakarta Timur,DKI Jakarta,3,28000,84000,Tidak Ada,,0.0,0,84000,Kartu Debit,Selesai
TRX01419,2025-09-23,2025,9,September,Tuesday,Aplikasi Kasir Digital,POS,C001,POS Kasir,CU0180,Reguler,P009,Keripik Singkong,Snack,L003,Jakarta Selatan,DKI Jakarta,1,16000,16000,Tidak Ada,,0.0,0,16000,Kartu Debit,Selesai
TRX01420,2025-09-24,2025,9,September,Wednesday,Excel Cabang,Excel,C005,Tokopedia,CU0152,Reguler,P008,Roti Bakar Keju,Snack,L003,Jakarta Selatan,DKI Jakarta,2,20000,40000,Tidak Ada,,0.0,0,40000,Transfer Bank,Selesai
TRX01421,2025-09-24,2025,9,September,Wednesday,Excel Cabang,Excel,C006,Website,CU0038,Baru,P008,Roti Bakar Keju,Snack,L005,Tangerang,Banten,3,20000,60000,Tidak Ada,,0.0,0,60000,E-Wallet,Selesai
TRX01422,2025-09-24,2025,9,September,Wednesday,API Marketplace,API,C005,Tokopedia,CU0154,Reguler,P012,Dimsum Ayam,Makanan,L003,Jakarta Selatan,DKI Jakarta,4,28000,112000,Diskon Produk,DISKON10,0.1,11200,0,Transfer Bank,Refund
TRX01423,2025-09-25,2025,9,September,Thursday,API Marketplace,API,C005,Tokopedia,CU0131,Reseller,P008,Roti Bakar Keju,Snack,L003,Jakarta Selatan,DKI Jakarta,1,20000,20000,Voucher Ongkir,ONGKIR5,0.05,1000,19000,Transfer Bank,Selesai
TRX01424,2025-09-25,2025,9,September,Thursday,Excel Cabang,Excel,C003,GoFood,CU0092,Reguler,P011,Paket Kopi dan Snack,Paket,L005,Tangerang,Banten,5,35000,175000,Tidak Ada,,0.0,0,175000,QRIS,Selesai
TRX01425,2025-09-25,2025,9,September,Thursday,CSV Marketplace,CSV,C006,Website,CU0154,Loyal,P009,Keripik Singkong,Snack,L004,Depok,Jawa Barat,2,16000,32000,Tidak Ada,,0.0,0,32000,Transfer Bank,Selesai
TRX01426,2025-09-25,2025,9,September,Thursday,Excel Cabang,Excel,C004,GrabFood,CU0104,Reguler,P001,Kopi Susu Gula Aren,Minuman,L006,Bogor,Jawa Barat,1,18000,18000,Tidak Ada,,0.0,0,18000,COD,Selesai
TRX01427,2025-09-25,2025,9,September,Thursday,CSV Marketplace,CSV,C004,GrabFood,CU0080,Reguler,P007,Brownies Cokelat,Snack,L006,Bogor,Jawa Barat,3,30000,90000,Tidak Ada,,0.0,0,90000,COD,Selesai
TRX01428,2025-09-25,2025,9,September,Thursday,API Marketplace,API,C002,ShopeeFood,CU0166,Reguler,P008,Roti Bakar Keju,Snack,L001,Bekasi,Jawa Barat,1,20000,20000,Tidak Ada,,0.0,0,20000,E-Wallet,Selesai
TRX01429,2025-09-25,2025,9,September,Thursday,Excel Cabang,Excel,C003,GoFood,CU0143,Baru,P002,Es Kopi Latte,Minuman,L005,Tangerang,Banten,3,22000,66000,Tidak Ada,,0.0,0,66000,E-Wallet,Selesai
TRX01430,2025-09-26,2025,9,September,Friday,Database POS,Database,C003,GoFood,CU0146,Reguler,P001,Kopi Susu Gula Aren,Minuman,L001,Bekasi,Jawa Barat,1,18000,18000,Flash Sale,FLASH20,0.2,3600,0,QRIS,Dibatalkan
TRX01431,2025-09-26,2025,9,September,Friday,Database POS,Database,C005,Tokopedia,CU0089,Baru,P004,Nasi Ayam Geprek,Makanan,L006,Bogor,Jawa Barat,1,25000,25000,Tidak Ada,,0.0,0,25000,Transfer Bank,Selesai
TRX01432,2025-09-26,2025,9,September,Friday,CSV Marketplace,CSV,C004,GrabFood,CU0114,Baru,P010,Paket Hemat UMKM,Paket,L002,Jakarta Timur,DKI Jakarta,2,45000,90000,Flash Sale,FLASH20,0.2,18000,0,QRIS,Dibatalkan
TRX01433,2025-09-26,2025,9,September,Friday,Excel Cabang,Excel,C003,GoFood,CU0133,Baru,P002,Es Kopi Latte,Minuman,L003,Jakarta Selatan,DKI Jakarta,1,22000,22000,Tidak Ada,,0.0,0,22000,QRIS,Selesai
TRX01434,2025-09-26,2025,9,September,Friday,API Marketplace,API,C005,Tokopedia,CU0141,Loyal,P010,Paket Hemat UMKM,Paket,L002,Jakarta Timur,DKI Jakarta,4,45000,180000,Flash Sale,FLASH20,0.2,36000,0,COD,Dibatalkan
TRX01435,2025-09-26,2025,9,September,Friday,API Marketplace,API,C001,POS Kasir,CU0126,Baru,P011,Paket Kopi dan Snack,Paket,L005,Tangerang,Banten,1,35000,35000,Tidak Ada,,0.0,0,35000,COD,Selesai
TRX01436,2025-09-27,2025,9,September,Saturday,Aplikasi Kasir Digital,POS,C001,POS Kasir,CU0135,Reguler,P012,Dimsum Ayam,Makanan,L005,Tangerang,Banten,1,28000,28000,Payday Sale,PAYDAY15,0.15,4200,23800,Kartu Debit,Selesai
TRX01437,2025-09-27,2025,9,September,Saturday,API Marketplace,API,C002,ShopeeFood,CU0051,Baru,P009,Keripik Singkong,Snack,L006,Bogor,Jawa Barat,1,16000,16000,Diskon Produk,DISKON10,0.1,1600,14400,COD,Selesai
TRX01438,2025-09-27,2025,9,September,Saturday,Excel Cabang,Excel,C004,GrabFood,CU0124,Reguler,P007,Brownies Cokelat,Snack,L001,Bekasi,Jawa Barat,2,30000,60000,Diskon Produk,DISKON10,0.1,6000,54000,E-Wallet,Selesai
TRX01439,2025-09-27,2025,9,September,Saturday,Excel Cabang,Excel,C006,Website,CU0023,Reguler,P005,Nasi Goreng Spesial,Makanan,L006,Bogor,Jawa Barat,2,27000,54000,Tidak Ada,,0.0,0,54000,Kartu Debit,Selesai
TRX01440,2025-09-27,2025,9,September,Saturday,API Marketplace,API,C002,ShopeeFood,CU0013,Reseller,P010,Paket Hemat UMKM,Paket,L005,Tangerang,Banten,2,45000,90000,Voucher Ongkir,ONGKIR5,0.05,4500,85500,COD,Selesai
TRX01441,2025-09-27,2025,9,September,Saturday,Database POS,Database,C006,Website,CU0046,Reguler,P009,Keripik Singkong,Snack,L001,Bekasi,Jawa Barat,2,16000,32000,Voucher Ongkir,ONGKIR5,0.05,1600,0,QRIS,Dibatalkan
TRX01442,2025-09-27,2025,9,September,Saturday,CSV Marketplace,CSV,C002,ShopeeFood,CU0053,Reguler,P002,Es Kopi Latte,Minuman,L004,Depok,Jawa Barat,2,22000,44000,Tidak Ada,,0.0,0,44000,Kartu Debit,Selesai
TRX01443,2025-09-27,2025,9,September,Saturday,CSV Marketplace,CSV,C004,GrabFood,CU0075,Baru,P001,Kopi Susu Gula Aren,Minuman,L001,Bekasi,Jawa Barat,4,18000,72000,Tidak Ada,,0.0,0,72000,Transfer Bank,Selesai
TRX01444,2025-09-27,2025,9,September,Saturday,CSV Marketplace,CSV,C004,GrabFood,CU0012,Baru,P006,Mie Ayam Jamur,Makanan,L002,Jakarta Timur,DKI Jakarta,1,24000,24000,Flash Sale,FLASH20,0.2,4800,19200,Kartu Debit,Selesai
TRX01445,2025-09-28,2025,9,September,Sunday,API Marketplace,API,C006,Website,CU0070,Reguler,P010,Paket Hemat UMKM,Paket,L006,Bogor,Jawa Barat,1,45000,45000,Flash Sale,FLASH20,0.2,9000,36000,QRIS,Selesai
TRX01446,2025-09-28,2025,9,September,Sunday,CSV Marketplace,CSV,C003,GoFood,CU0154,Baru,P007,Brownies Cokelat,Snack,L004,Depok,Jawa Barat,3,30000,90000,Voucher Ongkir,ONGKIR5,0.05,4500,85500,COD,Selesai
TRX01447,2025-09-28,2025,9,September,Sunday,CSV Marketplace,CSV,C006,Website,CU0041,Reseller,P008,Roti Bakar Keju,Snack,L002,Jakarta Timur,DKI Jakarta,1,20000,20000,Tidak Ada,,0.0,0,20000,COD,Selesai
TRX01448,2025-09-28,2025,9,September,Sunday,API Marketplace,API,C002,ShopeeFood,CU0178,Reguler,P009,Keripik Singkong,Snack,L003,Jakarta Selatan,DKI Jakarta,4,16000,64000,Payday Sale,PAYDAY15,0.15,9600,54400,Kartu Debit,Selesai
TRX01449,2025-09-28,2025,9,September,Sunday,Excel Cabang,Excel,C001,POS Kasir,CU0052,Reseller,P010,Paket Hemat UMKM,Paket,L003,Jakarta Selatan,DKI Jakarta,1,45000,45000,Flash Sale,FLASH20,0.2,9000,36000,Kartu Debit,Selesai
TRX01450,2025-09-28,2025,9,September,Sunday,Excel Cabang,Excel,C005,Tokopedia,CU0059,Baru,P004,Nasi Ayam Geprek,Makanan,L002,Jakarta Timur,DKI Jakarta,2,25000,50000,Tidak Ada,,0.0,0,50000,COD,Selesai
TRX01451,2025-09-28,2025,9,September,Sunday,Database POS,Database,C002,ShopeeFood,CU0037,Reguler,P012,Dimsum Ayam,Makanan,L001,Bekasi,Jawa Barat,2,28000,56000,Diskon Produk,DISKON10,0.1,5600,50400,QRIS,Selesai
TRX01452,2025-09-28,2025,9,September,Sunday,API Marketplace,API,C002,ShopeeFood,CU0040,Reguler,P009,Keripik Singkong,Snack,L002,Jakarta Timur,DKI Jakarta,1,16000,16000,Tidak Ada,,0.0,0,0,E-Wallet,Dibatalkan
TRX01453,2025-09-28,2025,9,September,Sunday,Excel Cabang,Excel,C002,ShopeeFood,CU0075,Reguler,P006,Mie Ayam Jamur,Makanan,L004,Depok,Jawa Barat,1,24000,24000,Tidak Ada,,0.0,0,24000,Transfer Bank,Selesai
TRX01454,2025-09-28,2025,9,September,Sunday,Database POS,Database,C006,Website,CU0063,Reguler,P004,Nasi Ayam Geprek,Makanan,L003,Jakarta Selatan,DKI Jakarta,1,25000,25000,Diskon Produk,DISKON10,0.1,2500,22500,E-Wallet,Selesai
TRX01455,2025-09-28,2025,9,September,Sunday,Excel Cabang,Excel,C003,GoFood,CU0133,Reguler,P003,Teh Lemon,Minuman,L005,Tangerang,Banten,1,15000,15000,Tidak Ada,,0.0,0,15000,Kartu Debit,Selesai
TRX01456,2025-09-29,2025,9,September,Monday,Excel Cabang,Excel,C002,ShopeeFood,CU0001,Reguler,P006,Mie Ayam Jamur,Makanan,L001,Bekasi,Jawa Barat,2,24000,48000,Tidak Ada,,0.0,0,48000,COD,Selesai
TRX01457,2025-09-29,2025,9,September,Monday,Excel Cabang,Excel,C006,Website,CU0167,Loyal,P002,Es Kopi Latte,Minuman,L002,Jakarta Timur,DKI Jakarta,2,22000,44000,Tidak Ada,,0.0,0,0,COD,Dibatalkan
TRX01458,2025-09-29,2025,9,September,Monday,Aplikasi Kasir Digital,POS,C003,GoFood,CU0061,Reguler,P011,Paket Kopi dan Snack,Paket,L004,Depok,Jawa Barat,1,35000,35000,Flash Sale,FLASH20,0.2,7000,28000,Kartu Debit,Selesai
TRX01459,2025-09-29,2025,9,September,Monday,CSV Marketplace,CSV,C004,GrabFood,CU0058,Baru,P011,Paket Kopi dan Snack,Paket,L004,Depok,Jawa Barat,2,35000,70000,Payday Sale,PAYDAY15,0.15,10500,0,Transfer Bank,Refund
TRX01460,2025-09-30,2025,9,September,Tuesday,Excel Cabang,Excel,C003,GoFood,CU0011,Reguler,P005,Nasi Goreng Spesial,Makanan,L002,Jakarta Timur,DKI Jakarta,1,27000,27000,Tidak Ada,,0.0,0,27000,Kartu Debit,Selesai
TRX01461,2025-09-30,2025,9,September,Tuesday,API Marketplace,API,C006,Website,CU0107,Reguler,P007,Brownies Cokelat,Snack,L002,Jakarta Timur,DKI Jakarta,1,30000,30000,Tidak Ada,,0.0,0,30000,COD,Selesai
TRX01462,2025-09-30,2025,9,September,Tuesday,API Marketplace,API,C003,GoFood,CU0136,Baru,P007,Brownies Cokelat,Snack,L004,Depok,Jawa Barat,1,30000,30000,Tidak Ada,,0.0,0,30000,Transfer Bank,Selesai
TRX01463,2025-09-30,2025,9,September,Tuesday,Aplikasi Kasir Digital,POS,C006,Website,CU0105,Reguler,P010,Paket Hemat UMKM,Paket,L002,Jakarta Timur,DKI Jakarta,1,45000,45000,Tidak Ada,,0.0,0,45000,E-Wallet,Selesai
TRX01464,2025-09-30,2025,9,September,Tuesday,Aplikasi Kasir Digital,POS,C001,POS Kasir,CU0160,Reguler,P003,Teh Lemon,Minuman,L004,Depok,Jawa Barat,2,15000,30000,Tidak Ada,,0.0,0,30000,Transfer Bank,Selesai
TRX01465,2025-10-01,2025,10,October,Wednesday,Database POS,Database,C005,Tokopedia,CU0178,Baru,P011,Paket Kopi dan Snack,Paket,L004,Depok,Jawa Barat,1,35000,35000,Tidak Ada,,0.0,0,35000,Kartu Debit,Selesai
TRX01466,2025-10-01,2025,10,October,Wednesday,Aplikasi Kasir Digital,POS,C006,Website,CU0148,Loyal,P005,Nasi Goreng Spesial,Makanan,L006,Bogor,Jawa Barat,3,27000,81000,Diskon Produk,DISKON10,0.1,8100,72900,Transfer Bank,Selesai
TRX01467,2025-10-01,2025,10,October,Wednesday,CSV Marketplace,CSV,C002,ShopeeFood,CU0157,Reseller,P006,Mie Ayam Jamur,Makanan,L004,Depok,Jawa Barat,3,24000,72000,Tidak Ada,,0.0,0,72000,Kartu Debit,Selesai
TRX01468,2025-10-02,2025,10,October,Thursday,Excel Cabang,Excel,C001,POS Kasir,CU0014,Reguler,P011,Paket Kopi dan Snack,Paket,L001,Bekasi,Jawa Barat,1,35000,35000,Flash Sale,FLASH20,0.2,7000,28000,QRIS,Selesai
TRX01469,2025-10-02,2025,10,October,Thursday,CSV Marketplace,CSV,C006,Website,CU0017,Reguler,P006,Mie Ayam Jamur,Makanan,L002,Jakarta Timur,DKI Jakarta,4,24000,96000,Tidak Ada,,0.0,0,96000,E-Wallet,Selesai
TRX01470,2025-10-03,2025,10,October,Friday,CSV Marketplace,CSV,C006,Website,CU0144,Baru,P008,Roti Bakar Keju,Snack,L003,Jakarta Selatan,DKI Jakarta,1,20000,20000,Tidak Ada,,0.0,0,20000,Transfer Bank,Selesai
TRX01471,2025-10-03,2025,10,October,Friday,Database POS,Database,C005,Tokopedia,CU0121,Reguler,P002,Es Kopi Latte,Minuman,L005,Tangerang,Banten,1,22000,22000,Tidak Ada,,0.0,0,22000,E-Wallet,Selesai
TRX01472,2025-10-03,2025,10,October,Friday,CSV Marketplace,CSV,C006,Website,CU0011,Baru,P004,Nasi Ayam Geprek,Makanan,L001,Bekasi,Jawa Barat,4,25000,100000,Tidak Ada,,0.0,0,100000,COD,Selesai
TRX01473,2025-10-03,2025,10,October,Friday,Aplikasi Kasir Digital,POS,C001,POS Kasir,CU0113,Reguler,P008,Roti Bakar Keju,Snack,L002,Jakarta Timur,DKI Jakarta,2,20000,40000,Voucher Ongkir,ONGKIR5,0.05,2000,38000,Transfer Bank,Selesai
TRX01474,2025-10-03,2025,10,October,Friday,Aplikasi Kasir Digital,POS,C006,Website,CU0022,Loyal,P001,Kopi Susu Gula Aren,Minuman,L004,Depok,Jawa Barat,1,18000,18000,Tidak Ada,,0.0,0,18000,QRIS,Selesai
TRX01475,2025-10-04,2025,10,October,Saturday,CSV Marketplace,CSV,C001,POS Kasir,CU0022,Reguler,P007,Brownies Cokelat,Snack,L002,Jakarta Timur,DKI Jakarta,4,30000,120000,Tidak Ada,,0.0,0,120000,COD,Selesai
TRX01476,2025-10-04,2025,10,October,Saturday,API Marketplace,API,C002,ShopeeFood,CU0072,Reseller,P010,Paket Hemat UMKM,Paket,L004,Depok,Jawa Barat,3,45000,135000,Tidak Ada,,0.0,0,135000,QRIS,Selesai
TRX01477,2025-10-04,2025,10,October,Saturday,CSV Marketplace,CSV,C006,Website,CU0111,Reguler,P003,Teh Lemon,Minuman,L001,Bekasi,Jawa Barat,2,15000,30000,Tidak Ada,,0.0,0,30000,E-Wallet,Selesai
TRX01478,2025-10-04,2025,10,October,Saturday,Excel Cabang,Excel,C006,Website,CU0160,Baru,P011,Paket Kopi dan Snack,Paket,L004,Depok,Jawa Barat,1,35000,35000,Tidak Ada,,0.0,0,35000,Kartu Debit,Selesai
TRX01479,2025-10-04,2025,10,October,Saturday,Database POS,Database,C004,GrabFood,CU0070,Reguler,P007,Brownies Cokelat,Snack,L002,Jakarta Timur,DKI Jakarta,1,30000,30000,Diskon Produk,DISKON10,0.1,3000,27000,E-Wallet,Selesai
TRX01480,2025-10-04,2025,10,October,Saturday,API Marketplace,API,C004,GrabFood,CU0067,Reguler,P009,Keripik Singkong,Snack,L004,Depok,Jawa Barat,1,16000,16000,Tidak Ada,,0.0,0,16000,COD,Selesai
TRX01481,2025-10-04,2025,10,October,Saturday,Excel Cabang,Excel,C006,Website,CU0131,Loyal,P002,Es Kopi Latte,Minuman,L004,Depok,Jawa Barat,3,22000,66000,Flash Sale,FLASH20,0.2,13200,52800,QRIS,Selesai
TRX01482,2025-10-04,2025,10,October,Saturday,CSV Marketplace,CSV,C001,POS Kasir,CU0061,Loyal,P002,Es Kopi Latte,Minuman,L002,Jakarta Timur,DKI Jakarta,1,22000,22000,Tidak Ada,,0.0,0,22000,QRIS,Selesai
TRX01483,2025-10-05,2025,10,October,Sunday,CSV Marketplace,CSV,C001,POS Kasir,CU0118,Reguler,P006,Mie Ayam Jamur,Makanan,L005,Tangerang,Banten,2,24000,48000,Bundling,BUNDLE12,0.12,5760,42240,E-Wallet,Selesai
TRX01484,2025-10-05,2025,10,October,Sunday,Excel Cabang,Excel,C001,POS Kasir,CU0021,Baru,P002,Es Kopi Latte,Minuman,L005,Tangerang,Banten,2,22000,44000,Tidak Ada,,0.0,0,44000,QRIS,Selesai
TRX01485,2025-10-05,2025,10,October,Sunday,Excel Cabang,Excel,C002,ShopeeFood,CU0161,Reguler,P011,Paket Kopi dan Snack,Paket,L002,Jakarta Timur,DKI Jakarta,2,35000,70000,Tidak Ada,,0.0,0,70000,COD,Selesai
TRX01486,2025-10-05,2025,10,October,Sunday,CSV Marketplace,CSV,C005,Tokopedia,CU0152,Loyal,P012,Dimsum Ayam,Makanan,L004,Depok,Jawa Barat,2,28000,56000,Diskon Produk,DISKON10,0.1,5600,50400,QRIS,Selesai
TRX01487,2025-10-05,2025,10,October,Sunday,CSV Marketplace,CSV,C001,POS Kasir,CU0139,Reguler,P009,Keripik Singkong,Snack,L001,Bekasi,Jawa Barat,5,16000,80000,Tidak Ada,,0.0,0,80000,Transfer Bank,Selesai
TRX01488,2025-10-05,2025,10,October,Sunday,CSV Marketplace,CSV,C002,ShopeeFood,CU0059,Baru,P012,Dimsum Ayam,Makanan,L001,Bekasi,Jawa Barat,3,28000,84000,Voucher Ongkir,ONGKIR5,0.05,4200,79800,Kartu Debit,Selesai
TRX01489,2025-10-06,2025,10,October,Monday,CSV Marketplace,CSV,C003,GoFood,CU0062,Reguler,P009,Keripik Singkong,Snack,L006,Bogor,Jawa Barat,1,16000,16000,Voucher Ongkir,ONGKIR5,0.05,800,15200,E-Wallet,Selesai
TRX01490,2025-10-06,2025,10,October,Monday,Excel Cabang,Excel,C001,POS Kasir,CU0016,Reguler,P003,Teh Lemon,Minuman,L001,Bekasi,Jawa Barat,2,15000,30000,Flash Sale,FLASH20,0.2,6000,24000,COD,Selesai
TRX01491,2025-10-06,2025,10,October,Monday,Excel Cabang,Excel,C001,POS Kasir,CU0093,Reguler,P012,Dimsum Ayam,Makanan,L004,Depok,Jawa Barat,1,28000,28000,Voucher Ongkir,ONGKIR5,0.05,1400,26600,Kartu Debit,Selesai
TRX01492,2025-10-06,2025,10,October,Monday,API Marketplace,API,C003,GoFood,CU0123,Reguler,P002,Es Kopi Latte,Minuman,L005,Tangerang,Banten,2,22000,44000,Diskon Produk,DISKON10,0.1,4400,39600,E-Wallet,Selesai
TRX01493,2025-10-06,2025,10,October,Monday,CSV Marketplace,CSV,C006,Website,CU0177,Reguler,P006,Mie Ayam Jamur,Makanan,L005,Tangerang,Banten,1,24000,24000,Tidak Ada,,0.0,0,24000,COD,Selesai
TRX01494,2025-10-07,2025,10,October,Tuesday,Database POS,Database,C004,GrabFood,CU0099,Reguler,P007,Brownies Cokelat,Snack,L004,Depok,Jawa Barat,1,30000,30000,Diskon Produk,DISKON10,0.1,3000,27000,QRIS,Selesai
TRX01495,2025-10-07,2025,10,October,Tuesday,CSV Marketplace,CSV,C006,Website,CU0170,Reseller,P006,Mie Ayam Jamur,Makanan,L004,Depok,Jawa Barat,1,24000,24000,Tidak Ada,,0.0,0,24000,Transfer Bank,Selesai
TRX01496,2025-10-07,2025,10,October,Tuesday,Excel Cabang,Excel,C001,POS Kasir,CU0087,Baru,P003,Teh Lemon,Minuman,L002,Jakarta Timur,DKI Jakarta,1,15000,15000,Tidak Ada,,0.0,0,15000,COD,Selesai
TRX01497,2025-10-07,2025,10,October,Tuesday,CSV Marketplace,CSV,C003,GoFood,CU0128,Reguler,P005,Nasi Goreng Spesial,Makanan,L005,Tangerang,Banten,1,27000,27000,Diskon Produk,DISKON10,0.1,2700,24300,Transfer Bank,Selesai
TRX01498,2025-10-08,2025,10,October,Wednesday,API Marketplace,API,C001,POS Kasir,CU0037,Baru,P006,Mie Ayam Jamur,Makanan,L001,Bekasi,Jawa Barat,2,24000,48000,Diskon Produk,DISKON10,0.1,4800,43200,COD,Selesai
TRX01499,2025-10-08,2025,10,October,Wednesday,API Marketplace,API,C001,POS Kasir,CU0080,Reguler,P007,Brownies Cokelat,Snack,L004,Depok,Jawa Barat,2,30000,60000,Tidak Ada,,0.0,0,60000,COD,Selesai
TRX01500,2025-10-09,2025,10,October,Thursday,API Marketplace,API,C003,GoFood,CU0095,Reguler,P009,Keripik Singkong,Snack,L003,Jakarta Selatan,DKI Jakarta,3,16000,48000,Payday Sale,PAYDAY15,0.15,7200,40800,COD,Selesai
TRX01501,2025-10-09,2025,10,October,Thursday,CSV Marketplace,CSV,C004,GrabFood,CU0060,Reseller,P008,Roti Bakar Keju,Snack,L003,Jakarta Selatan,DKI Jakarta,1,20000,20000,Tidak Ada,,0.0,0,20000,E-Wallet,Selesai
TRX01502,2025-10-09,2025,10,October,Thursday,API Marketplace,API,C005,Tokopedia,CU0050,Reseller,P008,Roti Bakar Keju,Snack,L003,Jakarta Selatan,DKI Jakarta,2,20000,40000,Tidak Ada,,0.0,0,40000,E-Wallet,Selesai
TRX01503,2025-10-10,2025,10,October,Friday,CSV Marketplace,CSV,C005,Tokopedia,CU0145,Reguler,P012,Dimsum Ayam,Makanan,L005,Tangerang,Banten,3,28000,84000,Tidak Ada,,0.0,0,84000,QRIS,Selesai
TRX01504,2025-10-10,2025,10,October,Friday,Aplikasi Kasir Digital,POS,C002,ShopeeFood,CU0119,Reguler,P002,Es Kopi Latte,Minuman,L004,Depok,Jawa Barat,1,22000,22000,Tidak Ada,,0.0,0,22000,E-Wallet,Selesai
TRX01505,2025-10-10,2025,10,October,Friday,CSV Marketplace,CSV,C003,GoFood,CU0122,Baru,P007,Brownies Cokelat,Snack,L002,Jakarta Timur,DKI Jakarta,1,30000,30000,Voucher Ongkir,ONGKIR5,0.05,1500,28500,QRIS,Selesai
TRX01506,2025-10-11,2025,10,October,Saturday,Database POS,Database,C003,GoFood,CU0138,Baru,P003,Teh Lemon,Minuman,L003,Jakarta Selatan,DKI Jakarta,5,15000,75000,Diskon Produk,DISKON10,0.1,7500,0,Transfer Bank,Dibatalkan
TRX01507,2025-10-11,2025,10,October,Saturday,API Marketplace,API,C001,POS Kasir,CU0050,Reguler,P010,Paket Hemat UMKM,Paket,L005,Tangerang,Banten,2,45000,90000,Diskon Produk,DISKON10,0.1,9000,81000,Kartu Debit,Selesai
TRX01508,2025-10-11,2025,10,October,Saturday,Excel Cabang,Excel,C006,Website,CU0076,Baru,P007,Brownies Cokelat,Snack,L004,Depok,Jawa Barat,1,30000,30000,Tidak Ada,,0.0,0,30000,COD,Selesai
TRX01509,2025-10-11,2025,10,October,Saturday,Database POS,Database,C004,GrabFood,CU0081,Baru,P008,Roti Bakar Keju,Snack,L002,Jakarta Timur,DKI Jakarta,2,20000,40000,Tidak Ada,,0.0,0,40000,E-Wallet,Selesai
TRX01510,2025-10-11,2025,10,October,Saturday,Database POS,Database,C005,Tokopedia,CU0083,Reseller,P004,Nasi Ayam Geprek,Makanan,L006,Bogor,Jawa Barat,1,25000,25000,Tidak Ada,,0.0,0,25000,QRIS,Selesai
TRX01511,2025-10-11,2025,10,October,Saturday,API Marketplace,API,C004,GrabFood,CU0097,Reguler,P006,Mie Ayam Jamur,Makanan,L005,Tangerang,Banten,1,24000,24000,Voucher Ongkir,ONGKIR5,0.05,1200,22800,COD,Selesai
TRX01512,2025-10-11,2025,10,October,Saturday,Aplikasi Kasir Digital,POS,C003,GoFood,CU0073,Reguler,P007,Brownies Cokelat,Snack,L002,Jakarta Timur,DKI Jakarta,3,30000,90000,Tidak Ada,,0.0,0,90000,Kartu Debit,Selesai
TRX01513,2025-10-11,2025,10,October,Saturday,CSV Marketplace,CSV,C006,Website,CU0036,Baru,P009,Keripik Singkong,Snack,L001,Bekasi,Jawa Barat,2,16000,32000,Flash Sale,FLASH20,0.2,6400,25600,Kartu Debit,Selesai
TRX01514,2025-10-11,2025,10,October,Saturday,API Marketplace,API,C001,POS Kasir,CU0106,Reguler,P012,Dimsum Ayam,Makanan,L002,Jakarta Timur,DKI Jakarta,5,28000,140000,Tidak Ada,,0.0,0,140000,QRIS,Selesai
TRX01515,2025-10-12,2025,10,October,Sunday,CSV Marketplace,CSV,C004,GrabFood,CU0054,Reguler,P007,Brownies Cokelat,Snack,L006,Bogor,Jawa Barat,2,30000,60000,Tidak Ada,,0.0,0,60000,QRIS,Selesai
TRX01516,2025-10-12,2025,10,October,Sunday,Excel Cabang,Excel,C002,ShopeeFood,CU0014,Reguler,P005,Nasi Goreng Spesial,Makanan,L002,Jakarta Timur,DKI Jakarta,2,27000,54000,Tidak Ada,,0.0,0,54000,Transfer Bank,Selesai
TRX01517,2025-10-12,2025,10,October,Sunday,CSV Marketplace,CSV,C002,ShopeeFood,CU0082,Reguler,P001,Kopi Susu Gula Aren,Minuman,L002,Jakarta Timur,DKI Jakarta,4,18000,72000,Tidak Ada,,0.0,0,72000,COD,Selesai
TRX01518,2025-10-12,2025,10,October,Sunday,Database POS,Database,C001,POS Kasir,CU0151,Baru,P005,Nasi Goreng Spesial,Makanan,L004,Depok,Jawa Barat,2,27000,54000,Tidak Ada,,0.0,0,54000,Transfer Bank,Selesai
TRX01519,2025-10-12,2025,10,October,Sunday,Excel Cabang,Excel,C006,Website,CU0043,Reguler,P001,Kopi Susu Gula Aren,Minuman,L003,Jakarta Selatan,DKI Jakarta,2,18000,36000,Tidak Ada,,0.0,0,36000,Transfer Bank,Selesai
TRX01520,2025-10-12,2025,10,October,Sunday,API Marketplace,API,C005,Tokopedia,CU0100,Baru,P011,Paket Kopi dan Snack,Paket,L006,Bogor,Jawa Barat,1,35000,35000,Tidak Ada,,0.0,0,35000,Transfer Bank,Selesai
TRX01521,2025-10-13,2025,10,October,Monday,API Marketplace,API,C003,GoFood,CU0116,Baru,P006,Mie Ayam Jamur,Makanan,L002,Jakarta Timur,DKI Jakarta,1,24000,24000,Diskon Produk,DISKON10,0.1,2400,0,Kartu Debit,Refund
TRX01522,2025-10-13,2025,10,October,Monday,CSV Marketplace,CSV,C004,GrabFood,CU0028,Loyal,P011,Paket Kopi dan Snack,Paket,L005,Tangerang,Banten,1,35000,35000,Tidak Ada,,0.0,0,35000,Transfer Bank,Selesai
TRX01523,2025-10-13,2025,10,October,Monday,API Marketplace,API,C006,Website,CU0152,Loyal,P010,Paket Hemat UMKM,Paket,L006,Bogor,Jawa Barat,3,45000,135000,Diskon Produk,DISKON10,0.1,13500,121500,E-Wallet,Selesai
TRX01524,2025-10-13,2025,10,October,Monday,Aplikasi Kasir Digital,POS,C002,ShopeeFood,CU0056,Reguler,P011,Paket Kopi dan Snack,Paket,L006,Bogor,Jawa Barat,3,35000,105000,Voucher Ongkir,ONGKIR5,0.05,5250,99750,E-Wallet,Selesai
TRX01525,2025-10-14,2025,10,October,Tuesday,Database POS,Database,C004,GrabFood,CU0101,Reguler,P006,Mie Ayam Jamur,Makanan,L002,Jakarta Timur,DKI Jakarta,2,24000,48000,Tidak Ada,,0.0,0,0,Transfer Bank,Dibatalkan
TRX01526,2025-10-14,2025,10,October,Tuesday,API Marketplace,API,C005,Tokopedia,CU0064,Baru,P008,Roti Bakar Keju,Snack,L005,Tangerang,Banten,3,20000,60000,Diskon Produk,DISKON10,0.1,6000,54000,QRIS,Selesai
TRX01527,2025-10-14,2025,10,October,Tuesday,Excel Cabang,Excel,C001,POS Kasir,CU0078,Reguler,P001,Kopi Susu Gula Aren,Minuman,L005,Tangerang,Banten,4,18000,72000,Flash Sale,FLASH20,0.2,14400,0,Kartu Debit,Refund
TRX01528,2025-10-15,2025,10,October,Wednesday,CSV Marketplace,CSV,C002,ShopeeFood,CU0096,Baru,P001,Kopi Susu Gula Aren,Minuman,L003,Jakarta Selatan,DKI Jakarta,5,18000,90000,Diskon Produk,DISKON10,0.1,9000,81000,COD,Selesai
TRX01529,2025-10-15,2025,10,October,Wednesday,API Marketplace,API,C001,POS Kasir,CU0053,Baru,P005,Nasi Goreng Spesial,Makanan,L001,Bekasi,Jawa Barat,1,27000,27000,Tidak Ada,,0.0,0,27000,QRIS,Selesai
TRX01530,2025-10-16,2025,10,October,Thursday,Excel Cabang,Excel,C001,POS Kasir,CU0149,Reguler,P003,Teh Lemon,Minuman,L001,Bekasi,Jawa Barat,2,15000,30000,Tidak Ada,,0.0,0,30000,E-Wallet,Selesai
TRX01531,2025-10-16,2025,10,October,Thursday,Excel Cabang,Excel,C004,GrabFood,CU0017,Reguler,P012,Dimsum Ayam,Makanan,L005,Tangerang,Banten,2,28000,56000,Tidak Ada,,0.0,0,56000,COD,Selesai
TRX01532,2025-10-16,2025,10,October,Thursday,Database POS,Database,C004,GrabFood,CU0012,Reguler,P008,Roti Bakar Keju,Snack,L004,Depok,Jawa Barat,1,20000,20000,Tidak Ada,,0.0,0,20000,E-Wallet,Selesai
TRX01533,2025-10-16,2025,10,October,Thursday,API Marketplace,API,C002,ShopeeFood,CU0049,Baru,P012,Dimsum Ayam,Makanan,L004,Depok,Jawa Barat,1,28000,28000,Tidak Ada,,0.0,0,28000,COD,Selesai
TRX01534,2025-10-16,2025,10,October,Thursday,Database POS,Database,C005,Tokopedia,CU0060,Loyal,P011,Paket Kopi dan Snack,Paket,L001,Bekasi,Jawa Barat,2,35000,70000,Diskon Produk,DISKON10,0.1,7000,63000,QRIS,Selesai
TRX01535,2025-10-17,2025,10,October,Friday,Database POS,Database,C004,GrabFood,CU0096,Loyal,P010,Paket Hemat UMKM,Paket,L003,Jakarta Selatan,DKI Jakarta,2,45000,90000,Tidak Ada,,0.0,0,90000,Kartu Debit,Selesai
TRX01536,2025-10-17,2025,10,October,Friday,Database POS,Database,C003,GoFood,CU0120,Reseller,P012,Dimsum Ayam,Makanan,L006,Bogor,Jawa Barat,1,28000,28000,Tidak Ada,,0.0,0,28000,E-Wallet,Selesai
TRX01537,2025-10-18,2025,10,October,Saturday,Database POS,Database,C003,GoFood,CU0036,Reguler,P009,Keripik Singkong,Snack,L004,Depok,Jawa Barat,1,16000,16000,Tidak Ada,,0.0,0,16000,E-Wallet,Selesai
TRX01538,2025-10-18,2025,10,October,Saturday,CSV Marketplace,CSV,C006,Website,CU0161,Baru,P008,Roti Bakar Keju,Snack,L005,Tangerang,Banten,3,20000,60000,Tidak Ada,,0.0,0,60000,E-Wallet,Selesai
TRX01539,2025-10-18,2025,10,October,Saturday,CSV Marketplace,CSV,C005,Tokopedia,CU0178,Reguler,P012,Dimsum Ayam,Makanan,L002,Jakarta Timur,DKI Jakarta,5,28000,140000,Voucher Ongkir,ONGKIR5,0.05,7000,133000,COD,Selesai
TRX01540,2025-10-18,2025,10,October,Saturday,Aplikasi Kasir Digital,POS,C001,POS Kasir,CU0141,Reguler,P009,Keripik Singkong,Snack,L005,Tangerang,Banten,1,16000,16000,Tidak Ada,,0.0,0,16000,Transfer Bank,Selesai
TRX01541,2025-10-18,2025,10,October,Saturday,Database POS,Database,C003,GoFood,CU0096,Reguler,P011,Paket Kopi dan Snack,Paket,L006,Bogor,Jawa Barat,1,35000,35000,Diskon Produk,DISKON10,0.1,3500,31500,COD,Selesai
TRX01542,2025-10-18,2025,10,October,Saturday,API Marketplace,API,C005,Tokopedia,CU0028,Baru,P007,Brownies Cokelat,Snack,L002,Jakarta Timur,DKI Jakarta,2,30000,60000,Diskon Produk,DISKON10,0.1,6000,54000,COD,Selesai
TRX01543,2025-10-18,2025,10,October,Saturday,Excel Cabang,Excel,C006,Website,CU0028,Reguler,P012,Dimsum Ayam,Makanan,L002,Jakarta Timur,DKI Jakarta,3,28000,84000,Bundling,BUNDLE12,0.12,10080,73920,QRIS,Selesai
TRX01544,2025-10-18,2025,10,October,Saturday,API Marketplace,API,C004,GrabFood,CU0025,Reseller,P005,Nasi Goreng Spesial,Makanan,L002,Jakarta Timur,DKI Jakarta,3,27000,81000,Tidak Ada,,0.0,0,81000,Transfer Bank,Selesai
TRX01545,2025-10-18,2025,10,October,Saturday,CSV Marketplace,CSV,C001,POS Kasir,CU0019,Baru,P001,Kopi Susu Gula Aren,Minuman,L003,Jakarta Selatan,DKI Jakarta,1,18000,18000,Voucher Ongkir,ONGKIR5,0.05,900,0,COD,Dibatalkan
TRX01546,2025-10-19,2025,10,October,Sunday,Aplikasi Kasir Digital,POS,C001,POS Kasir,CU0054,Reguler,P011,Paket Kopi dan Snack,Paket,L004,Depok,Jawa Barat,1,35000,35000,Tidak Ada,,0.0,0,35000,Kartu Debit,Selesai
TRX01547,2025-10-19,2025,10,October,Sunday,Aplikasi Kasir Digital,POS,C005,Tokopedia,CU0009,Reguler,P008,Roti Bakar Keju,Snack,L006,Bogor,Jawa Barat,1,20000,20000,Tidak Ada,,0.0,0,20000,E-Wallet,Selesai
TRX01548,2025-10-19,2025,10,October,Sunday,Aplikasi Kasir Digital,POS,C004,GrabFood,CU0151,Reguler,P012,Dimsum Ayam,Makanan,L004,Depok,Jawa Barat,3,28000,84000,Tidak Ada,,0.0,0,0,E-Wallet,Dibatalkan
TRX01549,2025-10-19,2025,10,October,Sunday,Database POS,Database,C001,POS Kasir,CU0023,Reguler,P011,Paket Kopi dan Snack,Paket,L004,Depok,Jawa Barat,1,35000,35000,Tidak Ada,,0.0,0,35000,Kartu Debit,Selesai
TRX01550,2025-10-19,2025,10,October,Sunday,Excel Cabang,Excel,C006,Website,CU0062,Reguler,P004,Nasi Ayam Geprek,Makanan,L006,Bogor,Jawa Barat,2,25000,50000,Diskon Produk,DISKON10,0.1,5000,45000,COD,Selesai
TRX01551,2025-10-19,2025,10,October,Sunday,Database POS,Database,C006,Website,CU0003,Reguler,P005,Nasi Goreng Spesial,Makanan,L005,Tangerang,Banten,1,27000,27000,Tidak Ada,,0.0,0,27000,Kartu Debit,Selesai
TRX01552,2025-10-19,2025,10,October,Sunday,Excel Cabang,Excel,C004,GrabFood,CU0179,Reguler,P001,Kopi Susu Gula Aren,Minuman,L005,Tangerang,Banten,2,18000,36000,Tidak Ada,,0.0,0,36000,Kartu Debit,Selesai
TRX01553,2025-10-19,2025,10,October,Sunday,Excel Cabang,Excel,C005,Tokopedia,CU0116,Baru,P001,Kopi Susu Gula Aren,Minuman,L003,Jakarta Selatan,DKI Jakarta,2,18000,36000,Tidak Ada,,0.0,0,36000,Transfer Bank,Selesai
TRX01554,2025-10-20,2025,10,October,Monday,CSV Marketplace,CSV,C006,Website,CU0124,Reguler,P007,Brownies Cokelat,Snack,L001,Bekasi,Jawa Barat,4,30000,120000,Tidak Ada,,0.0,0,120000,QRIS,Selesai
TRX01555,2025-10-20,2025,10,October,Monday,Database POS,Database,C002,ShopeeFood,CU0088,Loyal,P012,Dimsum Ayam,Makanan,L006,Bogor,Jawa Barat,1,28000,28000,Tidak Ada,,0.0,0,28000,Kartu Debit,Selesai
TRX01556,2025-10-20,2025,10,October,Monday,Excel Cabang,Excel,C004,GrabFood,CU0155,Reguler,P004,Nasi Ayam Geprek,Makanan,L006,Bogor,Jawa Barat,1,25000,25000,Tidak Ada,,0.0,0,25000,COD,Selesai
TRX01557,2025-10-20,2025,10,October,Monday,Aplikasi Kasir Digital,POS,C001,POS Kasir,CU0140,Baru,P012,Dimsum Ayam,Makanan,L004,Depok,Jawa Barat,3,28000,84000,Tidak Ada,,0.0,0,84000,COD,Selesai
TRX01558,2025-10-21,2025,10,October,Tuesday,Excel Cabang,Excel,C004,GrabFood,CU0171,Reguler,P009,Keripik Singkong,Snack,L006,Bogor,Jawa Barat,1,16000,16000,Tidak Ada,,0.0,0,16000,COD,Selesai
TRX01559,2025-10-21,2025,10,October,Tuesday,Excel Cabang,Excel,C001,POS Kasir,CU0171,Baru,P004,Nasi Ayam Geprek,Makanan,L002,Jakarta Timur,DKI Jakarta,1,25000,25000,Tidak Ada,,0.0,0,25000,Kartu Debit,Selesai
TRX01560,2025-10-21,2025,10,October,Tuesday,CSV Marketplace,CSV,C001,POS Kasir,CU0011,Baru,P005,Nasi Goreng Spesial,Makanan,L004,Depok,Jawa Barat,2,27000,54000,Tidak Ada,,0.0,0,54000,Transfer Bank,Selesai
TRX01561,2025-10-21,2025,10,October,Tuesday,Excel Cabang,Excel,C004,GrabFood,CU0004,Baru,P012,Dimsum Ayam,Makanan,L006,Bogor,Jawa Barat,1,28000,28000,Tidak Ada,,0.0,0,28000,E-Wallet,Selesai
TRX01562,2025-10-21,2025,10,October,Tuesday,API Marketplace,API,C002,ShopeeFood,CU0055,Baru,P001,Kopi Susu Gula Aren,Minuman,L003,Jakarta Selatan,DKI Jakarta,4,18000,72000,Payday Sale,PAYDAY15,0.15,10800,61200,COD,Selesai
TRX01563,2025-10-22,2025,10,October,Wednesday,Aplikasi Kasir Digital,POS,C004,GrabFood,CU0019,Baru,P002,Es Kopi Latte,Minuman,L002,Jakarta Timur,DKI Jakarta,2,22000,44000,Tidak Ada,,0.0,0,44000,Transfer Bank,Selesai
TRX01564,2025-10-22,2025,10,October,Wednesday,Aplikasi Kasir Digital,POS,C004,GrabFood,CU0043,Baru,P003,Teh Lemon,Minuman,L001,Bekasi,Jawa Barat,5,15000,75000,Tidak Ada,,0.0,0,75000,COD,Selesai
TRX01565,2025-10-22,2025,10,October,Wednesday,Database POS,Database,C003,GoFood,CU0083,Loyal,P006,Mie Ayam Jamur,Makanan,L002,Jakarta Timur,DKI Jakarta,1,24000,24000,Tidak Ada,,0.0,0,24000,QRIS,Selesai
TRX01566,2025-10-23,2025,10,October,Thursday,CSV Marketplace,CSV,C005,Tokopedia,CU0158,Reseller,P007,Brownies Cokelat,Snack,L004,Depok,Jawa Barat,2,30000,60000,Tidak Ada,,0.0,0,60000,Kartu Debit,Selesai
TRX01567,2025-10-23,2025,10,October,Thursday,CSV Marketplace,CSV,C002,ShopeeFood,CU0020,Reguler,P011,Paket Kopi dan Snack,Paket,L006,Bogor,Jawa Barat,2,35000,70000,Tidak Ada,,0.0,0,70000,QRIS,Selesai
TRX01568,2025-10-23,2025,10,October,Thursday,CSV Marketplace,CSV,C006,Website,CU0072,Reguler,P009,Keripik Singkong,Snack,L001,Bekasi,Jawa Barat,3,16000,48000,Tidak Ada,,0.0,0,48000,COD,Selesai
TRX01569,2025-10-23,2025,10,October,Thursday,Aplikasi Kasir Digital,POS,C005,Tokopedia,CU0121,Reguler,P006,Mie Ayam Jamur,Makanan,L003,Jakarta Selatan,DKI Jakarta,1,24000,24000,Tidak Ada,,0.0,0,24000,COD,Selesai
TRX01570,2025-10-24,2025,10,October,Friday,Database POS,Database,C001,POS Kasir,CU0158,Reguler,P008,Roti Bakar Keju,Snack,L003,Jakarta Selatan,DKI Jakarta,5,20000,100000,Tidak Ada,,0.0,0,100000,E-Wallet,Selesai
TRX01571,2025-10-24,2025,10,October,Friday,Aplikasi Kasir Digital,POS,C005,Tokopedia,CU0083,Reseller,P005,Nasi Goreng Spesial,Makanan,L003,Jakarta Selatan,DKI Jakarta,1,27000,27000,Flash Sale,FLASH20,0.2,5400,21600,Kartu Debit,Selesai
TRX01572,2025-10-24,2025,10,October,Friday,Aplikasi Kasir Digital,POS,C003,GoFood,CU0154,Reguler,P005,Nasi Goreng Spesial,Makanan,L002,Jakarta Timur,DKI Jakarta,2,27000,54000,Tidak Ada,,0.0,0,54000,Transfer Bank,Selesai
TRX01573,2025-10-25,2025,10,October,Saturday,API Marketplace,API,C006,Website,CU0053,Loyal,P004,Nasi Ayam Geprek,Makanan,L006,Bogor,Jawa Barat,2,25000,50000,Voucher Ongkir,ONGKIR5,0.05,2500,47500,Kartu Debit,Selesai
TRX01574,2025-10-25,2025,10,October,Saturday,API Marketplace,API,C006,Website,CU0163,Loyal,P002,Es Kopi Latte,Minuman,L006,Bogor,Jawa Barat,2,22000,44000,Tidak Ada,,0.0,0,44000,Transfer Bank,Selesai
TRX01575,2025-10-25,2025,10,October,Saturday,Database POS,Database,C002,ShopeeFood,CU0146,Reguler,P008,Roti Bakar Keju,Snack,L003,Jakarta Selatan,DKI Jakarta,2,20000,40000,Diskon Produk,DISKON10,0.1,4000,36000,E-Wallet,Selesai
TRX01576,2025-10-25,2025,10,October,Saturday,Excel Cabang,Excel,C003,GoFood,CU0101,Baru,P010,Paket Hemat UMKM,Paket,L001,Bekasi,Jawa Barat,4,45000,180000,Flash Sale,FLASH20,0.2,36000,144000,Transfer Bank,Selesai
TRX01577,2025-10-25,2025,10,October,Saturday,Aplikasi Kasir Digital,POS,C004,GrabFood,CU0146,Reguler,P005,Nasi Goreng Spesial,Makanan,L004,Depok,Jawa Barat,2,27000,54000,Diskon Produk,DISKON10,0.1,5400,48600,E-Wallet,Selesai
TRX01578,2025-10-25,2025,10,October,Saturday,Aplikasi Kasir Digital,POS,C004,GrabFood,CU0081,Baru,P007,Brownies Cokelat,Snack,L006,Bogor,Jawa Barat,1,30000,30000,Diskon Produk,DISKON10,0.1,3000,27000,Transfer Bank,Selesai
TRX01579,2025-10-25,2025,10,October,Saturday,API Marketplace,API,C001,POS Kasir,CU0033,Loyal,P001,Kopi Susu Gula Aren,Minuman,L001,Bekasi,Jawa Barat,1,18000,18000,Voucher Ongkir,ONGKIR5,0.05,900,17100,COD,Selesai
TRX01580,2025-10-25,2025,10,October,Saturday,Excel Cabang,Excel,C001,POS Kasir,CU0071,Baru,P011,Paket Kopi dan Snack,Paket,L005,Tangerang,Banten,1,35000,35000,Bundling,BUNDLE12,0.12,4200,30800,Transfer Bank,Selesai
TRX01581,2025-10-25,2025,10,October,Saturday,API Marketplace,API,C005,Tokopedia,CU0061,Baru,P010,Paket Hemat UMKM,Paket,L005,Tangerang,Banten,4,45000,180000,Diskon Produk,DISKON10,0.1,18000,162000,Kartu Debit,Selesai
TRX01582,2025-10-25,2025,10,October,Saturday,CSV Marketplace,CSV,C004,GrabFood,CU0042,Baru,P004,Nasi Ayam Geprek,Makanan,L002,Jakarta Timur,DKI Jakarta,2,25000,50000,Tidak Ada,,0.0,0,0,Kartu Debit,Refund
TRX01583,2025-10-26,2025,10,October,Sunday,CSV Marketplace,CSV,C004,GrabFood,CU0045,Reseller,P002,Es Kopi Latte,Minuman,L002,Jakarta Timur,DKI Jakarta,1,22000,22000,Payday Sale,PAYDAY15,0.15,3300,18700,E-Wallet,Selesai
TRX01584,2025-10-26,2025,10,October,Sunday,Database POS,Database,C003,GoFood,CU0099,Reguler,P004,Nasi Ayam Geprek,Makanan,L006,Bogor,Jawa Barat,2,25000,50000,Voucher Ongkir,ONGKIR5,0.05,2500,47500,Transfer Bank,Selesai
TRX01585,2025-10-26,2025,10,October,Sunday,Database POS,Database,C006,Website,CU0099,Loyal,P002,Es Kopi Latte,Minuman,L004,Depok,Jawa Barat,1,22000,22000,Payday Sale,PAYDAY15,0.15,3300,18700,COD,Selesai
TRX01586,2025-10-26,2025,10,October,Sunday,Database POS,Database,C006,Website,CU0088,Reguler,P005,Nasi Goreng Spesial,Makanan,L002,Jakarta Timur,DKI Jakarta,1,27000,27000,Flash Sale,FLASH20,0.2,5400,21600,COD,Selesai
TRX01587,2025-10-26,2025,10,October,Sunday,CSV Marketplace,CSV,C005,Tokopedia,CU0154,Loyal,P007,Brownies Cokelat,Snack,L004,Depok,Jawa Barat,1,30000,30000,Payday Sale,PAYDAY15,0.15,4500,25500,COD,Selesai
TRX01588,2025-10-26,2025,10,October,Sunday,API Marketplace,API,C002,ShopeeFood,CU0075,Loyal,P007,Brownies Cokelat,Snack,L002,Jakarta Timur,DKI Jakarta,1,30000,30000,Diskon Produk,DISKON10,0.1,3000,27000,COD,Selesai
TRX01589,2025-10-26,2025,10,October,Sunday,Aplikasi Kasir Digital,POS,C006,Website,CU0116,Loyal,P008,Roti Bakar Keju,Snack,L001,Bekasi,Jawa Barat,1,20000,20000,Payday Sale,PAYDAY15,0.15,3000,17000,QRIS,Selesai
TRX01590,2025-10-26,2025,10,October,Sunday,Excel Cabang,Excel,C004,GrabFood,CU0109,Baru,P006,Mie Ayam Jamur,Makanan,L003,Jakarta Selatan,DKI Jakarta,2,24000,48000,Payday Sale,PAYDAY15,0.15,7200,40800,E-Wallet,Selesai
TRX01591,2025-10-26,2025,10,October,Sunday,Database POS,Database,C003,GoFood,CU0150,Reguler,P005,Nasi Goreng Spesial,Makanan,L003,Jakarta Selatan,DKI Jakarta,1,27000,27000,Tidak Ada,,0.0,0,27000,Kartu Debit,Selesai
TRX01592,2025-10-27,2025,10,October,Monday,CSV Marketplace,CSV,C001,POS Kasir,CU0024,Reguler,P007,Brownies Cokelat,Snack,L003,Jakarta Selatan,DKI Jakarta,1,30000,30000,Flash Sale,FLASH20,0.2,6000,24000,Kartu Debit,Selesai
TRX01593,2025-10-27,2025,10,October,Monday,Database POS,Database,C003,GoFood,CU0112,Baru,P002,Es Kopi Latte,Minuman,L005,Tangerang,Banten,1,22000,22000,Tidak Ada,,0.0,0,22000,Transfer Bank,Selesai
TRX01594,2025-10-27,2025,10,October,Monday,Excel Cabang,Excel,C005,Tokopedia,CU0014,Reguler,P005,Nasi Goreng Spesial,Makanan,L002,Jakarta Timur,DKI Jakarta,1,27000,27000,Tidak Ada,,0.0,0,27000,Transfer Bank,Selesai
TRX01595,2025-10-27,2025,10,October,Monday,CSV Marketplace,CSV,C002,ShopeeFood,CU0155,Loyal,P008,Roti Bakar Keju,Snack,L004,Depok,Jawa Barat,1,20000,20000,Bundling,BUNDLE12,0.12,2400,17600,QRIS,Selesai
TRX01596,2025-10-27,2025,10,October,Monday,Excel Cabang,Excel,C005,Tokopedia,CU0095,Loyal,P005,Nasi Goreng Spesial,Makanan,L002,Jakarta Timur,DKI Jakarta,3,27000,81000,Voucher Ongkir,ONGKIR5,0.05,4050,76950,Transfer Bank,Selesai
TRX01597,2025-10-28,2025,10,October,Tuesday,API Marketplace,API,C002,ShopeeFood,CU0130,Loyal,P001,Kopi Susu Gula Aren,Minuman,L003,Jakarta Selatan,DKI Jakarta,2,18000,36000,Tidak Ada,,0.0,0,36000,COD,Selesai
TRX01598,2025-10-28,2025,10,October,Tuesday,CSV Marketplace,CSV,C002,ShopeeFood,CU0095,Reguler,P001,Kopi Susu Gula Aren,Minuman,L004,Depok,Jawa Barat,1,18000,18000,Payday Sale,PAYDAY15,0.15,2700,15300,E-Wallet,Selesai
TRX01599,2025-10-28,2025,10,October,Tuesday,Excel Cabang,Excel,C006,Website,CU0156,Loyal,P008,Roti Bakar Keju,Snack,L002,Jakarta Timur,DKI Jakarta,2,20000,40000,Tidak Ada,,0.0,0,0,QRIS,Refund
TRX01600,2025-10-28,2025,10,October,Tuesday,Database POS,Database,C003,GoFood,CU0102,Reguler,P003,Teh Lemon,Minuman,L001,Bekasi,Jawa Barat,2,15000,30000,Voucher Ongkir,ONGKIR5,0.05,1500,28500,COD,Selesai
TRX01601,2025-10-28,2025,10,October,Tuesday,API Marketplace,API,C005,Tokopedia,CU0104,Loyal,P008,Roti Bakar Keju,Snack,L006,Bogor,Jawa Barat,3,20000,60000,Voucher Ongkir,ONGKIR5,0.05,3000,0,Kartu Debit,Dibatalkan
TRX01602,2025-10-29,2025,10,October,Wednesday,Excel Cabang,Excel,C002,ShopeeFood,CU0095,Loyal,P009,Keripik Singkong,Snack,L004,Depok,Jawa Barat,1,16000,16000,Tidak Ada,,0.0,0,16000,QRIS,Selesai
TRX01603,2025-10-29,2025,10,October,Wednesday,API Marketplace,API,C004,GrabFood,CU0051,Loyal,P007,Brownies Cokelat,Snack,L004,Depok,Jawa Barat,1,30000,30000,Tidak Ada,,0.0,0,30000,Transfer Bank,Selesai
TRX01604,2025-10-29,2025,10,October,Wednesday,Aplikasi Kasir Digital,POS,C004,GrabFood,CU0167,Loyal,P011,Paket Kopi dan Snack,Paket,L002,Jakarta Timur,DKI Jakarta,3,35000,105000,Diskon Produk,DISKON10,0.1,10500,94500,COD,Selesai
TRX01605,2025-10-30,2025,10,October,Thursday,Database POS,Database,C003,GoFood,CU0096,Loyal,P004,Nasi Ayam Geprek,Makanan,L004,Depok,Jawa Barat,1,25000,25000,Diskon Produk,DISKON10,0.1,2500,22500,COD,Selesai
TRX01606,2025-10-30,2025,10,October,Thursday,Excel Cabang,Excel,C002,ShopeeFood,CU0120,Reseller,P001,Kopi Susu Gula Aren,Minuman,L002,Jakarta Timur,DKI Jakarta,1,18000,18000,Tidak Ada,,0.0,0,18000,COD,Selesai
TRX01607,2025-10-31,2025,10,October,Friday,Database POS,Database,C005,Tokopedia,CU0123,Baru,P006,Mie Ayam Jamur,Makanan,L005,Tangerang,Banten,1,24000,24000,Bundling,BUNDLE12,0.12,2880,21120,E-Wallet,Selesai
TRX01608,2025-10-31,2025,10,October,Friday,Excel Cabang,Excel,C001,POS Kasir,CU0070,Baru,P009,Keripik Singkong,Snack,L002,Jakarta Timur,DKI Jakarta,1,16000,16000,Diskon Produk,DISKON10,0.1,1600,14400,Kartu Debit,Selesai
TRX01609,2025-10-31,2025,10,October,Friday,Database POS,Database,C001,POS Kasir,CU0118,Reguler,P009,Keripik Singkong,Snack,L003,Jakarta Selatan,DKI Jakarta,1,16000,16000,Voucher Ongkir,ONGKIR5,0.05,800,15200,E-Wallet,Selesai
TRX01610,2025-10-31,2025,10,October,Friday,Excel Cabang,Excel,C005,Tokopedia,CU0111,Loyal,P001,Kopi Susu Gula Aren,Minuman,L005,Tangerang,Banten,3,18000,54000,Voucher Ongkir,ONGKIR5,0.05,2700,51300,QRIS,Selesai
TRX01611,2025-11-01,2025,11,November,Saturday,Database POS,Database,C006,Website,CU0037,Baru,P006,Mie Ayam Jamur,Makanan,L006,Bogor,Jawa Barat,2,24000,48000,Payday Sale,PAYDAY15,0.15,7200,40800,Transfer Bank,Selesai
TRX01612,2025-11-01,2025,11,November,Saturday,CSV Marketplace,CSV,C004,GrabFood,CU0035,Baru,P007,Brownies Cokelat,Snack,L003,Jakarta Selatan,DKI Jakarta,1,30000,30000,Diskon Produk,DISKON10,0.1,3000,27000,Kartu Debit,Selesai
TRX01613,2025-11-01,2025,11,November,Saturday,Aplikasi Kasir Digital,POS,C005,Tokopedia,CU0001,Reseller,P003,Teh Lemon,Minuman,L004,Depok,Jawa Barat,1,15000,15000,Flash Sale,FLASH20,0.2,3000,12000,Transfer Bank,Selesai
TRX01614,2025-11-01,2025,11,November,Saturday,Excel Cabang,Excel,C004,GrabFood,CU0043,Reseller,P005,Nasi Goreng Spesial,Makanan,L006,Bogor,Jawa Barat,1,27000,27000,Flash Sale,FLASH20,0.2,5400,21600,COD,Selesai
TRX01615,2025-11-01,2025,11,November,Saturday,Aplikasi Kasir Digital,POS,C003,GoFood,CU0121,Reseller,P011,Paket Kopi dan Snack,Paket,L004,Depok,Jawa Barat,2,35000,70000,Diskon Produk,DISKON10,0.1,7000,63000,E-Wallet,Selesai
TRX01616,2025-11-01,2025,11,November,Saturday,API Marketplace,API,C003,GoFood,CU0151,Reguler,P009,Keripik Singkong,Snack,L006,Bogor,Jawa Barat,2,16000,32000,Payday Sale,PAYDAY15,0.15,4800,27200,E-Wallet,Selesai
TRX01617,2025-11-02,2025,11,November,Sunday,API Marketplace,API,C003,GoFood,CU0104,Baru,P007,Brownies Cokelat,Snack,L004,Depok,Jawa Barat,4,30000,120000,Diskon Produk,DISKON10,0.1,12000,108000,Kartu Debit,Selesai
TRX01618,2025-11-02,2025,11,November,Sunday,Aplikasi Kasir Digital,POS,C002,ShopeeFood,CU0064,Reguler,P005,Nasi Goreng Spesial,Makanan,L001,Bekasi,Jawa Barat,1,27000,27000,Payday Sale,PAYDAY15,0.15,4050,0,Transfer Bank,Dibatalkan
TRX01619,2025-11-02,2025,11,November,Sunday,API Marketplace,API,C005,Tokopedia,CU0146,Reguler,P012,Dimsum Ayam,Makanan,L005,Tangerang,Banten,1,28000,28000,Diskon Produk,DISKON10,0.1,2800,25200,QRIS,Selesai
TRX01620,2025-11-02,2025,11,November,Sunday,Excel Cabang,Excel,C006,Website,CU0015,Reguler,P010,Paket Hemat UMKM,Paket,L004,Depok,Jawa Barat,3,45000,135000,Flash Sale,FLASH20,0.2,27000,108000,COD,Selesai
TRX01621,2025-11-02,2025,11,November,Sunday,API Marketplace,API,C003,GoFood,CU0126,Reseller,P008,Roti Bakar Keju,Snack,L001,Bekasi,Jawa Barat,1,20000,20000,Tidak Ada,,0.0,0,20000,COD,Selesai
TRX01622,2025-11-02,2025,11,November,Sunday,API Marketplace,API,C002,ShopeeFood,CU0087,Baru,P007,Brownies Cokelat,Snack,L004,Depok,Jawa Barat,1,30000,30000,Flash Sale,FLASH20,0.2,6000,24000,E-Wallet,Selesai
TRX01623,2025-11-03,2025,11,November,Monday,Excel Cabang,Excel,C006,Website,CU0024,Reseller,P002,Es Kopi Latte,Minuman,L001,Bekasi,Jawa Barat,1,22000,22000,Diskon Produk,DISKON10,0.1,2200,0,Transfer Bank,Refund
TRX01624,2025-11-03,2025,11,November,Monday,Excel Cabang,Excel,C002,ShopeeFood,CU0094,Reguler,P001,Kopi Susu Gula Aren,Minuman,L004,Depok,Jawa Barat,1,18000,18000,Bundling,BUNDLE12,0.12,2160,15840,E-Wallet,Selesai
TRX01625,2025-11-03,2025,11,November,Monday,API Marketplace,API,C002,ShopeeFood,CU0150,Baru,P002,Es Kopi Latte,Minuman,L001,Bekasi,Jawa Barat,1,22000,22000,Tidak Ada,,0.0,0,22000,QRIS,Selesai
TRX01626,2025-11-04,2025,11,November,Tuesday,API Marketplace,API,C001,POS Kasir,CU0135,Baru,P007,Brownies Cokelat,Snack,L004,Depok,Jawa Barat,2,30000,60000,Payday Sale,PAYDAY15,0.15,9000,51000,Kartu Debit,Selesai
TRX01627,2025-11-04,2025,11,November,Tuesday,API Marketplace,API,C005,Tokopedia,CU0132,Baru,P002,Es Kopi Latte,Minuman,L004,Depok,Jawa Barat,1,22000,22000,Payday Sale,PAYDAY15,0.15,3300,18700,Kartu Debit,Selesai
TRX01628,2025-11-04,2025,11,November,Tuesday,API Marketplace,API,C004,GrabFood,CU0116,Reguler,P005,Nasi Goreng Spesial,Makanan,L001,Bekasi,Jawa Barat,2,27000,54000,Payday Sale,PAYDAY15,0.15,8100,45900,Kartu Debit,Selesai
TRX01629,2025-11-04,2025,11,November,Tuesday,Database POS,Database,C004,GrabFood,CU0080,Reguler,P011,Paket Kopi dan Snack,Paket,L006,Bogor,Jawa Barat,3,35000,105000,Tidak Ada,,0.0,0,105000,Transfer Bank,Selesai
TRX01630,2025-11-05,2025,11,November,Wednesday,Excel Cabang,Excel,C001,POS Kasir,CU0028,Reseller,P003,Teh Lemon,Minuman,L001,Bekasi,Jawa Barat,2,15000,30000,Tidak Ada,,0.0,0,30000,Transfer Bank,Selesai
TRX01631,2025-11-05,2025,11,November,Wednesday,API Marketplace,API,C003,GoFood,CU0112,Reguler,P002,Es Kopi Latte,Minuman,L003,Jakarta Selatan,DKI Jakarta,2,22000,44000,Payday Sale,PAYDAY15,0.15,6600,37400,Kartu Debit,Selesai
TRX01632,2025-11-05,2025,11,November,Wednesday,Database POS,Database,C002,ShopeeFood,CU0101,Baru,P005,Nasi Goreng Spesial,Makanan,L006,Bogor,Jawa Barat,2,27000,54000,Diskon Produk,DISKON10,0.1,5400,48600,QRIS,Selesai
TRX01633,2025-11-05,2025,11,November,Wednesday,Database POS,Database,C002,ShopeeFood,CU0083,Reguler,P005,Nasi Goreng Spesial,Makanan,L004,Depok,Jawa Barat,2,27000,54000,Bundling,BUNDLE12,0.12,6480,47520,E-Wallet,Selesai
TRX01634,2025-11-05,2025,11,November,Wednesday,API Marketplace,API,C006,Website,CU0180,Baru,P012,Dimsum Ayam,Makanan,L004,Depok,Jawa Barat,4,28000,112000,Payday Sale,PAYDAY15,0.15,16800,0,Transfer Bank,Dibatalkan
TRX01635,2025-11-05,2025,11,November,Wednesday,API Marketplace,API,C004,GrabFood,CU0062,Reguler,P007,Brownies Cokelat,Snack,L001,Bekasi,Jawa Barat,1,30000,30000,Flash Sale,FLASH20,0.2,6000,0,COD,Dibatalkan
TRX01636,2025-11-06,2025,11,November,Thursday,Excel Cabang,Excel,C001,POS Kasir,CU0158,Reguler,P003,Teh Lemon,Minuman,L004,Depok,Jawa Barat,2,15000,30000,Payday Sale,PAYDAY15,0.15,4500,25500,QRIS,Selesai
TRX01637,2025-11-06,2025,11,November,Thursday,CSV Marketplace,CSV,C002,ShopeeFood,CU0130,Baru,P009,Keripik Singkong,Snack,L002,Jakarta Timur,DKI Jakarta,1,16000,16000,Payday Sale,PAYDAY15,0.15,2400,13600,COD,Selesai
TRX01638,2025-11-06,2025,11,November,Thursday,CSV Marketplace,CSV,C005,Tokopedia,CU0011,Reguler,P010,Paket Hemat UMKM,Paket,L005,Tangerang,Banten,1,45000,45000,Flash Sale,FLASH20,0.2,9000,36000,Kartu Debit,Selesai
TRX01639,2025-11-06,2025,11,November,Thursday,API Marketplace,API,C001,POS Kasir,CU0161,Reseller,P009,Keripik Singkong,Snack,L004,Depok,Jawa Barat,1,16000,16000,Diskon Produk,DISKON10,0.1,1600,14400,QRIS,Selesai
TRX01640,2025-11-06,2025,11,November,Thursday,Aplikasi Kasir Digital,POS,C005,Tokopedia,CU0152,Baru,P007,Brownies Cokelat,Snack,L004,Depok,Jawa Barat,1,30000,30000,Diskon Produk,DISKON10,0.1,3000,27000,E-Wallet,Selesai
TRX01641,2025-11-06,2025,11,November,Thursday,Aplikasi Kasir Digital,POS,C002,ShopeeFood,CU0136,Baru,P011,Paket Kopi dan Snack,Paket,L001,Bekasi,Jawa Barat,1,35000,35000,Diskon Produk,DISKON10,0.1,3500,0,Transfer Bank,Dibatalkan
TRX01642,2025-11-07,2025,11,November,Friday,Excel Cabang,Excel,C004,GrabFood,CU0071,Reguler,P007,Brownies Cokelat,Snack,L001,Bekasi,Jawa Barat,4,30000,120000,Flash Sale,FLASH20,0.2,24000,0,Kartu Debit,Dibatalkan
TRX01643,2025-11-07,2025,11,November,Friday,API Marketplace,API,C006,Website,CU0128,Reseller,P001,Kopi Susu Gula Aren,Minuman,L005,Tangerang,Banten,3,18000,54000,Payday Sale,PAYDAY15,0.15,8100,45900,Transfer Bank,Selesai
TRX01644,2025-11-07,2025,11,November,Friday,CSV Marketplace,CSV,C001,POS Kasir,CU0085,Baru,P009,Keripik Singkong,Snack,L003,Jakarta Selatan,DKI Jakarta,4,16000,64000,Diskon Produk,DISKON10,0.1,6400,57600,Transfer Bank,Selesai
TRX01645,2025-11-07,2025,11,November,Friday,CSV Marketplace,CSV,C003,GoFood,CU0034,Reseller,P007,Brownies Cokelat,Snack,L001,Bekasi,Jawa Barat,4,30000,120000,Tidak Ada,,0.0,0,120000,E-Wallet,Selesai
TRX01646,2025-11-07,2025,11,November,Friday,Database POS,Database,C003,GoFood,CU0042,Reguler,P005,Nasi Goreng Spesial,Makanan,L006,Bogor,Jawa Barat,1,27000,27000,Diskon Produk,DISKON10,0.1,2700,24300,E-Wallet,Selesai
TRX01647,2025-11-07,2025,11,November,Friday,Excel Cabang,Excel,C005,Tokopedia,CU0032,Loyal,P009,Keripik Singkong,Snack,L006,Bogor,Jawa Barat,1,16000,16000,Tidak Ada,,0.0,0,0,QRIS,Dibatalkan
TRX01648,2025-11-08,2025,11,November,Saturday,Excel Cabang,Excel,C003,GoFood,CU0137,Reguler,P002,Es Kopi Latte,Minuman,L004,Depok,Jawa Barat,2,22000,44000,Flash Sale,FLASH20,0.2,8800,35200,QRIS,Selesai
TRX01649,2025-11-08,2025,11,November,Saturday,API Marketplace,API,C001,POS Kasir,CU0100,Loyal,P010,Paket Hemat UMKM,Paket,L003,Jakarta Selatan,DKI Jakarta,3,45000,135000,Diskon Produk,DISKON10,0.1,13500,0,Kartu Debit,Dibatalkan
TRX01650,2025-11-08,2025,11,November,Saturday,Excel Cabang,Excel,C005,Tokopedia,CU0088,Baru,P012,Dimsum Ayam,Makanan,L001,Bekasi,Jawa Barat,5,28000,140000,Tidak Ada,,0.0,0,140000,Kartu Debit,Selesai
TRX01651,2025-11-08,2025,11,November,Saturday,API Marketplace,API,C001,POS Kasir,CU0111,Baru,P011,Paket Kopi dan Snack,Paket,L003,Jakarta Selatan,DKI Jakarta,3,35000,105000,Payday Sale,PAYDAY15,0.15,15750,89250,Kartu Debit,Selesai
TRX01652,2025-11-08,2025,11,November,Saturday,CSV Marketplace,CSV,C002,ShopeeFood,CU0151,Loyal,P007,Brownies Cokelat,Snack,L002,Jakarta Timur,DKI Jakarta,2,30000,60000,Voucher Ongkir,ONGKIR5,0.05,3000,0,QRIS,Refund
TRX01653,2025-11-08,2025,11,November,Saturday,Database POS,Database,C006,Website,CU0083,Reguler,P012,Dimsum Ayam,Makanan,L002,Jakarta Timur,DKI Jakarta,2,28000,56000,Voucher Ongkir,ONGKIR5,0.05,2800,53200,Transfer Bank,Selesai
TRX01654,2025-11-09,2025,11,November,Sunday,Excel Cabang,Excel,C003,GoFood,CU0167,Reguler,P001,Kopi Susu Gula Aren,Minuman,L005,Tangerang,Banten,5,18000,90000,Flash Sale,FLASH20,0.2,18000,0,QRIS,Refund
TRX01655,2025-11-09,2025,11,November,Sunday,Excel Cabang,Excel,C002,ShopeeFood,CU0030,Reguler,P008,Roti Bakar Keju,Snack,L001,Bekasi,Jawa Barat,2,20000,40000,Voucher Ongkir,ONGKIR5,0.05,2000,38000,COD,Selesai
TRX01656,2025-11-09,2025,11,November,Sunday,Excel Cabang,Excel,C003,GoFood,CU0164,Reguler,P009,Keripik Singkong,Snack,L006,Bogor,Jawa Barat,2,16000,32000,Tidak Ada,,0.0,0,32000,E-Wallet,Selesai
TRX01657,2025-11-09,2025,11,November,Sunday,Excel Cabang,Excel,C001,POS Kasir,CU0036,Reguler,P007,Brownies Cokelat,Snack,L003,Jakarta Selatan,DKI Jakarta,1,30000,30000,Diskon Produk,DISKON10,0.1,3000,0,COD,Refund
TRX01658,2025-11-09,2025,11,November,Sunday,Excel Cabang,Excel,C004,GrabFood,CU0128,Reguler,P005,Nasi Goreng Spesial,Makanan,L003,Jakarta Selatan,DKI Jakarta,5,27000,135000,Diskon Produk,DISKON10,0.1,13500,121500,E-Wallet,Selesai
TRX01659,2025-11-09,2025,11,November,Sunday,CSV Marketplace,CSV,C003,GoFood,CU0135,Reguler,P001,Kopi Susu Gula Aren,Minuman,L003,Jakarta Selatan,DKI Jakarta,2,18000,36000,Flash Sale,FLASH20,0.2,7200,28800,QRIS,Selesai
TRX01660,2025-11-10,2025,11,November,Monday,CSV Marketplace,CSV,C001,POS Kasir,CU0021,Baru,P006,Mie Ayam Jamur,Makanan,L003,Jakarta Selatan,DKI Jakarta,2,24000,48000,Voucher Ongkir,ONGKIR5,0.05,2400,45600,E-Wallet,Selesai
TRX01661,2025-11-10,2025,11,November,Monday,Aplikasi Kasir Digital,POS,C001,POS Kasir,CU0140,Baru,P009,Keripik Singkong,Snack,L005,Tangerang,Banten,4,16000,64000,Flash Sale,FLASH20,0.2,12800,51200,Kartu Debit,Selesai
TRX01662,2025-11-10,2025,11,November,Monday,API Marketplace,API,C001,POS Kasir,CU0169,Reguler,P002,Es Kopi Latte,Minuman,L004,Depok,Jawa Barat,4,22000,88000,Diskon Produk,DISKON10,0.1,8800,79200,QRIS,Selesai
TRX01663,2025-11-10,2025,11,November,Monday,Excel Cabang,Excel,C001,POS Kasir,CU0093,Reguler,P002,Es Kopi Latte,Minuman,L005,Tangerang,Banten,3,22000,66000,Tidak Ada,,0.0,0,66000,QRIS,Selesai
TRX01664,2025-11-11,2025,11,November,Tuesday,Aplikasi Kasir Digital,POS,C002,ShopeeFood,CU0005,Reguler,P006,Mie Ayam Jamur,Makanan,L002,Jakarta Timur,DKI Jakarta,2,24000,48000,Tidak Ada,,0.0,0,48000,Transfer Bank,Selesai
TRX01665,2025-11-11,2025,11,November,Tuesday,Database POS,Database,C002,ShopeeFood,CU0070,Reguler,P011,Paket Kopi dan Snack,Paket,L005,Tangerang,Banten,1,35000,35000,Voucher Ongkir,ONGKIR5,0.05,1750,33250,Transfer Bank,Selesai
TRX01666,2025-11-11,2025,11,November,Tuesday,CSV Marketplace,CSV,C004,GrabFood,CU0136,Baru,P004,Nasi Ayam Geprek,Makanan,L001,Bekasi,Jawa Barat,2,25000,50000,Diskon Produk,DISKON10,0.1,5000,45000,Transfer Bank,Selesai
TRX01667,2025-11-11,2025,11,November,Tuesday,API Marketplace,API,C005,Tokopedia,CU0032,Loyal,P010,Paket Hemat UMKM,Paket,L004,Depok,Jawa Barat,1,45000,45000,Payday Sale,PAYDAY15,0.15,6750,38250,E-Wallet,Selesai
TRX01668,2025-11-12,2025,11,November,Wednesday,CSV Marketplace,CSV,C005,Tokopedia,CU0148,Baru,P002,Es Kopi Latte,Minuman,L004,Depok,Jawa Barat,2,22000,44000,Payday Sale,PAYDAY15,0.15,6600,37400,Kartu Debit,Selesai
TRX01669,2025-11-12,2025,11,November,Wednesday,Excel Cabang,Excel,C002,ShopeeFood,CU0012,Loyal,P011,Paket Kopi dan Snack,Paket,L002,Jakarta Timur,DKI Jakarta,1,35000,35000,Tidak Ada,,0.0,0,35000,COD,Selesai
TRX01670,2025-11-12,2025,11,November,Wednesday,Aplikasi Kasir Digital,POS,C001,POS Kasir,CU0029,Loyal,P004,Nasi Ayam Geprek,Makanan,L003,Jakarta Selatan,DKI Jakarta,1,25000,25000,Tidak Ada,,0.0,0,25000,QRIS,Selesai
TRX01671,2025-11-12,2025,11,November,Wednesday,CSV Marketplace,CSV,C004,GrabFood,CU0032,Loyal,P006,Mie Ayam Jamur,Makanan,L002,Jakarta Timur,DKI Jakarta,1,24000,24000,Payday Sale,PAYDAY15,0.15,3600,0,E-Wallet,Refund
TRX01672,2025-11-12,2025,11,November,Wednesday,API Marketplace,API,C005,Tokopedia,CU0163,Baru,P007,Brownies Cokelat,Snack,L006,Bogor,Jawa Barat,1,30000,30000,Tidak Ada,,0.0,0,30000,COD,Selesai
TRX01673,2025-11-12,2025,11,November,Wednesday,Database POS,Database,C002,ShopeeFood,CU0013,Baru,P011,Paket Kopi dan Snack,Paket,L006,Bogor,Jawa Barat,2,35000,70000,Diskon Produk,DISKON10,0.1,7000,63000,COD,Selesai
TRX01674,2025-11-13,2025,11,November,Thursday,API Marketplace,API,C005,Tokopedia,CU0074,Baru,P012,Dimsum Ayam,Makanan,L004,Depok,Jawa Barat,1,28000,28000,Tidak Ada,,0.0,0,28000,E-Wallet,Selesai
TRX01675,2025-11-13,2025,11,November,Thursday,Excel Cabang,Excel,C005,Tokopedia,CU0165,Baru,P001,Kopi Susu Gula Aren,Minuman,L004,Depok,Jawa Barat,2,18000,36000,Diskon Produk,DISKON10,0.1,3600,32400,Transfer Bank,Selesai
TRX01676,2025-11-13,2025,11,November,Thursday,API Marketplace,API,C004,GrabFood,CU0035,Baru,P005,Nasi Goreng Spesial,Makanan,L004,Depok,Jawa Barat,1,27000,27000,Tidak Ada,,0.0,0,27000,Transfer Bank,Selesai
TRX01677,2025-11-14,2025,11,November,Friday,CSV Marketplace,CSV,C006,Website,CU0134,Baru,P009,Keripik Singkong,Snack,L005,Tangerang,Banten,1,16000,16000,Payday Sale,PAYDAY15,0.15,2400,13600,QRIS,Selesai
TRX01678,2025-11-14,2025,11,November,Friday,Database POS,Database,C003,GoFood,CU0028,Baru,P011,Paket Kopi dan Snack,Paket,L005,Tangerang,Banten,1,35000,35000,Voucher Ongkir,ONGKIR5,0.05,1750,33250,E-Wallet,Selesai
TRX01679,2025-11-14,2025,11,November,Friday,Aplikasi Kasir Digital,POS,C005,Tokopedia,CU0047,Reguler,P004,Nasi Ayam Geprek,Makanan,L006,Bogor,Jawa Barat,2,25000,50000,Flash Sale,FLASH20,0.2,10000,40000,Kartu Debit,Selesai
TRX01680,2025-11-14,2025,11,November,Friday,Aplikasi Kasir Digital,POS,C006,Website,CU0124,Baru,P001,Kopi Susu Gula Aren,Minuman,L003,Jakarta Selatan,DKI Jakarta,1,18000,18000,Diskon Produk,DISKON10,0.1,1800,16200,QRIS,Selesai
TRX01681,2025-11-14,2025,11,November,Friday,API Marketplace,API,C003,GoFood,CU0172,Loyal,P012,Dimsum Ayam,Makanan,L004,Depok,Jawa Barat,2,28000,56000,Payday Sale,PAYDAY15,0.15,8400,47600,Kartu Debit,Selesai
TRX01682,2025-11-14,2025,11,November,Friday,Database POS,Database,C004,GrabFood,CU0084,Baru,P006,Mie Ayam Jamur,Makanan,L001,Bekasi,Jawa Barat,2,24000,48000,Flash Sale,FLASH20,0.2,9600,38400,E-Wallet,Selesai
TRX01683,2025-11-15,2025,11,November,Saturday,Aplikasi Kasir Digital,POS,C004,GrabFood,CU0145,Loyal,P008,Roti Bakar Keju,Snack,L002,Jakarta Timur,DKI Jakarta,1,20000,20000,Tidak Ada,,0.0,0,20000,Transfer Bank,Selesai
TRX01684,2025-11-15,2025,11,November,Saturday,Database POS,Database,C004,GrabFood,CU0027,Reguler,P001,Kopi Susu Gula Aren,Minuman,L002,Jakarta Timur,DKI Jakarta,2,18000,36000,Payday Sale,PAYDAY15,0.15,5400,30600,Kartu Debit,Selesai
TRX01685,2025-11-15,2025,11,November,Saturday,CSV Marketplace,CSV,C006,Website,CU0066,Baru,P003,Teh Lemon,Minuman,L002,Jakarta Timur,DKI Jakarta,1,15000,15000,Tidak Ada,,0.0,0,15000,Kartu Debit,Selesai
TRX01686,2025-11-15,2025,11,November,Saturday,Database POS,Database,C005,Tokopedia,CU0061,Reguler,P005,Nasi Goreng Spesial,Makanan,L006,Bogor,Jawa Barat,3,27000,81000,Tidak Ada,,0.0,0,81000,QRIS,Selesai
TRX01687,2025-11-15,2025,11,November,Saturday,CSV Marketplace,CSV,C006,Website,CU0139,Baru,P010,Paket Hemat UMKM,Paket,L005,Tangerang,Banten,1,45000,45000,Payday Sale,PAYDAY15,0.15,6750,0,QRIS,Dibatalkan
TRX01688,2025-11-15,2025,11,November,Saturday,API Marketplace,API,C004,GrabFood,CU0059,Reseller,P008,Roti Bakar Keju,Snack,L002,Jakarta Timur,DKI Jakarta,1,20000,20000,Voucher Ongkir,ONGKIR5,0.05,1000,19000,E-Wallet,Selesai
TRX01689,2025-11-15,2025,11,November,Saturday,Database POS,Database,C003,GoFood,CU0025,Reseller,P012,Dimsum Ayam,Makanan,L003,Jakarta Selatan,DKI Jakarta,2,28000,56000,Tidak Ada,,0.0,0,56000,Kartu Debit,Selesai
TRX01690,2025-11-15,2025,11,November,Saturday,CSV Marketplace,CSV,C002,ShopeeFood,CU0046,Baru,P005,Nasi Goreng Spesial,Makanan,L002,Jakarta Timur,DKI Jakarta,1,27000,27000,Tidak Ada,,0.0,0,27000,Transfer Bank,Selesai
TRX01691,2025-11-15,2025,11,November,Saturday,Database POS,Database,C001,POS Kasir,CU0031,Loyal,P005,Nasi Goreng Spesial,Makanan,L004,Depok,Jawa Barat,1,27000,27000,Tidak Ada,,0.0,0,27000,Transfer Bank,Selesai
TRX01692,2025-11-16,2025,11,November,Sunday,CSV Marketplace,CSV,C001,POS Kasir,CU0096,Baru,P003,Teh Lemon,Minuman,L006,Bogor,Jawa Barat,2,15000,30000,Tidak Ada,,0.0,0,30000,Transfer Bank,Selesai
TRX01693,2025-11-16,2025,11,November,Sunday,CSV Marketplace,CSV,C001,POS Kasir,CU0028,Reguler,P007,Brownies Cokelat,Snack,L001,Bekasi,Jawa Barat,1,30000,30000,Tidak Ada,,0.0,0,30000,Transfer Bank,Selesai
TRX01694,2025-11-16,2025,11,November,Sunday,Aplikasi Kasir Digital,POS,C005,Tokopedia,CU0150,Reseller,P009,Keripik Singkong,Snack,L006,Bogor,Jawa Barat,4,16000,64000,Flash Sale,FLASH20,0.2,12800,51200,COD,Selesai
TRX01695,2025-11-16,2025,11,November,Sunday,Aplikasi Kasir Digital,POS,C006,Website,CU0045,Reguler,P010,Paket Hemat UMKM,Paket,L005,Tangerang,Banten,1,45000,45000,Diskon Produk,DISKON10,0.1,4500,40500,COD,Selesai
TRX01696,2025-11-16,2025,11,November,Sunday,Excel Cabang,Excel,C002,ShopeeFood,CU0138,Reguler,P005,Nasi Goreng Spesial,Makanan,L005,Tangerang,Banten,1,27000,27000,Diskon Produk,DISKON10,0.1,2700,24300,QRIS,Selesai
TRX01697,2025-11-16,2025,11,November,Sunday,Excel Cabang,Excel,C002,ShopeeFood,CU0029,Reguler,P002,Es Kopi Latte,Minuman,L006,Bogor,Jawa Barat,1,22000,22000,Payday Sale,PAYDAY15,0.15,3300,0,COD,Dibatalkan
TRX01698,2025-11-16,2025,11,November,Sunday,CSV Marketplace,CSV,C006,Website,CU0060,Loyal,P010,Paket Hemat UMKM,Paket,L006,Bogor,Jawa Barat,1,45000,45000,Tidak Ada,,0.0,0,0,Transfer Bank,Dibatalkan
TRX01699,2025-11-16,2025,11,November,Sunday,Excel Cabang,Excel,C005,Tokopedia,CU0087,Reguler,P009,Keripik Singkong,Snack,L005,Tangerang,Banten,1,16000,16000,Voucher Ongkir,ONGKIR5,0.05,800,15200,QRIS,Selesai
TRX01700,2025-11-16,2025,11,November,Sunday,CSV Marketplace,CSV,C002,ShopeeFood,CU0053,Baru,P006,Mie Ayam Jamur,Makanan,L005,Tangerang,Banten,1,24000,24000,Voucher Ongkir,ONGKIR5,0.05,1200,22800,Transfer Bank,Selesai
TRX01701,2025-11-16,2025,11,November,Sunday,Aplikasi Kasir Digital,POS,C002,ShopeeFood,CU0163,Reguler,P002,Es Kopi Latte,Minuman,L005,Tangerang,Banten,1,22000,22000,Diskon Produk,DISKON10,0.1,2200,19800,E-Wallet,Selesai
TRX01702,2025-11-17,2025,11,November,Monday,Excel Cabang,Excel,C001,POS Kasir,CU0008,Baru,P001,Kopi Susu Gula Aren,Minuman,L001,Bekasi,Jawa Barat,3,18000,54000,Payday Sale,PAYDAY15,0.15,8100,45900,Transfer Bank,Selesai
TRX01703,2025-11-17,2025,11,November,Monday,Excel Cabang,Excel,C001,POS Kasir,CU0026,Reguler,P011,Paket Kopi dan Snack,Paket,L005,Tangerang,Banten,2,35000,70000,Voucher Ongkir,ONGKIR5,0.05,3500,66500,Kartu Debit,Selesai
TRX01704,2025-11-17,2025,11,November,Monday,Aplikasi Kasir Digital,POS,C006,Website,CU0091,Reguler,P001,Kopi Susu Gula Aren,Minuman,L006,Bogor,Jawa Barat,1,18000,18000,Tidak Ada,,0.0,0,18000,QRIS,Selesai
TRX01705,2025-11-17,2025,11,November,Monday,API Marketplace,API,C003,GoFood,CU0038,Reguler,P009,Keripik Singkong,Snack,L006,Bogor,Jawa Barat,1,16000,16000,Tidak Ada,,0.0,0,16000,Kartu Debit,Selesai
TRX01706,2025-11-17,2025,11,November,Monday,Excel Cabang,Excel,C005,Tokopedia,CU0074,Reguler,P005,Nasi Goreng Spesial,Makanan,L004,Depok,Jawa Barat,1,27000,27000,Flash Sale,FLASH20,0.2,5400,21600,QRIS,Selesai
TRX01707,2025-11-17,2025,11,November,Monday,Database POS,Database,C005,Tokopedia,CU0013,Baru,P008,Roti Bakar Keju,Snack,L001,Bekasi,Jawa Barat,2,20000,40000,Tidak Ada,,0.0,0,40000,E-Wallet,Selesai
TRX01708,2025-11-18,2025,11,November,Tuesday,API Marketplace,API,C001,POS Kasir,CU0039,Reguler,P011,Paket Kopi dan Snack,Paket,L003,Jakarta Selatan,DKI Jakarta,2,35000,70000,Diskon Produk,DISKON10,0.1,7000,63000,Kartu Debit,Selesai
TRX01709,2025-11-18,2025,11,November,Tuesday,Aplikasi Kasir Digital,POS,C003,GoFood,CU0170,Baru,P007,Brownies Cokelat,Snack,L002,Jakarta Timur,DKI Jakarta,1,30000,30000,Diskon Produk,DISKON10,0.1,3000,27000,E-Wallet,Selesai
TRX01710,2025-11-18,2025,11,November,Tuesday,Excel Cabang,Excel,C006,Website,CU0121,Baru,P010,Paket Hemat UMKM,Paket,L004,Depok,Jawa Barat,2,45000,90000,Tidak Ada,,0.0,0,90000,Transfer Bank,Selesai
TRX01711,2025-11-18,2025,11,November,Tuesday,Database POS,Database,C005,Tokopedia,CU0005,Loyal,P010,Paket Hemat UMKM,Paket,L005,Tangerang,Banten,2,45000,90000,Payday Sale,PAYDAY15,0.15,13500,76500,Kartu Debit,Selesai
TRX01712,2025-11-18,2025,11,November,Tuesday,Excel Cabang,Excel,C003,GoFood,CU0065,Loyal,P002,Es Kopi Latte,Minuman,L001,Bekasi,Jawa Barat,4,22000,88000,Flash Sale,FLASH20,0.2,17600,70400,QRIS,Selesai
TRX01713,2025-11-18,2025,11,November,Tuesday,API Marketplace,API,C001,POS Kasir,CU0165,Baru,P009,Keripik Singkong,Snack,L006,Bogor,Jawa Barat,2,16000,32000,Diskon Produk,DISKON10,0.1,3200,28800,COD,Selesai
TRX01714,2025-11-18,2025,11,November,Tuesday,Database POS,Database,C002,ShopeeFood,CU0166,Baru,P004,Nasi Ayam Geprek,Makanan,L005,Tangerang,Banten,2,25000,50000,Tidak Ada,,0.0,0,50000,E-Wallet,Selesai
TRX01715,2025-11-19,2025,11,November,Wednesday,API Marketplace,API,C005,Tokopedia,CU0166,Reguler,P012,Dimsum Ayam,Makanan,L004,Depok,Jawa Barat,2,28000,56000,Voucher Ongkir,ONGKIR5,0.05,2800,53200,E-Wallet,Selesai
TRX01716,2025-11-19,2025,11,November,Wednesday,Database POS,Database,C002,ShopeeFood,CU0136,Reguler,P003,Teh Lemon,Minuman,L001,Bekasi,Jawa Barat,3,15000,45000,Tidak Ada,,0.0,0,45000,QRIS,Selesai
TRX01717,2025-11-19,2025,11,November,Wednesday,Excel Cabang,Excel,C004,GrabFood,CU0162,Reguler,P005,Nasi Goreng Spesial,Makanan,L001,Bekasi,Jawa Barat,3,27000,81000,Diskon Produk,DISKON10,0.1,8100,0,E-Wallet,Dibatalkan
TRX01718,2025-11-20,2025,11,November,Thursday,CSV Marketplace,CSV,C004,GrabFood,CU0140,Reguler,P001,Kopi Susu Gula Aren,Minuman,L002,Jakarta Timur,DKI Jakarta,2,18000,36000,Diskon Produk,DISKON10,0.1,3600,32400,E-Wallet,Selesai
TRX01719,2025-11-20,2025,11,November,Thursday,Excel Cabang,Excel,C006,Website,CU0072,Loyal,P012,Dimsum Ayam,Makanan,L001,Bekasi,Jawa Barat,2,28000,56000,Diskon Produk,DISKON10,0.1,5600,50400,Kartu Debit,Selesai
TRX01720,2025-11-20,2025,11,November,Thursday,CSV Marketplace,CSV,C001,POS Kasir,CU0143,Reguler,P009,Keripik Singkong,Snack,L005,Tangerang,Banten,2,16000,32000,Diskon Produk,DISKON10,0.1,3200,28800,Kartu Debit,Selesai
TRX01721,2025-11-20,2025,11,November,Thursday,CSV Marketplace,CSV,C006,Website,CU0016,Reguler,P005,Nasi Goreng Spesial,Makanan,L003,Jakarta Selatan,DKI Jakarta,2,27000,54000,Flash Sale,FLASH20,0.2,10800,43200,E-Wallet,Selesai
TRX01722,2025-11-20,2025,11,November,Thursday,API Marketplace,API,C001,POS Kasir,CU0054,Reseller,P011,Paket Kopi dan Snack,Paket,L006,Bogor,Jawa Barat,1,35000,35000,Flash Sale,FLASH20,0.2,7000,28000,E-Wallet,Selesai
TRX01723,2025-11-20,2025,11,November,Thursday,API Marketplace,API,C005,Tokopedia,CU0057,Loyal,P009,Keripik Singkong,Snack,L003,Jakarta Selatan,DKI Jakarta,3,16000,48000,Tidak Ada,,0.0,0,48000,QRIS,Selesai
TRX01724,2025-11-21,2025,11,November,Friday,Aplikasi Kasir Digital,POS,C001,POS Kasir,CU0062,Reguler,P008,Roti Bakar Keju,Snack,L006,Bogor,Jawa Barat,1,20000,20000,Bundling,BUNDLE12,0.12,2400,17600,Transfer Bank,Selesai
TRX01725,2025-11-21,2025,11,November,Friday,API Marketplace,API,C006,Website,CU0105,Loyal,P003,Teh Lemon,Minuman,L004,Depok,Jawa Barat,5,15000,75000,Tidak Ada,,0.0,0,0,QRIS,Dibatalkan
TRX01726,2025-11-21,2025,11,November,Friday,API Marketplace,API,C004,GrabFood,CU0129,Loyal,P010,Paket Hemat UMKM,Paket,L005,Tangerang,Banten,5,45000,225000,Tidak Ada,,0.0,0,225000,Kartu Debit,Selesai
TRX01727,2025-11-21,2025,11,November,Friday,CSV Marketplace,CSV,C001,POS Kasir,CU0008,Reguler,P009,Keripik Singkong,Snack,L001,Bekasi,Jawa Barat,1,16000,16000,Tidak Ada,,0.0,0,16000,E-Wallet,Selesai
TRX01728,2025-11-21,2025,11,November,Friday,Aplikasi Kasir Digital,POS,C002,ShopeeFood,CU0177,Reguler,P002,Es Kopi Latte,Minuman,L005,Tangerang,Banten,2,22000,44000,Tidak Ada,,0.0,0,44000,COD,Selesai
TRX01729,2025-11-21,2025,11,November,Friday,API Marketplace,API,C006,Website,CU0107,Reseller,P008,Roti Bakar Keju,Snack,L003,Jakarta Selatan,DKI Jakarta,3,20000,60000,Voucher Ongkir,ONGKIR5,0.05,3000,57000,Kartu Debit,Selesai
TRX01730,2025-11-21,2025,11,November,Friday,API Marketplace,API,C005,Tokopedia,CU0080,Reguler,P007,Brownies Cokelat,Snack,L003,Jakarta Selatan,DKI Jakarta,1,30000,30000,Tidak Ada,,0.0,0,30000,QRIS,Selesai
TRX01731,2025-11-21,2025,11,November,Friday,Excel Cabang,Excel,C003,GoFood,CU0102,Reguler,P011,Paket Kopi dan Snack,Paket,L005,Tangerang,Banten,2,35000,70000,Tidak Ada,,0.0,0,70000,E-Wallet,Selesai
TRX01732,2025-11-22,2025,11,November,Saturday,CSV Marketplace,CSV,C002,ShopeeFood,CU0019,Baru,P003,Teh Lemon,Minuman,L006,Bogor,Jawa Barat,2,15000,30000,Voucher Ongkir,ONGKIR5,0.05,1500,28500,E-Wallet,Selesai
TRX01733,2025-11-22,2025,11,November,Saturday,API Marketplace,API,C001,POS Kasir,CU0076,Baru,P007,Brownies Cokelat,Snack,L001,Bekasi,Jawa Barat,4,30000,120000,Payday Sale,PAYDAY15,0.15,18000,102000,Kartu Debit,Selesai
TRX01734,2025-11-22,2025,11,November,Saturday,Excel Cabang,Excel,C003,GoFood,CU0127,Reseller,P012,Dimsum Ayam,Makanan,L001,Bekasi,Jawa Barat,3,28000,84000,Diskon Produk,DISKON10,0.1,8400,75600,COD,Selesai
TRX01735,2025-11-22,2025,11,November,Saturday,Excel Cabang,Excel,C005,Tokopedia,CU0005,Reseller,P012,Dimsum Ayam,Makanan,L001,Bekasi,Jawa Barat,1,28000,28000,Tidak Ada,,0.0,0,28000,Transfer Bank,Selesai
TRX01736,2025-11-22,2025,11,November,Saturday,API Marketplace,API,C002,ShopeeFood,CU0023,Loyal,P001,Kopi Susu Gula Aren,Minuman,L005,Tangerang,Banten,1,18000,18000,Flash Sale,FLASH20,0.2,3600,14400,QRIS,Selesai
TRX01737,2025-11-22,2025,11,November,Saturday,API Marketplace,API,C001,POS Kasir,CU0045,Loyal,P011,Paket Kopi dan Snack,Paket,L004,Depok,Jawa Barat,4,35000,140000,Tidak Ada,,0.0,0,140000,E-Wallet,Selesai
TRX01738,2025-11-22,2025,11,November,Saturday,Aplikasi Kasir Digital,POS,C004,GrabFood,CU0028,Reguler,P006,Mie Ayam Jamur,Makanan,L001,Bekasi,Jawa Barat,2,24000,48000,Diskon Produk,DISKON10,0.1,4800,43200,COD,Selesai
TRX01739,2025-11-23,2025,11,November,Sunday,Excel Cabang,Excel,C003,GoFood,CU0142,Baru,P009,Keripik Singkong,Snack,L003,Jakarta Selatan,DKI Jakarta,1,16000,16000,Diskon Produk,DISKON10,0.1,1600,0,Kartu Debit,Refund
TRX01740,2025-11-23,2025,11,November,Sunday,CSV Marketplace,CSV,C003,GoFood,CU0141,Loyal,P004,Nasi Ayam Geprek,Makanan,L003,Jakarta Selatan,DKI Jakarta,2,25000,50000,Payday Sale,PAYDAY15,0.15,7500,42500,Kartu Debit,Selesai
TRX01741,2025-11-23,2025,11,November,Sunday,API Marketplace,API,C002,ShopeeFood,CU0027,Reguler,P001,Kopi Susu Gula Aren,Minuman,L002,Jakarta Timur,DKI Jakarta,2,18000,36000,Tidak Ada,,0.0,0,36000,COD,Selesai
TRX01742,2025-11-23,2025,11,November,Sunday,Aplikasi Kasir Digital,POS,C001,POS Kasir,CU0017,Loyal,P001,Kopi Susu Gula Aren,Minuman,L005,Tangerang,Banten,1,18000,18000,Voucher Ongkir,ONGKIR5,0.05,900,17100,E-Wallet,Selesai
TRX01743,2025-11-23,2025,11,November,Sunday,API Marketplace,API,C004,GrabFood,CU0154,Loyal,P001,Kopi Susu Gula Aren,Minuman,L006,Bogor,Jawa Barat,2,18000,36000,Tidak Ada,,0.0,0,0,Kartu Debit,Dibatalkan
TRX01744,2025-11-23,2025,11,November,Sunday,Database POS,Database,C005,Tokopedia,CU0142,Reguler,P007,Brownies Cokelat,Snack,L005,Tangerang,Banten,3,30000,90000,Payday Sale,PAYDAY15,0.15,13500,76500,Kartu Debit,Selesai
TRX01745,2025-11-23,2025,11,November,Sunday,Excel Cabang,Excel,C004,GrabFood,CU0138,Loyal,P011,Paket Kopi dan Snack,Paket,L006,Bogor,Jawa Barat,3,35000,105000,Diskon Produk,DISKON10,0.1,10500,94500,Kartu Debit,Selesai
TRX01746,2025-11-23,2025,11,November,Sunday,API Marketplace,API,C002,ShopeeFood,CU0129,Loyal,P010,Paket Hemat UMKM,Paket,L002,Jakarta Timur,DKI Jakarta,2,45000,90000,Diskon Produk,DISKON10,0.1,9000,81000,Kartu Debit,Selesai
TRX01747,2025-11-24,2025,11,November,Monday,CSV Marketplace,CSV,C002,ShopeeFood,CU0111,Reguler,P004,Nasi Ayam Geprek,Makanan,L001,Bekasi,Jawa Barat,1,25000,25000,Tidak Ada,,0.0,0,0,Kartu Debit,Refund
TRX01748,2025-11-24,2025,11,November,Monday,Excel Cabang,Excel,C005,Tokopedia,CU0102,Reguler,P001,Kopi Susu Gula Aren,Minuman,L004,Depok,Jawa Barat,5,18000,90000,Voucher Ongkir,ONGKIR5,0.05,4500,85500,COD,Selesai
TRX01749,2025-11-24,2025,11,November,Monday,CSV Marketplace,CSV,C004,GrabFood,CU0059,Reguler,P001,Kopi Susu Gula Aren,Minuman,L006,Bogor,Jawa Barat,2,18000,36000,Diskon Produk,DISKON10,0.1,3600,32400,Transfer Bank,Selesai
TRX01750,2025-11-24,2025,11,November,Monday,CSV Marketplace,CSV,C003,GoFood,CU0169,Loyal,P011,Paket Kopi dan Snack,Paket,L005,Tangerang,Banten,3,35000,105000,Voucher Ongkir,ONGKIR5,0.05,5250,99750,QRIS,Selesai
TRX01751,2025-11-25,2025,11,November,Tuesday,CSV Marketplace,CSV,C001,POS Kasir,CU0112,Reguler,P007,Brownies Cokelat,Snack,L006,Bogor,Jawa Barat,4,30000,120000,Voucher Ongkir,ONGKIR5,0.05,6000,114000,Kartu Debit,Selesai
TRX01752,2025-11-25,2025,11,November,Tuesday,API Marketplace,API,C005,Tokopedia,CU0170,Baru,P003,Teh Lemon,Minuman,L004,Depok,Jawa Barat,2,15000,30000,Tidak Ada,,0.0,0,30000,Kartu Debit,Selesai
TRX01753,2025-11-25,2025,11,November,Tuesday,Excel Cabang,Excel,C004,GrabFood,CU0144,Reguler,P007,Brownies Cokelat,Snack,L003,Jakarta Selatan,DKI Jakarta,4,30000,120000,Tidak Ada,,0.0,0,120000,COD,Selesai
TRX01754,2025-11-25,2025,11,November,Tuesday,Aplikasi Kasir Digital,POS,C002,ShopeeFood,CU0031,Baru,P011,Paket Kopi dan Snack,Paket,L002,Jakarta Timur,DKI Jakarta,1,35000,35000,Diskon Produk,DISKON10,0.1,3500,31500,Transfer Bank,Selesai
TRX01755,2025-11-25,2025,11,November,Tuesday,CSV Marketplace,CSV,C002,ShopeeFood,CU0131,Baru,P007,Brownies Cokelat,Snack,L005,Tangerang,Banten,2,30000,60000,Payday Sale,PAYDAY15,0.15,9000,51000,QRIS,Selesai
TRX01756,2025-11-25,2025,11,November,Tuesday,Excel Cabang,Excel,C002,ShopeeFood,CU0112,Reguler,P003,Teh Lemon,Minuman,L004,Depok,Jawa Barat,1,15000,15000,Flash Sale,FLASH20,0.2,3000,12000,COD,Selesai
TRX01757,2025-11-25,2025,11,November,Tuesday,Aplikasi Kasir Digital,POS,C004,GrabFood,CU0050,Loyal,P001,Kopi Susu Gula Aren,Minuman,L001,Bekasi,Jawa Barat,1,18000,18000,Tidak Ada,,0.0,0,18000,E-Wallet,Selesai
TRX01758,2025-11-25,2025,11,November,Tuesday,Database POS,Database,C001,POS Kasir,CU0072,Baru,P001,Kopi Susu Gula Aren,Minuman,L001,Bekasi,Jawa Barat,2,18000,36000,Payday Sale,PAYDAY15,0.15,5400,30600,Kartu Debit,Selesai
TRX01759,2025-11-26,2025,11,November,Wednesday,Aplikasi Kasir Digital,POS,C006,Website,CU0114,Reguler,P007,Brownies Cokelat,Snack,L002,Jakarta Timur,DKI Jakarta,1,30000,30000,Voucher Ongkir,ONGKIR5,0.05,1500,28500,Transfer Bank,Selesai
TRX01760,2025-11-26,2025,11,November,Wednesday,API Marketplace,API,C006,Website,CU0113,Reguler,P006,Mie Ayam Jamur,Makanan,L002,Jakarta Timur,DKI Jakarta,1,24000,24000,Flash Sale,FLASH20,0.2,4800,19200,E-Wallet,Selesai
TRX01761,2025-11-26,2025,11,November,Wednesday,CSV Marketplace,CSV,C004,GrabFood,CU0106,Reguler,P001,Kopi Susu Gula Aren,Minuman,L006,Bogor,Jawa Barat,2,18000,36000,Payday Sale,PAYDAY15,0.15,5400,30600,Kartu Debit,Selesai
TRX01762,2025-11-26,2025,11,November,Wednesday,Database POS,Database,C001,POS Kasir,CU0099,Reseller,P001,Kopi Susu Gula Aren,Minuman,L005,Tangerang,Banten,2,18000,36000,Flash Sale,FLASH20,0.2,7200,28800,Transfer Bank,Selesai
TRX01763,2025-11-26,2025,11,November,Wednesday,Excel Cabang,Excel,C003,GoFood,CU0137,Baru,P010,Paket Hemat UMKM,Paket,L001,Bekasi,Jawa Barat,1,45000,45000,Voucher Ongkir,ONGKIR5,0.05,2250,42750,Transfer Bank,Selesai
TRX01764,2025-11-26,2025,11,November,Wednesday,CSV Marketplace,CSV,C001,POS Kasir,CU0044,Baru,P008,Roti Bakar Keju,Snack,L002,Jakarta Timur,DKI Jakarta,4,20000,80000,Diskon Produk,DISKON10,0.1,8000,72000,COD,Selesai
TRX01765,2025-11-26,2025,11,November,Wednesday,Excel Cabang,Excel,C004,GrabFood,CU0043,Reguler,P009,Keripik Singkong,Snack,L001,Bekasi,Jawa Barat,1,16000,16000,Bundling,BUNDLE12,0.12,1920,14080,QRIS,Selesai
TRX01766,2025-11-26,2025,11,November,Wednesday,CSV Marketplace,CSV,C001,POS Kasir,CU0132,Reseller,P001,Kopi Susu Gula Aren,Minuman,L004,Depok,Jawa Barat,3,18000,54000,Tidak Ada,,0.0,0,54000,E-Wallet,Selesai
TRX01767,2025-11-27,2025,11,November,Thursday,CSV Marketplace,CSV,C001,POS Kasir,CU0171,Reguler,P006,Mie Ayam Jamur,Makanan,L004,Depok,Jawa Barat,1,24000,24000,Tidak Ada,,0.0,0,24000,E-Wallet,Selesai
TRX01768,2025-11-27,2025,11,November,Thursday,Aplikasi Kasir Digital,POS,C002,ShopeeFood,CU0102,Baru,P001,Kopi Susu Gula Aren,Minuman,L006,Bogor,Jawa Barat,1,18000,18000,Tidak Ada,,0.0,0,0,QRIS,Refund
TRX01769,2025-11-27,2025,11,November,Thursday,API Marketplace,API,C003,GoFood,CU0053,Reguler,P002,Es Kopi Latte,Minuman,L004,Depok,Jawa Barat,5,22000,110000,Tidak Ada,,0.0,0,110000,QRIS,Selesai
TRX01770,2025-11-27,2025,11,November,Thursday,Database POS,Database,C002,ShopeeFood,CU0132,Baru,P009,Keripik Singkong,Snack,L001,Bekasi,Jawa Barat,2,16000,32000,Voucher Ongkir,ONGKIR5,0.05,1600,30400,Transfer Bank,Selesai
TRX01771,2025-11-27,2025,11,November,Thursday,Database POS,Database,C001,POS Kasir,CU0047,Baru,P003,Teh Lemon,Minuman,L006,Bogor,Jawa Barat,3,15000,45000,Voucher Ongkir,ONGKIR5,0.05,2250,42750,Transfer Bank,Selesai
TRX01772,2025-11-27,2025,11,November,Thursday,Aplikasi Kasir Digital,POS,C005,Tokopedia,CU0176,Reguler,P007,Brownies Cokelat,Snack,L002,Jakarta Timur,DKI Jakarta,1,30000,30000,Flash Sale,FLASH20,0.2,6000,24000,Transfer Bank,Selesai
TRX01773,2025-11-27,2025,11,November,Thursday,Excel Cabang,Excel,C002,ShopeeFood,CU0175,Reseller,P004,Nasi Ayam Geprek,Makanan,L005,Tangerang,Banten,3,25000,75000,Tidak Ada,,0.0,0,75000,COD,Selesai
TRX01774,2025-11-27,2025,11,November,Thursday,Excel Cabang,Excel,C004,GrabFood,CU0140,Loyal,P004,Nasi Ayam Geprek,Makanan,L005,Tangerang,Banten,2,25000,50000,Payday Sale,PAYDAY15,0.15,7500,42500,COD,Selesai
TRX01775,2025-11-27,2025,11,November,Thursday,Excel Cabang,Excel,C004,GrabFood,CU0061,Reseller,P002,Es Kopi Latte,Minuman,L004,Depok,Jawa Barat,1,22000,22000,Flash Sale,FLASH20,0.2,4400,17600,Kartu Debit,Selesai
TRX01776,2025-11-27,2025,11,November,Thursday,Excel Cabang,Excel,C003,GoFood,CU0169,Loyal,P003,Teh Lemon,Minuman,L001,Bekasi,Jawa Barat,1,15000,15000,Tidak Ada,,0.0,0,15000,Transfer Bank,Selesai
TRX01777,2025-11-27,2025,11,November,Thursday,CSV Marketplace,CSV,C006,Website,CU0169,Reguler,P006,Mie Ayam Jamur,Makanan,L003,Jakarta Selatan,DKI Jakarta,1,24000,24000,Diskon Produk,DISKON10,0.1,2400,21600,E-Wallet,Selesai
TRX01778,2025-11-27,2025,11,November,Thursday,API Marketplace,API,C006,Website,CU0019,Reguler,P008,Roti Bakar Keju,Snack,L001,Bekasi,Jawa Barat,1,20000,20000,Tidak Ada,,0.0,0,20000,Transfer Bank,Selesai
TRX01779,2025-11-28,2025,11,November,Friday,Excel Cabang,Excel,C005,Tokopedia,CU0175,Baru,P007,Brownies Cokelat,Snack,L004,Depok,Jawa Barat,2,30000,60000,Voucher Ongkir,ONGKIR5,0.05,3000,57000,COD,Selesai
TRX01780,2025-11-28,2025,11,November,Friday,Excel Cabang,Excel,C005,Tokopedia,CU0010,Loyal,P009,Keripik Singkong,Snack,L003,Jakarta Selatan,DKI Jakarta,4,16000,64000,Tidak Ada,,0.0,0,0,QRIS,Dibatalkan
TRX01781,2025-11-28,2025,11,November,Friday,Aplikasi Kasir Digital,POS,C002,ShopeeFood,CU0178,Baru,P012,Dimsum Ayam,Makanan,L006,Bogor,Jawa Barat,1,28000,28000,Payday Sale,PAYDAY15,0.15,4200,23800,E-Wallet,Selesai
TRX01782,2025-11-28,2025,11,November,Friday,Aplikasi Kasir Digital,POS,C003,GoFood,CU0166,Baru,P005,Nasi Goreng Spesial,Makanan,L005,Tangerang,Banten,2,27000,54000,Payday Sale,PAYDAY15,0.15,8100,45900,E-Wallet,Selesai
TRX01783,2025-11-28,2025,11,November,Friday,Excel Cabang,Excel,C004,GrabFood,CU0092,Reseller,P009,Keripik Singkong,Snack,L005,Tangerang,Banten,2,16000,32000,Diskon Produk,DISKON10,0.1,3200,28800,Transfer Bank,Selesai
TRX01784,2025-11-28,2025,11,November,Friday,Database POS,Database,C004,GrabFood,CU0169,Baru,P007,Brownies Cokelat,Snack,L004,Depok,Jawa Barat,1,30000,30000,Payday Sale,PAYDAY15,0.15,4500,25500,Kartu Debit,Selesai
TRX01785,2025-11-28,2025,11,November,Friday,Excel Cabang,Excel,C005,Tokopedia,CU0119,Reguler,P007,Brownies Cokelat,Snack,L001,Bekasi,Jawa Barat,2,30000,60000,Payday Sale,PAYDAY15,0.15,9000,51000,Kartu Debit,Selesai
TRX01786,2025-11-28,2025,11,November,Friday,Aplikasi Kasir Digital,POS,C005,Tokopedia,CU0040,Loyal,P009,Keripik Singkong,Snack,L002,Jakarta Timur,DKI Jakarta,4,16000,64000,Voucher Ongkir,ONGKIR5,0.05,3200,60800,Transfer Bank,Selesai
TRX01787,2025-11-28,2025,11,November,Friday,Excel Cabang,Excel,C004,GrabFood,CU0175,Reguler,P010,Paket Hemat UMKM,Paket,L002,Jakarta Timur,DKI Jakarta,3,45000,135000,Voucher Ongkir,ONGKIR5,0.05,6750,128250,COD,Selesai
TRX01788,2025-11-29,2025,11,November,Saturday,API Marketplace,API,C001,POS Kasir,CU0159,Reguler,P012,Dimsum Ayam,Makanan,L003,Jakarta Selatan,DKI Jakarta,3,28000,84000,Diskon Produk,DISKON10,0.1,8400,75600,COD,Selesai
TRX01789,2025-11-29,2025,11,November,Saturday,CSV Marketplace,CSV,C001,POS Kasir,CU0088,Loyal,P001,Kopi Susu Gula Aren,Minuman,L006,Bogor,Jawa Barat,1,18000,18000,Voucher Ongkir,ONGKIR5,0.05,900,17100,E-Wallet,Selesai
TRX01790,2025-11-29,2025,11,November,Saturday,Aplikasi Kasir Digital,POS,C004,GrabFood,CU0157,Baru,P009,Keripik Singkong,Snack,L004,Depok,Jawa Barat,1,16000,16000,Tidak Ada,,0.0,0,16000,Transfer Bank,Selesai
TRX01791,2025-11-29,2025,11,November,Saturday,Aplikasi Kasir Digital,POS,C005,Tokopedia,CU0057,Loyal,P003,Teh Lemon,Minuman,L006,Bogor,Jawa Barat,3,15000,45000,Payday Sale,PAYDAY15,0.15,6750,38250,Transfer Bank,Selesai
TRX01792,2025-11-29,2025,11,November,Saturday,Database POS,Database,C003,GoFood,CU0175,Reseller,P010,Paket Hemat UMKM,Paket,L001,Bekasi,Jawa Barat,1,45000,45000,Tidak Ada,,0.0,0,45000,Transfer Bank,Selesai
TRX01793,2025-11-29,2025,11,November,Saturday,CSV Marketplace,CSV,C004,GrabFood,CU0043,Reseller,P006,Mie Ayam Jamur,Makanan,L006,Bogor,Jawa Barat,4,24000,96000,Diskon Produk,DISKON10,0.1,9600,86400,Transfer Bank,Selesai
TRX01794,2025-11-29,2025,11,November,Saturday,CSV Marketplace,CSV,C006,Website,CU0176,Reguler,P010,Paket Hemat UMKM,Paket,L002,Jakarta Timur,DKI Jakarta,1,45000,45000,Payday Sale,PAYDAY15,0.15,6750,38250,Transfer Bank,Selesai
TRX01795,2025-11-30,2025,11,November,Sunday,Excel Cabang,Excel,C003,GoFood,CU0068,Reseller,P007,Brownies Cokelat,Snack,L003,Jakarta Selatan,DKI Jakarta,4,30000,120000,Voucher Ongkir,ONGKIR5,0.05,6000,114000,Kartu Debit,Selesai
TRX01796,2025-11-30,2025,11,November,Sunday,API Marketplace,API,C004,GrabFood,CU0050,Reguler,P010,Paket Hemat UMKM,Paket,L003,Jakarta Selatan,DKI Jakarta,3,45000,135000,Tidak Ada,,0.0,0,135000,Kartu Debit,Selesai
TRX01797,2025-11-30,2025,11,November,Sunday,Excel Cabang,Excel,C005,Tokopedia,CU0124,Reguler,P011,Paket Kopi dan Snack,Paket,L005,Tangerang,Banten,4,35000,140000,Tidak Ada,,0.0,0,140000,Transfer Bank,Selesai
TRX01798,2025-11-30,2025,11,November,Sunday,Aplikasi Kasir Digital,POS,C003,GoFood,CU0023,Loyal,P009,Keripik Singkong,Snack,L006,Bogor,Jawa Barat,1,16000,16000,Payday Sale,PAYDAY15,0.15,2400,13600,Transfer Bank,Selesai
TRX01799,2025-11-30,2025,11,November,Sunday,Database POS,Database,C003,GoFood,CU0052,Baru,P002,Es Kopi Latte,Minuman,L003,Jakarta Selatan,DKI Jakarta,1,22000,22000,Flash Sale,FLASH20,0.2,4400,17600,Transfer Bank,Selesai
TRX01800,2025-11-30,2025,11,November,Sunday,Aplikasi Kasir Digital,POS,C004,GrabFood,CU0115,Loyal,P004,Nasi Ayam Geprek,Makanan,L004,Depok,Jawa Barat,1,25000,25000,Payday Sale,PAYDAY15,0.15,3750,21250,QRIS,Selesai
TRX01801,2025-11-30,2025,11,November,Sunday,Excel Cabang,Excel,C002,ShopeeFood,CU0023,Baru,P010,Paket Hemat UMKM,Paket,L003,Jakarta Selatan,DKI Jakarta,1,45000,45000,Payday Sale,PAYDAY15,0.15,6750,38250,E-Wallet,Selesai
TRX01802,2025-11-30,2025,11,November,Sunday,Excel Cabang,Excel,C005,Tokopedia,CU0144,Baru,P007,Brownies Cokelat,Snack,L005,Tangerang,Banten,2,30000,60000,Voucher Ongkir,ONGKIR5,0.05,3000,57000,Transfer Bank,Selesai
TRX01803,2025-11-30,2025,11,November,Sunday,CSV Marketplace,CSV,C003,GoFood,CU0143,Loyal,P001,Kopi Susu Gula Aren,Minuman,L003,Jakarta Selatan,DKI Jakarta,1,18000,18000,Voucher Ongkir,ONGKIR5,0.05,900,17100,E-Wallet,Selesai
TRX01804,2025-12-01,2025,12,December,Monday,Excel Cabang,Excel,C004,GrabFood,CU0150,Reguler,P009,Keripik Singkong,Snack,L004,Depok,Jawa Barat,4,16000,64000,Flash Sale,FLASH20,0.2,12800,51200,COD,Selesai
TRX01805,2025-12-01,2025,12,December,Monday,CSV Marketplace,CSV,C002,ShopeeFood,CU0087,Reseller,P005,Nasi Goreng Spesial,Makanan,L003,Jakarta Selatan,DKI Jakarta,2,27000,54000,Diskon Produk,DISKON10,0.1,5400,48600,E-Wallet,Selesai
TRX01806,2025-12-01,2025,12,December,Monday,Database POS,Database,C005,Tokopedia,CU0082,Loyal,P006,Mie Ayam Jamur,Makanan,L006,Bogor,Jawa Barat,4,24000,96000,Payday Sale,PAYDAY15,0.15,14400,81600,Kartu Debit,Selesai
TRX01807,2025-12-01,2025,12,December,Monday,Aplikasi Kasir Digital,POS,C003,GoFood,CU0178,Reguler,P009,Keripik Singkong,Snack,L002,Jakarta Timur,DKI Jakarta,4,16000,64000,Bundling,BUNDLE12,0.12,7680,56320,E-Wallet,Selesai
TRX01808,2025-12-01,2025,12,December,Monday,CSV Marketplace,CSV,C001,POS Kasir,CU0059,Reguler,P001,Kopi Susu Gula Aren,Minuman,L001,Bekasi,Jawa Barat,3,18000,54000,Diskon Produk,DISKON10,0.1,5400,48600,Transfer Bank,Selesai
TRX01809,2025-12-02,2025,12,December,Tuesday,API Marketplace,API,C003,GoFood,CU0088,Reguler,P011,Paket Kopi dan Snack,Paket,L001,Bekasi,Jawa Barat,1,35000,35000,Tidak Ada,,0.0,0,35000,Kartu Debit,Selesai
TRX01810,2025-12-02,2025,12,December,Tuesday,CSV Marketplace,CSV,C005,Tokopedia,CU0073,Loyal,P011,Paket Kopi dan Snack,Paket,L004,Depok,Jawa Barat,2,35000,70000,Diskon Produk,DISKON10,0.1,7000,63000,Kartu Debit,Selesai
TRX01811,2025-12-02,2025,12,December,Tuesday,Database POS,Database,C005,Tokopedia,CU0177,Reseller,P007,Brownies Cokelat,Snack,L005,Tangerang,Banten,1,30000,30000,Bundling,BUNDLE12,0.12,3600,26400,Transfer Bank,Selesai
TRX01812,2025-12-02,2025,12,December,Tuesday,API Marketplace,API,C006,Website,CU0002,Baru,P011,Paket Kopi dan Snack,Paket,L004,Depok,Jawa Barat,2,35000,70000,Tidak Ada,,0.0,0,0,Kartu Debit,Refund
TRX01813,2025-12-03,2025,12,December,Wednesday,Aplikasi Kasir Digital,POS,C001,POS Kasir,CU0140,Loyal,P005,Nasi Goreng Spesial,Makanan,L002,Jakarta Timur,DKI Jakarta,1,27000,27000,Flash Sale,FLASH20,0.2,5400,21600,QRIS,Selesai
TRX01814,2025-12-03,2025,12,December,Wednesday,CSV Marketplace,CSV,C002,ShopeeFood,CU0166,Baru,P004,Nasi Ayam Geprek,Makanan,L001,Bekasi,Jawa Barat,2,25000,50000,Flash Sale,FLASH20,0.2,10000,40000,E-Wallet,Selesai
TRX01815,2025-12-03,2025,12,December,Wednesday,Excel Cabang,Excel,C006,Website,CU0107,Baru,P001,Kopi Susu Gula Aren,Minuman,L004,Depok,Jawa Barat,3,18000,54000,Voucher Ongkir,ONGKIR5,0.05,2700,51300,Transfer Bank,Selesai
TRX01816,2025-12-03,2025,12,December,Wednesday,Excel Cabang,Excel,C003,GoFood,CU0104,Reguler,P009,Keripik Singkong,Snack,L004,Depok,Jawa Barat,2,16000,32000,Payday Sale,PAYDAY15,0.15,4800,27200,QRIS,Selesai
TRX01817,2025-12-03,2025,12,December,Wednesday,Database POS,Database,C003,GoFood,CU0093,Reguler,P003,Teh Lemon,Minuman,L002,Jakarta Timur,DKI Jakarta,2,15000,30000,Diskon Produk,DISKON10,0.1,3000,27000,E-Wallet,Selesai
TRX01818,2025-12-04,2025,12,December,Thursday,CSV Marketplace,CSV,C003,GoFood,CU0172,Loyal,P010,Paket Hemat UMKM,Paket,L001,Bekasi,Jawa Barat,2,45000,90000,Voucher Ongkir,ONGKIR5,0.05,4500,85500,COD,Selesai
TRX01819,2025-12-04,2025,12,December,Thursday,Excel Cabang,Excel,C006,Website,CU0047,Loyal,P009,Keripik Singkong,Snack,L002,Jakarta Timur,DKI Jakarta,1,16000,16000,Voucher Ongkir,ONGKIR5,0.05,800,15200,QRIS,Selesai
TRX01820,2025-12-04,2025,12,December,Thursday,CSV Marketplace,CSV,C004,GrabFood,CU0056,Reseller,P003,Teh Lemon,Minuman,L001,Bekasi,Jawa Barat,1,15000,15000,Payday Sale,PAYDAY15,0.15,2250,0,Kartu Debit,Refund
TRX01821,2025-12-04,2025,12,December,Thursday,CSV Marketplace,CSV,C002,ShopeeFood,CU0158,Baru,P001,Kopi Susu Gula Aren,Minuman,L003,Jakarta Selatan,DKI Jakarta,1,18000,18000,Bundling,BUNDLE12,0.12,2160,15840,COD,Selesai
TRX01822,2025-12-04,2025,12,December,Thursday,API Marketplace,API,C004,GrabFood,CU0164,Reguler,P002,Es Kopi Latte,Minuman,L006,Bogor,Jawa Barat,2,22000,44000,Voucher Ongkir,ONGKIR5,0.05,2200,41800,Kartu Debit,Selesai
TRX01823,2025-12-04,2025,12,December,Thursday,API Marketplace,API,C003,GoFood,CU0148,Loyal,P004,Nasi Ayam Geprek,Makanan,L002,Jakarta Timur,DKI Jakarta,2,25000,50000,Tidak Ada,,0.0,0,50000,Kartu Debit,Selesai
TRX01824,2025-12-05,2025,12,December,Friday,Database POS,Database,C004,GrabFood,CU0057,Baru,P007,Brownies Cokelat,Snack,L001,Bekasi,Jawa Barat,2,30000,60000,Flash Sale,FLASH20,0.2,12000,48000,COD,Selesai
TRX01825,2025-12-05,2025,12,December,Friday,API Marketplace,API,C003,GoFood,CU0128,Reguler,P001,Kopi Susu Gula Aren,Minuman,L005,Tangerang,Banten,3,18000,54000,Voucher Ongkir,ONGKIR5,0.05,2700,51300,QRIS,Selesai
TRX01826,2025-12-05,2025,12,December,Friday,Database POS,Database,C005,Tokopedia,CU0113,Baru,P008,Roti Bakar Keju,Snack,L005,Tangerang,Banten,1,20000,20000,Voucher Ongkir,ONGKIR5,0.05,1000,19000,QRIS,Selesai
TRX01827,2025-12-05,2025,12,December,Friday,Aplikasi Kasir Digital,POS,C004,GrabFood,CU0055,Reguler,P011,Paket Kopi dan Snack,Paket,L005,Tangerang,Banten,4,35000,140000,Payday Sale,PAYDAY15,0.15,21000,119000,E-Wallet,Selesai
TRX01828,2025-12-05,2025,12,December,Friday,CSV Marketplace,CSV,C002,ShopeeFood,CU0026,Baru,P009,Keripik Singkong,Snack,L005,Tangerang,Banten,1,16000,16000,Flash Sale,FLASH20,0.2,3200,12800,E-Wallet,Selesai
TRX01829,2025-12-05,2025,12,December,Friday,CSV Marketplace,CSV,C005,Tokopedia,CU0068,Loyal,P012,Dimsum Ayam,Makanan,L001,Bekasi,Jawa Barat,1,28000,28000,Flash Sale,FLASH20,0.2,5600,22400,COD,Selesai
TRX01830,2025-12-06,2025,12,December,Saturday,API Marketplace,API,C004,GrabFood,CU0096,Reguler,P009,Keripik Singkong,Snack,L005,Tangerang,Banten,2,16000,32000,Payday Sale,PAYDAY15,0.15,4800,27200,E-Wallet,Selesai
TRX01831,2025-12-06,2025,12,December,Saturday,Excel Cabang,Excel,C004,GrabFood,CU0011,Baru,P011,Paket Kopi dan Snack,Paket,L005,Tangerang,Banten,3,35000,105000,Flash Sale,FLASH20,0.2,21000,0,E-Wallet,Refund
TRX01832,2025-12-06,2025,12,December,Saturday,Excel Cabang,Excel,C006,Website,CU0147,Reguler,P004,Nasi Ayam Geprek,Makanan,L004,Depok,Jawa Barat,3,25000,75000,Flash Sale,FLASH20,0.2,15000,60000,COD,Selesai
TRX01833,2025-12-06,2025,12,December,Saturday,Aplikasi Kasir Digital,POS,C006,Website,CU0006,Loyal,P003,Teh Lemon,Minuman,L002,Jakarta Timur,DKI Jakarta,3,15000,45000,Flash Sale,FLASH20,0.2,9000,36000,Kartu Debit,Selesai
TRX01834,2025-12-06,2025,12,December,Saturday,API Marketplace,API,C006,Website,CU0051,Reguler,P012,Dimsum Ayam,Makanan,L005,Tangerang,Banten,2,28000,56000,Tidak Ada,,0.0,0,56000,Kartu Debit,Selesai
TRX01835,2025-12-06,2025,12,December,Saturday,Aplikasi Kasir Digital,POS,C001,POS Kasir,CU0054,Reguler,P010,Paket Hemat UMKM,Paket,L002,Jakarta Timur,DKI Jakarta,1,45000,45000,Voucher Ongkir,ONGKIR5,0.05,2250,42750,COD,Selesai
TRX01836,2025-12-06,2025,12,December,Saturday,Excel Cabang,Excel,C004,GrabFood,CU0030,Baru,P002,Es Kopi Latte,Minuman,L002,Jakarta Timur,DKI Jakarta,2,22000,44000,Payday Sale,PAYDAY15,0.15,6600,37400,QRIS,Selesai
TRX01837,2025-12-06,2025,12,December,Saturday,Database POS,Database,C004,GrabFood,CU0030,Reguler,P012,Dimsum Ayam,Makanan,L004,Depok,Jawa Barat,3,28000,84000,Tidak Ada,,0.0,0,84000,QRIS,Selesai
TRX01838,2025-12-06,2025,12,December,Saturday,CSV Marketplace,CSV,C001,POS Kasir,CU0159,Loyal,P007,Brownies Cokelat,Snack,L004,Depok,Jawa Barat,4,30000,120000,Tidak Ada,,0.0,0,120000,COD,Selesai
TRX01839,2025-12-06,2025,12,December,Saturday,Aplikasi Kasir Digital,POS,C006,Website,CU0051,Reseller,P006,Mie Ayam Jamur,Makanan,L006,Bogor,Jawa Barat,3,24000,72000,Flash Sale,FLASH20,0.2,14400,57600,Transfer Bank,Selesai
TRX01840,2025-12-06,2025,12,December,Saturday,Database POS,Database,C004,GrabFood,CU0170,Baru,P010,Paket Hemat UMKM,Paket,L002,Jakarta Timur,DKI Jakarta,1,45000,45000,Voucher Ongkir,ONGKIR5,0.05,2250,42750,E-Wallet,Selesai
TRX01841,2025-12-06,2025,12,December,Saturday,CSV Marketplace,CSV,C003,GoFood,CU0143,Reguler,P002,Es Kopi Latte,Minuman,L002,Jakarta Timur,DKI Jakarta,1,22000,22000,Diskon Produk,DISKON10,0.1,2200,19800,Kartu Debit,Selesai
TRX01842,2025-12-07,2025,12,December,Sunday,CSV Marketplace,CSV,C002,ShopeeFood,CU0005,Loyal,P011,Paket Kopi dan Snack,Paket,L003,Jakarta Selatan,DKI Jakarta,2,35000,70000,Diskon Produk,DISKON10,0.1,7000,63000,Kartu Debit,Selesai
TRX01843,2025-12-07,2025,12,December,Sunday,Database POS,Database,C006,Website,CU0168,Baru,P006,Mie Ayam Jamur,Makanan,L003,Jakarta Selatan,DKI Jakarta,3,24000,72000,Tidak Ada,,0.0,0,72000,Transfer Bank,Selesai
TRX01844,2025-12-07,2025,12,December,Sunday,CSV Marketplace,CSV,C003,GoFood,CU0005,Loyal,P010,Paket Hemat UMKM,Paket,L005,Tangerang,Banten,3,45000,135000,Voucher Ongkir,ONGKIR5,0.05,6750,0,Transfer Bank,Refund
TRX01845,2025-12-07,2025,12,December,Sunday,CSV Marketplace,CSV,C003,GoFood,CU0084,Reguler,P002,Es Kopi Latte,Minuman,L002,Jakarta Timur,DKI Jakarta,1,22000,22000,Diskon Produk,DISKON10,0.1,2200,19800,COD,Selesai
TRX01846,2025-12-07,2025,12,December,Sunday,API Marketplace,API,C001,POS Kasir,CU0040,Baru,P003,Teh Lemon,Minuman,L002,Jakarta Timur,DKI Jakarta,4,15000,60000,Flash Sale,FLASH20,0.2,12000,0,COD,Dibatalkan
TRX01847,2025-12-07,2025,12,December,Sunday,Aplikasi Kasir Digital,POS,C003,GoFood,CU0127,Baru,P007,Brownies Cokelat,Snack,L001,Bekasi,Jawa Barat,1,30000,30000,Tidak Ada,,0.0,0,30000,Transfer Bank,Selesai
TRX01848,2025-12-07,2025,12,December,Sunday,Excel Cabang,Excel,C006,Website,CU0006,Reguler,P001,Kopi Susu Gula Aren,Minuman,L004,Depok,Jawa Barat,1,18000,18000,Flash Sale,FLASH20,0.2,3600,14400,Transfer Bank,Selesai
TRX01849,2025-12-07,2025,12,December,Sunday,Excel Cabang,Excel,C006,Website,CU0041,Loyal,P005,Nasi Goreng Spesial,Makanan,L005,Tangerang,Banten,1,27000,27000,Diskon Produk,DISKON10,0.1,2700,24300,QRIS,Selesai
TRX01850,2025-12-07,2025,12,December,Sunday,CSV Marketplace,CSV,C001,POS Kasir,CU0093,Reseller,P012,Dimsum Ayam,Makanan,L003,Jakarta Selatan,DKI Jakarta,1,28000,28000,Tidak Ada,,0.0,0,0,COD,Dibatalkan
TRX01851,2025-12-08,2025,12,December,Monday,Excel Cabang,Excel,C005,Tokopedia,CU0090,Reguler,P007,Brownies Cokelat,Snack,L003,Jakarta Selatan,DKI Jakarta,1,30000,30000,Voucher Ongkir,ONGKIR5,0.05,1500,28500,COD,Selesai
TRX01852,2025-12-08,2025,12,December,Monday,Excel Cabang,Excel,C004,GrabFood,CU0119,Reguler,P004,Nasi Ayam Geprek,Makanan,L003,Jakarta Selatan,DKI Jakarta,1,25000,25000,Flash Sale,FLASH20,0.2,5000,20000,QRIS,Selesai
TRX01853,2025-12-08,2025,12,December,Monday,Excel Cabang,Excel,C005,Tokopedia,CU0106,Reguler,P001,Kopi Susu Gula Aren,Minuman,L001,Bekasi,Jawa Barat,1,18000,18000,Tidak Ada,,0.0,0,18000,QRIS,Selesai
TRX01854,2025-12-08,2025,12,December,Monday,CSV Marketplace,CSV,C004,GrabFood,CU0004,Reguler,P005,Nasi Goreng Spesial,Makanan,L001,Bekasi,Jawa Barat,1,27000,27000,Tidak Ada,,0.0,0,27000,E-Wallet,Selesai
TRX01855,2025-12-08,2025,12,December,Monday,Excel Cabang,Excel,C001,POS Kasir,CU0119,Baru,P003,Teh Lemon,Minuman,L005,Tangerang,Banten,5,15000,75000,Payday Sale,PAYDAY15,0.15,11250,63750,Kartu Debit,Selesai
TRX01856,2025-12-08,2025,12,December,Monday,Excel Cabang,Excel,C002,ShopeeFood,CU0021,Reseller,P008,Roti Bakar Keju,Snack,L001,Bekasi,Jawa Barat,2,20000,40000,Tidak Ada,,0.0,0,40000,E-Wallet,Selesai
TRX01857,2025-12-08,2025,12,December,Monday,API Marketplace,API,C004,GrabFood,CU0030,Loyal,P009,Keripik Singkong,Snack,L003,Jakarta Selatan,DKI Jakarta,1,16000,16000,Diskon Produk,DISKON10,0.1,1600,14400,QRIS,Selesai
TRX01858,2025-12-09,2025,12,December,Tuesday,API Marketplace,API,C005,Tokopedia,CU0153,Baru,P006,Mie Ayam Jamur,Makanan,L005,Tangerang,Banten,1,24000,24000,Payday Sale,PAYDAY15,0.15,3600,20400,QRIS,Selesai
TRX01859,2025-12-09,2025,12,December,Tuesday,CSV Marketplace,CSV,C003,GoFood,CU0052,Reguler,P009,Keripik Singkong,Snack,L001,Bekasi,Jawa Barat,5,16000,80000,Flash Sale,FLASH20,0.2,16000,64000,Transfer Bank,Selesai
TRX01860,2025-12-09,2025,12,December,Tuesday,Database POS,Database,C004,GrabFood,CU0091,Reguler,P008,Roti Bakar Keju,Snack,L003,Jakarta Selatan,DKI Jakarta,1,20000,20000,Tidak Ada,,0.0,0,20000,Kartu Debit,Selesai
TRX01861,2025-12-09,2025,12,December,Tuesday,Excel Cabang,Excel,C004,GrabFood,CU0104,Reguler,P003,Teh Lemon,Minuman,L006,Bogor,Jawa Barat,1,15000,15000,Bundling,BUNDLE12,0.12,1800,13200,QRIS,Selesai
TRX01862,2025-12-09,2025,12,December,Tuesday,Excel Cabang,Excel,C005,Tokopedia,CU0013,Reguler,P006,Mie Ayam Jamur,Makanan,L006,Bogor,Jawa Barat,3,24000,72000,Payday Sale,PAYDAY15,0.15,10800,61200,COD,Selesai
TRX01863,2025-12-09,2025,12,December,Tuesday,Excel Cabang,Excel,C001,POS Kasir,CU0061,Reguler,P002,Es Kopi Latte,Minuman,L003,Jakarta Selatan,DKI Jakarta,2,22000,44000,Diskon Produk,DISKON10,0.1,4400,39600,Kartu Debit,Selesai
TRX01864,2025-12-10,2025,12,December,Wednesday,Excel Cabang,Excel,C002,ShopeeFood,CU0066,Reguler,P001,Kopi Susu Gula Aren,Minuman,L003,Jakarta Selatan,DKI Jakarta,1,18000,18000,Tidak Ada,,0.0,0,18000,Kartu Debit,Selesai
TRX01865,2025-12-10,2025,12,December,Wednesday,Aplikasi Kasir Digital,POS,C006,Website,CU0102,Loyal,P010,Paket Hemat UMKM,Paket,L003,Jakarta Selatan,DKI Jakarta,3,45000,135000,Flash Sale,FLASH20,0.2,27000,0,Kartu Debit,Refund
TRX01866,2025-12-10,2025,12,December,Wednesday,Excel Cabang,Excel,C006,Website,CU0176,Baru,P011,Paket Kopi dan Snack,Paket,L002,Jakarta Timur,DKI Jakarta,1,35000,35000,Voucher Ongkir,ONGKIR5,0.05,1750,33250,COD,Selesai
TRX01867,2025-12-10,2025,12,December,Wednesday,Excel Cabang,Excel,C003,GoFood,CU0026,Baru,P009,Keripik Singkong,Snack,L006,Bogor,Jawa Barat,1,16000,16000,Diskon Produk,DISKON10,0.1,1600,14400,COD,Selesai
TRX01868,2025-12-10,2025,12,December,Wednesday,Aplikasi Kasir Digital,POS,C004,GrabFood,CU0045,Loyal,P001,Kopi Susu Gula Aren,Minuman,L004,Depok,Jawa Barat,1,18000,18000,Tidak Ada,,0.0,0,18000,COD,Selesai
TRX01869,2025-12-10,2025,12,December,Wednesday,Aplikasi Kasir Digital,POS,C005,Tokopedia,CU0030,Reseller,P012,Dimsum Ayam,Makanan,L006,Bogor,Jawa Barat,2,28000,56000,Voucher Ongkir,ONGKIR5,0.05,2800,53200,COD,Selesai
TRX01870,2025-12-10,2025,12,December,Wednesday,CSV Marketplace,CSV,C003,GoFood,CU0170,Baru,P002,Es Kopi Latte,Minuman,L006,Bogor,Jawa Barat,3,22000,66000,Flash Sale,FLASH20,0.2,13200,52800,Transfer Bank,Selesai
TRX01871,2025-12-11,2025,12,December,Thursday,Database POS,Database,C001,POS Kasir,CU0171,Reguler,P003,Teh Lemon,Minuman,L001,Bekasi,Jawa Barat,1,15000,15000,Tidak Ada,,0.0,0,15000,E-Wallet,Selesai
TRX01872,2025-12-11,2025,12,December,Thursday,API Marketplace,API,C002,ShopeeFood,CU0147,Reguler,P009,Keripik Singkong,Snack,L001,Bekasi,Jawa Barat,2,16000,32000,Payday Sale,PAYDAY15,0.15,4800,27200,Kartu Debit,Selesai
TRX01873,2025-12-11,2025,12,December,Thursday,Excel Cabang,Excel,C002,ShopeeFood,CU0006,Loyal,P010,Paket Hemat UMKM,Paket,L004,Depok,Jawa Barat,1,45000,45000,Diskon Produk,DISKON10,0.1,4500,40500,Kartu Debit,Selesai
TRX01874,2025-12-11,2025,12,December,Thursday,Aplikasi Kasir Digital,POS,C006,Website,CU0019,Reseller,P010,Paket Hemat UMKM,Paket,L003,Jakarta Selatan,DKI Jakarta,1,45000,45000,Flash Sale,FLASH20,0.2,9000,36000,COD,Selesai
TRX01875,2025-12-11,2025,12,December,Thursday,CSV Marketplace,CSV,C002,ShopeeFood,CU0092,Reguler,P005,Nasi Goreng Spesial,Makanan,L005,Tangerang,Banten,3,27000,81000,Voucher Ongkir,ONGKIR5,0.05,4050,76950,Transfer Bank,Selesai
TRX01876,2025-12-11,2025,12,December,Thursday,Database POS,Database,C003,GoFood,CU0016,Loyal,P008,Roti Bakar Keju,Snack,L005,Tangerang,Banten,4,20000,80000,Voucher Ongkir,ONGKIR5,0.05,4000,76000,E-Wallet,Selesai
TRX01877,2025-12-11,2025,12,December,Thursday,Database POS,Database,C003,GoFood,CU0047,Loyal,P007,Brownies Cokelat,Snack,L004,Depok,Jawa Barat,2,30000,60000,Flash Sale,FLASH20,0.2,12000,48000,COD,Selesai
TRX01878,2025-12-11,2025,12,December,Thursday,Excel Cabang,Excel,C004,GrabFood,CU0041,Reguler,P005,Nasi Goreng Spesial,Makanan,L005,Tangerang,Banten,3,27000,81000,Payday Sale,PAYDAY15,0.15,12150,68850,COD,Selesai
TRX01879,2025-12-12,2025,12,December,Friday,Aplikasi Kasir Digital,POS,C004,GrabFood,CU0101,Reguler,P010,Paket Hemat UMKM,Paket,L006,Bogor,Jawa Barat,4,45000,180000,Tidak Ada,,0.0,0,180000,COD,Selesai
TRX01880,2025-12-12,2025,12,December,Friday,Aplikasi Kasir Digital,POS,C001,POS Kasir,CU0067,Reseller,P001,Kopi Susu Gula Aren,Minuman,L003,Jakarta Selatan,DKI Jakarta,1,18000,18000,Payday Sale,PAYDAY15,0.15,2700,15300,QRIS,Selesai
TRX01881,2025-12-12,2025,12,December,Friday,Database POS,Database,C003,GoFood,CU0165,Baru,P007,Brownies Cokelat,Snack,L001,Bekasi,Jawa Barat,1,30000,30000,Flash Sale,FLASH20,0.2,6000,24000,COD,Selesai
TRX01882,2025-12-12,2025,12,December,Friday,CSV Marketplace,CSV,C005,Tokopedia,CU0028,Loyal,P012,Dimsum Ayam,Makanan,L005,Tangerang,Banten,1,28000,28000,Diskon Produk,DISKON10,0.1,2800,25200,COD,Selesai
TRX01883,2025-12-12,2025,12,December,Friday,Database POS,Database,C006,Website,CU0155,Reseller,P011,Paket Kopi dan Snack,Paket,L006,Bogor,Jawa Barat,1,35000,35000,Payday Sale,PAYDAY15,0.15,5250,29750,E-Wallet,Selesai
TRX01884,2025-12-13,2025,12,December,Saturday,Aplikasi Kasir Digital,POS,C003,GoFood,CU0131,Reguler,P004,Nasi Ayam Geprek,Makanan,L006,Bogor,Jawa Barat,1,25000,25000,Diskon Produk,DISKON10,0.1,2500,22500,QRIS,Selesai
TRX01885,2025-12-13,2025,12,December,Saturday,Excel Cabang,Excel,C003,GoFood,CU0092,Reguler,P003,Teh Lemon,Minuman,L005,Tangerang,Banten,1,15000,15000,Tidak Ada,,0.0,0,15000,Transfer Bank,Selesai
TRX01886,2025-12-13,2025,12,December,Saturday,Aplikasi Kasir Digital,POS,C005,Tokopedia,CU0147,Reseller,P007,Brownies Cokelat,Snack,L003,Jakarta Selatan,DKI Jakarta,1,30000,30000,Voucher Ongkir,ONGKIR5,0.05,1500,28500,Transfer Bank,Selesai
TRX01887,2025-12-13,2025,12,December,Saturday,Aplikasi Kasir Digital,POS,C006,Website,CU0112,Baru,P007,Brownies Cokelat,Snack,L005,Tangerang,Banten,1,30000,30000,Tidak Ada,,0.0,0,30000,E-Wallet,Selesai
TRX01888,2025-12-13,2025,12,December,Saturday,Aplikasi Kasir Digital,POS,C004,GrabFood,CU0160,Loyal,P003,Teh Lemon,Minuman,L005,Tangerang,Banten,2,15000,30000,Diskon Produk,DISKON10,0.1,3000,27000,QRIS,Selesai
TRX01889,2025-12-13,2025,12,December,Saturday,CSV Marketplace,CSV,C005,Tokopedia,CU0154,Reguler,P004,Nasi Ayam Geprek,Makanan,L001,Bekasi,Jawa Barat,1,25000,25000,Payday Sale,PAYDAY15,0.15,3750,0,Transfer Bank,Refund
TRX01890,2025-12-13,2025,12,December,Saturday,Excel Cabang,Excel,C004,GrabFood,CU0105,Loyal,P004,Nasi Ayam Geprek,Makanan,L006,Bogor,Jawa Barat,1,25000,25000,Voucher Ongkir,ONGKIR5,0.05,1250,23750,E-Wallet,Selesai
TRX01891,2025-12-13,2025,12,December,Saturday,API Marketplace,API,C003,GoFood,CU0086,Loyal,P004,Nasi Ayam Geprek,Makanan,L001,Bekasi,Jawa Barat,2,25000,50000,Tidak Ada,,0.0,0,0,QRIS,Dibatalkan
TRX01892,2025-12-13,2025,12,December,Saturday,Database POS,Database,C003,GoFood,CU0025,Reguler,P006,Mie Ayam Jamur,Makanan,L003,Jakarta Selatan,DKI Jakarta,1,24000,24000,Tidak Ada,,0.0,0,24000,QRIS,Selesai
TRX01893,2025-12-13,2025,12,December,Saturday,Excel Cabang,Excel,C003,GoFood,CU0017,Reguler,P012,Dimsum Ayam,Makanan,L003,Jakarta Selatan,DKI Jakarta,3,28000,84000,Diskon Produk,DISKON10,0.1,8400,75600,COD,Selesai
TRX01894,2025-12-13,2025,12,December,Saturday,CSV Marketplace,CSV,C005,Tokopedia,CU0147,Loyal,P012,Dimsum Ayam,Makanan,L001,Bekasi,Jawa Barat,2,28000,56000,Voucher Ongkir,ONGKIR5,0.05,2800,53200,QRIS,Selesai
TRX01895,2025-12-14,2025,12,December,Sunday,API Marketplace,API,C001,POS Kasir,CU0133,Loyal,P009,Keripik Singkong,Snack,L002,Jakarta Timur,DKI Jakarta,1,16000,16000,Diskon Produk,DISKON10,0.1,1600,14400,QRIS,Selesai
TRX01896,2025-12-14,2025,12,December,Sunday,Database POS,Database,C002,ShopeeFood,CU0140,Reguler,P006,Mie Ayam Jamur,Makanan,L005,Tangerang,Banten,2,24000,48000,Flash Sale,FLASH20,0.2,9600,38400,Kartu Debit,Selesai
TRX01897,2025-12-14,2025,12,December,Sunday,Database POS,Database,C005,Tokopedia,CU0080,Reseller,P004,Nasi Ayam Geprek,Makanan,L006,Bogor,Jawa Barat,2,25000,50000,Voucher Ongkir,ONGKIR5,0.05,2500,47500,COD,Selesai
TRX01898,2025-12-14,2025,12,December,Sunday,API Marketplace,API,C003,GoFood,CU0169,Baru,P012,Dimsum Ayam,Makanan,L001,Bekasi,Jawa Barat,2,28000,56000,Bundling,BUNDLE12,0.12,6720,49280,QRIS,Selesai
TRX01899,2025-12-14,2025,12,December,Sunday,CSV Marketplace,CSV,C006,Website,CU0123,Reseller,P012,Dimsum Ayam,Makanan,L005,Tangerang,Banten,1,28000,28000,Payday Sale,PAYDAY15,0.15,4200,23800,Transfer Bank,Selesai
TRX01900,2025-12-14,2025,12,December,Sunday,API Marketplace,API,C001,POS Kasir,CU0109,Reguler,P007,Brownies Cokelat,Snack,L006,Bogor,Jawa Barat,1,30000,30000,Voucher Ongkir,ONGKIR5,0.05,1500,28500,QRIS,Selesai
TRX01901,2025-12-14,2025,12,December,Sunday,Database POS,Database,C005,Tokopedia,CU0106,Reseller,P010,Paket Hemat UMKM,Paket,L005,Tangerang,Banten,1,45000,45000,Diskon Produk,DISKON10,0.1,4500,40500,Transfer Bank,Selesai
TRX01902,2025-12-15,2025,12,December,Monday,Database POS,Database,C001,POS Kasir,CU0153,Reguler,P006,Mie Ayam Jamur,Makanan,L005,Tangerang,Banten,2,24000,48000,Tidak Ada,,0.0,0,48000,Kartu Debit,Selesai
TRX01903,2025-12-15,2025,12,December,Monday,Aplikasi Kasir Digital,POS,C005,Tokopedia,CU0097,Reseller,P003,Teh Lemon,Minuman,L003,Jakarta Selatan,DKI Jakarta,1,15000,15000,Tidak Ada,,0.0,0,15000,E-Wallet,Selesai
TRX01904,2025-12-15,2025,12,December,Monday,Database POS,Database,C005,Tokopedia,CU0084,Loyal,P012,Dimsum Ayam,Makanan,L005,Tangerang,Banten,1,28000,28000,Diskon Produk,DISKON10,0.1,2800,25200,E-Wallet,Selesai
TRX01905,2025-12-15,2025,12,December,Monday,API Marketplace,API,C004,GrabFood,CU0138,Loyal,P005,Nasi Goreng Spesial,Makanan,L003,Jakarta Selatan,DKI Jakarta,2,27000,54000,Diskon Produk,DISKON10,0.1,5400,48600,Kartu Debit,Selesai
TRX01906,2025-12-15,2025,12,December,Monday,CSV Marketplace,CSV,C002,ShopeeFood,CU0008,Reguler,P005,Nasi Goreng Spesial,Makanan,L003,Jakarta Selatan,DKI Jakarta,3,27000,81000,Flash Sale,FLASH20,0.2,16200,64800,Transfer Bank,Selesai
TRX01907,2025-12-15,2025,12,December,Monday,Database POS,Database,C004,GrabFood,CU0048,Loyal,P006,Mie Ayam Jamur,Makanan,L003,Jakarta Selatan,DKI Jakarta,3,24000,72000,Flash Sale,FLASH20,0.2,14400,57600,E-Wallet,Selesai
TRX01908,2025-12-16,2025,12,December,Tuesday,Aplikasi Kasir Digital,POS,C003,GoFood,CU0014,Baru,P007,Brownies Cokelat,Snack,L006,Bogor,Jawa Barat,2,30000,60000,Tidak Ada,,0.0,0,60000,COD,Selesai
TRX01909,2025-12-16,2025,12,December,Tuesday,CSV Marketplace,CSV,C002,ShopeeFood,CU0116,Reguler,P003,Teh Lemon,Minuman,L001,Bekasi,Jawa Barat,1,15000,15000,Bundling,BUNDLE12,0.12,1800,13200,COD,Selesai
TRX01910,2025-12-16,2025,12,December,Tuesday,CSV Marketplace,CSV,C004,GrabFood,CU0100,Baru,P008,Roti Bakar Keju,Snack,L003,Jakarta Selatan,DKI Jakarta,3,20000,60000,Payday Sale,PAYDAY15,0.15,9000,51000,QRIS,Selesai
TRX01911,2025-12-17,2025,12,December,Wednesday,Aplikasi Kasir Digital,POS,C003,GoFood,CU0016,Baru,P006,Mie Ayam Jamur,Makanan,L005,Tangerang,Banten,3,24000,72000,Payday Sale,PAYDAY15,0.15,10800,61200,Kartu Debit,Selesai
TRX01912,2025-12-17,2025,12,December,Wednesday,Database POS,Database,C005,Tokopedia,CU0144,Baru,P008,Roti Bakar Keju,Snack,L005,Tangerang,Banten,2,20000,40000,Voucher Ongkir,ONGKIR5,0.05,2000,38000,QRIS,Selesai
TRX01913,2025-12-17,2025,12,December,Wednesday,Excel Cabang,Excel,C004,GrabFood,CU0035,Reseller,P010,Paket Hemat UMKM,Paket,L003,Jakarta Selatan,DKI Jakarta,4,45000,180000,Diskon Produk,DISKON10,0.1,18000,162000,COD,Selesai
TRX01914,2025-12-18,2025,12,December,Thursday,Excel Cabang,Excel,C002,ShopeeFood,CU0136,Baru,P007,Brownies Cokelat,Snack,L001,Bekasi,Jawa Barat,4,30000,120000,Tidak Ada,,0.0,0,120000,COD,Selesai
TRX01915,2025-12-18,2025,12,December,Thursday,Aplikasi Kasir Digital,POS,C006,Website,CU0137,Baru,P007,Brownies Cokelat,Snack,L003,Jakarta Selatan,DKI Jakarta,2,30000,60000,Flash Sale,FLASH20,0.2,12000,48000,Kartu Debit,Selesai
TRX01916,2025-12-18,2025,12,December,Thursday,API Marketplace,API,C003,GoFood,CU0033,Baru,P011,Paket Kopi dan Snack,Paket,L002,Jakarta Timur,DKI Jakarta,4,35000,140000,Tidak Ada,,0.0,0,140000,Kartu Debit,Selesai
TRX01917,2025-12-18,2025,12,December,Thursday,API Marketplace,API,C003,GoFood,CU0069,Baru,P004,Nasi Ayam Geprek,Makanan,L005,Tangerang,Banten,1,25000,25000,Payday Sale,PAYDAY15,0.15,3750,21250,COD,Selesai
TRX01918,2025-12-18,2025,12,December,Thursday,Database POS,Database,C003,GoFood,CU0051,Loyal,P011,Paket Kopi dan Snack,Paket,L003,Jakarta Selatan,DKI Jakarta,1,35000,35000,Tidak Ada,,0.0,0,35000,QRIS,Selesai
TRX01919,2025-12-18,2025,12,December,Thursday,Database POS,Database,C006,Website,CU0126,Reguler,P004,Nasi Ayam Geprek,Makanan,L002,Jakarta Timur,DKI Jakarta,1,25000,25000,Voucher Ongkir,ONGKIR5,0.05,1250,23750,Kartu Debit,Selesai
TRX01920,2025-12-19,2025,12,December,Friday,CSV Marketplace,CSV,C002,ShopeeFood,CU0174,Loyal,P008,Roti Bakar Keju,Snack,L004,Depok,Jawa Barat,2,20000,40000,Payday Sale,PAYDAY15,0.15,6000,34000,COD,Selesai
TRX01921,2025-12-19,2025,12,December,Friday,Database POS,Database,C005,Tokopedia,CU0122,Reguler,P004,Nasi Ayam Geprek,Makanan,L005,Tangerang,Banten,2,25000,50000,Flash Sale,FLASH20,0.2,10000,40000,QRIS,Selesai
TRX01922,2025-12-19,2025,12,December,Friday,Database POS,Database,C005,Tokopedia,CU0066,Reguler,P001,Kopi Susu Gula Aren,Minuman,L001,Bekasi,Jawa Barat,4,18000,72000,Flash Sale,FLASH20,0.2,14400,57600,Transfer Bank,Selesai
TRX01923,2025-12-19,2025,12,December,Friday,Aplikasi Kasir Digital,POS,C003,GoFood,CU0160,Loyal,P010,Paket Hemat UMKM,Paket,L002,Jakarta Timur,DKI Jakarta,2,45000,90000,Tidak Ada,,0.0,0,90000,E-Wallet,Selesai
TRX01924,2025-12-20,2025,12,December,Saturday,Excel Cabang,Excel,C006,Website,CU0102,Reguler,P012,Dimsum Ayam,Makanan,L006,Bogor,Jawa Barat,2,28000,56000,Payday Sale,PAYDAY15,0.15,8400,47600,Kartu Debit,Selesai
TRX01925,2025-12-20,2025,12,December,Saturday,CSV Marketplace,CSV,C003,GoFood,CU0172,Reseller,P002,Es Kopi Latte,Minuman,L004,Depok,Jawa Barat,1,22000,22000,Diskon Produk,DISKON10,0.1,2200,19800,E-Wallet,Selesai
TRX01926,2025-12-20,2025,12,December,Saturday,Aplikasi Kasir Digital,POS,C002,ShopeeFood,CU0122,Reguler,P001,Kopi Susu Gula Aren,Minuman,L005,Tangerang,Banten,3,18000,54000,Payday Sale,PAYDAY15,0.15,8100,45900,Transfer Bank,Selesai
TRX01927,2025-12-20,2025,12,December,Saturday,API Marketplace,API,C001,POS Kasir,CU0038,Reguler,P009,Keripik Singkong,Snack,L001,Bekasi,Jawa Barat,1,16000,16000,Voucher Ongkir,ONGKIR5,0.05,800,15200,Kartu Debit,Selesai
TRX01928,2025-12-20,2025,12,December,Saturday,Database POS,Database,C006,Website,CU0109,Reseller,P005,Nasi Goreng Spesial,Makanan,L005,Tangerang,Banten,3,27000,81000,Voucher Ongkir,ONGKIR5,0.05,4050,76950,Kartu Debit,Selesai
TRX01929,2025-12-20,2025,12,December,Saturday,Excel Cabang,Excel,C005,Tokopedia,CU0124,Reguler,P003,Teh Lemon,Minuman,L006,Bogor,Jawa Barat,1,15000,15000,Bundling,BUNDLE12,0.12,1800,13200,Transfer Bank,Selesai
TRX01930,2025-12-20,2025,12,December,Saturday,CSV Marketplace,CSV,C004,GrabFood,CU0023,Loyal,P002,Es Kopi Latte,Minuman,L003,Jakarta Selatan,DKI Jakarta,1,22000,22000,Tidak Ada,,0.0,0,22000,Kartu Debit,Selesai
TRX01931,2025-12-21,2025,12,December,Sunday,CSV Marketplace,CSV,C002,ShopeeFood,CU0152,Reguler,P003,Teh Lemon,Minuman,L003,Jakarta Selatan,DKI Jakarta,3,15000,45000,Payday Sale,PAYDAY15,0.15,6750,38250,Kartu Debit,Selesai
TRX01932,2025-12-21,2025,12,December,Sunday,Excel Cabang,Excel,C002,ShopeeFood,CU0128,Baru,P010,Paket Hemat UMKM,Paket,L001,Bekasi,Jawa Barat,5,45000,225000,Payday Sale,PAYDAY15,0.15,33750,0,Transfer Bank,Dibatalkan
TRX01933,2025-12-21,2025,12,December,Sunday,Aplikasi Kasir Digital,POS,C002,ShopeeFood,CU0148,Reguler,P010,Paket Hemat UMKM,Paket,L002,Jakarta Timur,DKI Jakarta,3,45000,135000,Flash Sale,FLASH20,0.2,27000,108000,Transfer Bank,Selesai
TRX01934,2025-12-21,2025,12,December,Sunday,Excel Cabang,Excel,C001,POS Kasir,CU0001,Baru,P002,Es Kopi Latte,Minuman,L001,Bekasi,Jawa Barat,1,22000,22000,Tidak Ada,,0.0,0,22000,Kartu Debit,Selesai
TRX01935,2025-12-21,2025,12,December,Sunday,Excel Cabang,Excel,C001,POS Kasir,CU0162,Reguler,P007,Brownies Cokelat,Snack,L004,Depok,Jawa Barat,4,30000,120000,Voucher Ongkir,ONGKIR5,0.05,6000,0,Kartu Debit,Dibatalkan
TRX01936,2025-12-21,2025,12,December,Sunday,Database POS,Database,C006,Website,CU0076,Baru,P011,Paket Kopi dan Snack,Paket,L004,Depok,Jawa Barat,1,35000,35000,Voucher Ongkir,ONGKIR5,0.05,1750,33250,COD,Selesai
TRX01937,2025-12-21,2025,12,December,Sunday,CSV Marketplace,CSV,C006,Website,CU0082,Reguler,P005,Nasi Goreng Spesial,Makanan,L001,Bekasi,Jawa Barat,3,27000,81000,Diskon Produk,DISKON10,0.1,8100,72900,QRIS,Selesai
TRX01938,2025-12-21,2025,12,December,Sunday,Database POS,Database,C003,GoFood,CU0141,Reguler,P001,Kopi Susu Gula Aren,Minuman,L004,Depok,Jawa Barat,3,18000,54000,Payday Sale,PAYDAY15,0.15,8100,45900,Transfer Bank,Selesai
TRX01939,2025-12-21,2025,12,December,Sunday,Excel Cabang,Excel,C003,GoFood,CU0005,Reguler,P007,Brownies Cokelat,Snack,L005,Tangerang,Banten,1,30000,30000,Tidak Ada,,0.0,0,0,COD,Dibatalkan
TRX01940,2025-12-21,2025,12,December,Sunday,API Marketplace,API,C003,GoFood,CU0113,Loyal,P001,Kopi Susu Gula Aren,Minuman,L003,Jakarta Selatan,DKI Jakarta,4,18000,72000,Voucher Ongkir,ONGKIR5,0.05,3600,68400,E-Wallet,Selesai
TRX01941,2025-12-21,2025,12,December,Sunday,Database POS,Database,C004,GrabFood,CU0109,Baru,P012,Dimsum Ayam,Makanan,L001,Bekasi,Jawa Barat,5,28000,140000,Payday Sale,PAYDAY15,0.15,21000,119000,QRIS,Selesai
TRX01942,2025-12-22,2025,12,December,Monday,Excel Cabang,Excel,C006,Website,CU0058,Reseller,P005,Nasi Goreng Spesial,Makanan,L001,Bekasi,Jawa Barat,2,27000,54000,Flash Sale,FLASH20,0.2,10800,43200,QRIS,Selesai
TRX01943,2025-12-22,2025,12,December,Monday,Database POS,Database,C001,POS Kasir,CU0152,Baru,P009,Keripik Singkong,Snack,L003,Jakarta Selatan,DKI Jakarta,2,16000,32000,Flash Sale,FLASH20,0.2,6400,25600,Kartu Debit,Selesai
TRX01944,2025-12-22,2025,12,December,Monday,API Marketplace,API,C001,POS Kasir,CU0111,Reguler,P009,Keripik Singkong,Snack,L005,Tangerang,Banten,3,16000,48000,Payday Sale,PAYDAY15,0.15,7200,40800,Transfer Bank,Selesai
TRX01945,2025-12-22,2025,12,December,Monday,Aplikasi Kasir Digital,POS,C005,Tokopedia,CU0100,Reguler,P003,Teh Lemon,Minuman,L004,Depok,Jawa Barat,2,15000,30000,Diskon Produk,DISKON10,0.1,3000,27000,QRIS,Selesai
TRX01946,2025-12-22,2025,12,December,Monday,Aplikasi Kasir Digital,POS,C005,Tokopedia,CU0031,Reguler,P009,Keripik Singkong,Snack,L004,Depok,Jawa Barat,2,16000,32000,Payday Sale,PAYDAY15,0.15,4800,27200,COD,Selesai
TRX01947,2025-12-22,2025,12,December,Monday,API Marketplace,API,C001,POS Kasir,CU0093,Reguler,P002,Es Kopi Latte,Minuman,L003,Jakarta Selatan,DKI Jakarta,3,22000,66000,Diskon Produk,DISKON10,0.1,6600,59400,QRIS,Selesai
TRX01948,2025-12-22,2025,12,December,Monday,Aplikasi Kasir Digital,POS,C006,Website,CU0023,Baru,P007,Brownies Cokelat,Snack,L001,Bekasi,Jawa Barat,1,30000,30000,Tidak Ada,,0.0,0,30000,E-Wallet,Selesai
TRX01949,2025-12-23,2025,12,December,Tuesday,Aplikasi Kasir Digital,POS,C001,POS Kasir,CU0147,Reguler,P001,Kopi Susu Gula Aren,Minuman,L003,Jakarta Selatan,DKI Jakarta,3,18000,54000,Payday Sale,PAYDAY15,0.15,8100,0,Transfer Bank,Dibatalkan
TRX01950,2025-12-23,2025,12,December,Tuesday,Aplikasi Kasir Digital,POS,C003,GoFood,CU0118,Reguler,P008,Roti Bakar Keju,Snack,L003,Jakarta Selatan,DKI Jakarta,1,20000,20000,Bundling,BUNDLE12,0.12,2400,17600,E-Wallet,Selesai
TRX01951,2025-12-23,2025,12,December,Tuesday,Database POS,Database,C002,ShopeeFood,CU0020,Baru,P011,Paket Kopi dan Snack,Paket,L006,Bogor,Jawa Barat,1,35000,35000,Payday Sale,PAYDAY15,0.15,5250,29750,Kartu Debit,Selesai
TRX01952,2025-12-23,2025,12,December,Tuesday,Aplikasi Kasir Digital,POS,C006,Website,CU0069,Baru,P002,Es Kopi Latte,Minuman,L005,Tangerang,Banten,1,22000,22000,Tidak Ada,,0.0,0,22000,Transfer Bank,Selesai
TRX01953,2025-12-23,2025,12,December,Tuesday,Aplikasi Kasir Digital,POS,C005,Tokopedia,CU0068,Loyal,P008,Roti Bakar Keju,Snack,L003,Jakarta Selatan,DKI Jakarta,1,20000,20000,Tidak Ada,,0.0,0,20000,E-Wallet,Selesai
TRX01954,2025-12-24,2025,12,December,Wednesday,API Marketplace,API,C006,Website,CU0012,Reguler,P009,Keripik Singkong,Snack,L003,Jakarta Selatan,DKI Jakarta,1,16000,16000,Flash Sale,FLASH20,0.2,3200,12800,Kartu Debit,Selesai
TRX01955,2025-12-24,2025,12,December,Wednesday,API Marketplace,API,C002,ShopeeFood,CU0148,Baru,P010,Paket Hemat UMKM,Paket,L002,Jakarta Timur,DKI Jakarta,2,45000,90000,Tidak Ada,,0.0,0,90000,QRIS,Selesai
TRX01956,2025-12-24,2025,12,December,Wednesday,API Marketplace,API,C006,Website,CU0118,Baru,P007,Brownies Cokelat,Snack,L002,Jakarta Timur,DKI Jakarta,1,30000,30000,Bundling,BUNDLE12,0.12,3600,26400,Transfer Bank,Selesai
TRX01957,2025-12-24,2025,12,December,Wednesday,CSV Marketplace,CSV,C005,Tokopedia,CU0072,Baru,P008,Roti Bakar Keju,Snack,L002,Jakarta Timur,DKI Jakarta,4,20000,80000,Payday Sale,PAYDAY15,0.15,12000,68000,QRIS,Selesai
TRX01958,2025-12-25,2025,12,December,Thursday,CSV Marketplace,CSV,C004,GrabFood,CU0019,Reguler,P005,Nasi Goreng Spesial,Makanan,L006,Bogor,Jawa Barat,1,27000,27000,Bundling,BUNDLE12,0.12,3240,0,Kartu Debit,Dibatalkan
TRX01959,2025-12-25,2025,12,December,Thursday,Excel Cabang,Excel,C004,GrabFood,CU0144,Reguler,P006,Mie Ayam Jamur,Makanan,L001,Bekasi,Jawa Barat,1,24000,24000,Diskon Produk,DISKON10,0.1,2400,21600,QRIS,Selesai
TRX01960,2025-12-25,2025,12,December,Thursday,Aplikasi Kasir Digital,POS,C001,POS Kasir,CU0028,Reseller,P010,Paket Hemat UMKM,Paket,L003,Jakarta Selatan,DKI Jakarta,1,45000,45000,Voucher Ongkir,ONGKIR5,0.05,2250,42750,QRIS,Selesai
TRX01961,2025-12-25,2025,12,December,Thursday,Excel Cabang,Excel,C006,Website,CU0113,Baru,P007,Brownies Cokelat,Snack,L001,Bekasi,Jawa Barat,2,30000,60000,Tidak Ada,,0.0,0,60000,Kartu Debit,Selesai
TRX01962,2025-12-25,2025,12,December,Thursday,Excel Cabang,Excel,C004,GrabFood,CU0175,Baru,P001,Kopi Susu Gula Aren,Minuman,L001,Bekasi,Jawa Barat,3,18000,54000,Voucher Ongkir,ONGKIR5,0.05,2700,51300,COD,Selesai
TRX01963,2025-12-25,2025,12,December,Thursday,Aplikasi Kasir Digital,POS,C001,POS Kasir,CU0084,Reguler,P012,Dimsum Ayam,Makanan,L006,Bogor,Jawa Barat,2,28000,56000,Diskon Produk,DISKON10,0.1,5600,50400,Transfer Bank,Selesai
TRX01964,2025-12-25,2025,12,December,Thursday,Database POS,Database,C005,Tokopedia,CU0055,Loyal,P003,Teh Lemon,Minuman,L005,Tangerang,Banten,1,15000,15000,Voucher Ongkir,ONGKIR5,0.05,750,14250,COD,Selesai
TRX01965,2025-12-25,2025,12,December,Thursday,Database POS,Database,C003,GoFood,CU0023,Reseller,P010,Paket Hemat UMKM,Paket,L003,Jakarta Selatan,DKI Jakarta,3,45000,135000,Diskon Produk,DISKON10,0.1,13500,0,Kartu Debit,Dibatalkan
TRX01966,2025-12-26,2025,12,December,Friday,Excel Cabang,Excel,C002,ShopeeFood,CU0040,Reguler,P009,Keripik Singkong,Snack,L001,Bekasi,Jawa Barat,1,16000,16000,Diskon Produk,DISKON10,0.1,1600,14400,Kartu Debit,Selesai
TRX01967,2025-12-26,2025,12,December,Friday,CSV Marketplace,CSV,C006,Website,CU0055,Reseller,P007,Brownies Cokelat,Snack,L002,Jakarta Timur,DKI Jakarta,1,30000,30000,Flash Sale,FLASH20,0.2,6000,24000,E-Wallet,Selesai
TRX01968,2025-12-26,2025,12,December,Friday,CSV Marketplace,CSV,C003,GoFood,CU0070,Reseller,P009,Keripik Singkong,Snack,L002,Jakarta Timur,DKI Jakarta,1,16000,16000,Tidak Ada,,0.0,0,16000,COD,Selesai
TRX01969,2025-12-26,2025,12,December,Friday,Aplikasi Kasir Digital,POS,C002,ShopeeFood,CU0065,Loyal,P007,Brownies Cokelat,Snack,L004,Depok,Jawa Barat,2,30000,60000,Bundling,BUNDLE12,0.12,7200,52800,Kartu Debit,Selesai
TRX01970,2025-12-26,2025,12,December,Friday,API Marketplace,API,C002,ShopeeFood,CU0162,Reseller,P009,Keripik Singkong,Snack,L003,Jakarta Selatan,DKI Jakarta,3,16000,48000,Diskon Produk,DISKON10,0.1,4800,43200,E-Wallet,Selesai
TRX01971,2025-12-26,2025,12,December,Friday,API Marketplace,API,C001,POS Kasir,CU0114,Reseller,P003,Teh Lemon,Minuman,L005,Tangerang,Banten,1,15000,15000,Diskon Produk,DISKON10,0.1,1500,13500,QRIS,Selesai
TRX01972,2025-12-26,2025,12,December,Friday,API Marketplace,API,C003,GoFood,CU0041,Baru,P008,Roti Bakar Keju,Snack,L005,Tangerang,Banten,1,20000,20000,Bundling,BUNDLE12,0.12,2400,17600,Transfer Bank,Selesai
TRX01973,2025-12-26,2025,12,December,Friday,Aplikasi Kasir Digital,POS,C001,POS Kasir,CU0084,Baru,P001,Kopi Susu Gula Aren,Minuman,L005,Tangerang,Banten,4,18000,72000,Flash Sale,FLASH20,0.2,14400,57600,COD,Selesai
TRX01974,2025-12-26,2025,12,December,Friday,Aplikasi Kasir Digital,POS,C001,POS Kasir,CU0022,Reseller,P005,Nasi Goreng Spesial,Makanan,L006,Bogor,Jawa Barat,1,27000,27000,Tidak Ada,,0.0,0,27000,COD,Selesai
TRX01975,2025-12-27,2025,12,December,Saturday,API Marketplace,API,C003,GoFood,CU0100,Baru,P001,Kopi Susu Gula Aren,Minuman,L002,Jakarta Timur,DKI Jakarta,2,18000,36000,Diskon Produk,DISKON10,0.1,3600,32400,Transfer Bank,Selesai
TRX01976,2025-12-27,2025,12,December,Saturday,Aplikasi Kasir Digital,POS,C006,Website,CU0069,Reguler,P001,Kopi Susu Gula Aren,Minuman,L004,Depok,Jawa Barat,1,18000,18000,Tidak Ada,,0.0,0,18000,QRIS,Selesai
TRX01977,2025-12-27,2025,12,December,Saturday,CSV Marketplace,CSV,C006,Website,CU0145,Reguler,P001,Kopi Susu Gula Aren,Minuman,L001,Bekasi,Jawa Barat,1,18000,18000,Flash Sale,FLASH20,0.2,3600,14400,QRIS,Selesai
TRX01978,2025-12-27,2025,12,December,Saturday,Excel Cabang,Excel,C001,POS Kasir,CU0047,Reseller,P007,Brownies Cokelat,Snack,L006,Bogor,Jawa Barat,1,30000,30000,Diskon Produk,DISKON10,0.1,3000,0,E-Wallet,Refund
TRX01979,2025-12-27,2025,12,December,Saturday,Aplikasi Kasir Digital,POS,C006,Website,CU0159,Reguler,P011,Paket Kopi dan Snack,Paket,L006,Bogor,Jawa Barat,1,35000,35000,Payday Sale,PAYDAY15,0.15,5250,29750,COD,Selesai
TRX01980,2025-12-27,2025,12,December,Saturday,CSV Marketplace,CSV,C004,GrabFood,CU0141,Baru,P008,Roti Bakar Keju,Snack,L001,Bekasi,Jawa Barat,3,20000,60000,Voucher Ongkir,ONGKIR5,0.05,3000,57000,E-Wallet,Selesai
TRX01981,2025-12-27,2025,12,December,Saturday,Excel Cabang,Excel,C003,GoFood,CU0017,Baru,P010,Paket Hemat UMKM,Paket,L006,Bogor,Jawa Barat,4,45000,180000,Payday Sale,PAYDAY15,0.15,27000,153000,COD,Selesai
TRX01982,2025-12-27,2025,12,December,Saturday,API Marketplace,API,C002,ShopeeFood,CU0177,Loyal,P011,Paket Kopi dan Snack,Paket,L005,Tangerang,Banten,3,35000,105000,Tidak Ada,,0.0,0,105000,QRIS,Selesai
TRX01983,2025-12-27,2025,12,December,Saturday,CSV Marketplace,CSV,C001,POS Kasir,CU0179,Reseller,P006,Mie Ayam Jamur,Makanan,L002,Jakarta Timur,DKI Jakarta,1,24000,24000,Voucher Ongkir,ONGKIR5,0.05,1200,22800,E-Wallet,Selesai
TRX01984,2025-12-27,2025,12,December,Saturday,Aplikasi Kasir Digital,POS,C006,Website,CU0168,Reguler,P009,Keripik Singkong,Snack,L003,Jakarta Selatan,DKI Jakarta,4,16000,64000,Bundling,BUNDLE12,0.12,7680,56320,Kartu Debit,Selesai
TRX01985,2025-12-27,2025,12,December,Saturday,API Marketplace,API,C003,GoFood,CU0096,Reguler,P003,Teh Lemon,Minuman,L005,Tangerang,Banten,3,15000,45000,Tidak Ada,,0.0,0,45000,E-Wallet,Selesai
TRX01986,2025-12-27,2025,12,December,Saturday,Excel Cabang,Excel,C001,POS Kasir,CU0146,Reseller,P006,Mie Ayam Jamur,Makanan,L004,Depok,Jawa Barat,1,24000,24000,Bundling,BUNDLE12,0.12,2880,21120,QRIS,Selesai
TRX01987,2025-12-27,2025,12,December,Saturday,Aplikasi Kasir Digital,POS,C004,GrabFood,CU0113,Reguler,P007,Brownies Cokelat,Snack,L005,Tangerang,Banten,1,30000,30000,Voucher Ongkir,ONGKIR5,0.05,1500,28500,QRIS,Selesai
TRX01988,2025-12-27,2025,12,December,Saturday,API Marketplace,API,C005,Tokopedia,CU0056,Reguler,P004,Nasi Ayam Geprek,Makanan,L004,Depok,Jawa Barat,2,25000,50000,Tidak Ada,,0.0,0,50000,Kartu Debit,Selesai
TRX01989,2025-12-28,2025,12,December,Sunday,Database POS,Database,C001,POS Kasir,CU0041,Reguler,P004,Nasi Ayam Geprek,Makanan,L001,Bekasi,Jawa Barat,2,25000,50000,Diskon Produk,DISKON10,0.1,5000,45000,QRIS,Selesai
TRX01990,2025-12-28,2025,12,December,Sunday,Excel Cabang,Excel,C001,POS Kasir,CU0081,Baru,P011,Paket Kopi dan Snack,Paket,L003,Jakarta Selatan,DKI Jakarta,2,35000,70000,Bundling,BUNDLE12,0.12,8400,61600,COD,Selesai
TRX01991,2025-12-28,2025,12,December,Sunday,API Marketplace,API,C005,Tokopedia,CU0048,Reguler,P002,Es Kopi Latte,Minuman,L004,Depok,Jawa Barat,1,22000,22000,Tidak Ada,,0.0,0,22000,Kartu Debit,Selesai
TRX01992,2025-12-28,2025,12,December,Sunday,API Marketplace,API,C002,ShopeeFood,CU0004,Loyal,P003,Teh Lemon,Minuman,L002,Jakarta Timur,DKI Jakarta,1,15000,15000,Tidak Ada,,0.0,0,15000,QRIS,Selesai
TRX01993,2025-12-28,2025,12,December,Sunday,Excel Cabang,Excel,C006,Website,CU0139,Reguler,P011,Paket Kopi dan Snack,Paket,L004,Depok,Jawa Barat,1,35000,35000,Tidak Ada,,0.0,0,35000,COD,Selesai
TRX01994,2025-12-28,2025,12,December,Sunday,Excel Cabang,Excel,C002,ShopeeFood,CU0057,Loyal,P004,Nasi Ayam Geprek,Makanan,L001,Bekasi,Jawa Barat,1,25000,25000,Diskon Produk,DISKON10,0.1,2500,0,Kartu Debit,Dibatalkan
TRX01995,2025-12-28,2025,12,December,Sunday,Database POS,Database,C003,GoFood,CU0145,Reguler,P005,Nasi Goreng Spesial,Makanan,L006,Bogor,Jawa Barat,1,27000,27000,Flash Sale,FLASH20,0.2,5400,21600,Kartu Debit,Selesai
TRX01996,2025-12-28,2025,12,December,Sunday,CSV Marketplace,CSV,C001,POS Kasir,CU0109,Reguler,P010,Paket Hemat UMKM,Paket,L002,Jakarta Timur,DKI Jakarta,2,45000,90000,Voucher Ongkir,ONGKIR5,0.05,4500,85500,COD,Selesai
TRX01997,2025-12-28,2025,12,December,Sunday,CSV Marketplace,CSV,C006,Website,CU0037,Reguler,P004,Nasi Ayam Geprek,Makanan,L004,Depok,Jawa Barat,3,25000,75000,Flash Sale,FLASH20,0.2,15000,60000,E-Wallet,Selesai
TRX01998,2025-12-28,2025,12,December,Sunday,Database POS,Database,C004,GrabFood,CU0033,Baru,P002,Es Kopi Latte,Minuman,L003,Jakarta Selatan,DKI Jakarta,3,22000,66000,Payday Sale,PAYDAY15,0.15,9900,56100,COD,Selesai
TRX01999,2025-12-28,2025,12,December,Sunday,Aplikasi Kasir Digital,POS,C002,ShopeeFood,CU0180,Reseller,P006,Mie Ayam Jamur,Makanan,L002,Jakarta Timur,DKI Jakarta,1,24000,24000,Tidak Ada,,0.0,0,24000,QRIS,Selesai
TRX02000,2025-12-28,2025,12,December,Sunday,CSV Marketplace,CSV,C006,Website,CU0135,Loyal,P010,Paket Hemat UMKM,Paket,L006,Bogor,Jawa Barat,1,45000,45000,Flash Sale,FLASH20,0.2,9000,36000,Kartu Debit,Selesai
TRX02001,2025-12-28,2025,12,December,Sunday,API Marketplace,API,C001,POS Kasir,CU0029,Reguler,P008,Roti Bakar Keju,Snack,L006,Bogor,Jawa Barat,2,20000,40000,Diskon Produk,DISKON10,0.1,4000,36000,Transfer Bank,Selesai
TRX02002,2025-12-28,2025,12,December,Sunday,Excel Cabang,Excel,C005,Tokopedia,CU0146,Loyal,P006,Mie Ayam Jamur,Makanan,L005,Tangerang,Banten,2,24000,48000,Flash Sale,FLASH20,0.2,9600,38400,COD,Selesai
TRX02003,2025-12-29,2025,12,December,Monday,Excel Cabang,Excel,C001,POS Kasir,CU0061,Reguler,P009,Keripik Singkong,Snack,L005,Tangerang,Banten,3,16000,48000,Payday Sale,PAYDAY15,0.15,7200,40800,Kartu Debit,Selesai
TRX02004,2025-12-29,2025,12,December,Monday,Aplikasi Kasir Digital,POS,C004,GrabFood,CU0149,Reguler,P002,Es Kopi Latte,Minuman,L005,Tangerang,Banten,4,22000,88000,Voucher Ongkir,ONGKIR5,0.05,4400,83600,Transfer Bank,Selesai
TRX02005,2025-12-29,2025,12,December,Monday,Excel Cabang,Excel,C003,GoFood,CU0036,Baru,P005,Nasi Goreng Spesial,Makanan,L003,Jakarta Selatan,DKI Jakarta,2,27000,54000,Bundling,BUNDLE12,0.12,6480,47520,COD,Selesai
TRX02006,2025-12-29,2025,12,December,Monday,CSV Marketplace,CSV,C005,Tokopedia,CU0161,Reseller,P001,Kopi Susu Gula Aren,Minuman,L002,Jakarta Timur,DKI Jakarta,2,18000,36000,Voucher Ongkir,ONGKIR5,0.05,1800,34200,Transfer Bank,Selesai
TRX02007,2025-12-30,2025,12,December,Tuesday,API Marketplace,API,C003,GoFood,CU0055,Loyal,P005,Nasi Goreng Spesial,Makanan,L001,Bekasi,Jawa Barat,2,27000,54000,Diskon Produk,DISKON10,0.1,5400,48600,Kartu Debit,Selesai
TRX02008,2025-12-30,2025,12,December,Tuesday,Aplikasi Kasir Digital,POS,C003,GoFood,CU0003,Reguler,P002,Es Kopi Latte,Minuman,L004,Depok,Jawa Barat,2,22000,44000,Tidak Ada,,0.0,0,44000,QRIS,Selesai
TRX02009,2025-12-30,2025,12,December,Tuesday,API Marketplace,API,C001,POS Kasir,CU0057,Loyal,P011,Paket Kopi dan Snack,Paket,L002,Jakarta Timur,DKI Jakarta,4,35000,140000,Payday Sale,PAYDAY15,0.15,21000,119000,Transfer Bank,Selesai
TRX02010,2025-12-30,2025,12,December,Tuesday,Excel Cabang,Excel,C002,ShopeeFood,CU0011,Loyal,P008,Roti Bakar Keju,Snack,L003,Jakarta Selatan,DKI Jakarta,1,20000,20000,Payday Sale,PAYDAY15,0.15,3000,17000,Transfer Bank,Selesai
TRX02011,2025-12-31,2025,12,December,Wednesday,Database POS,Database,C003,GoFood,CU0015,Reguler,P001,Kopi Susu Gula Aren,Minuman,L004,Depok,Jawa Barat,1,18000,18000,Payday Sale,PAYDAY15,0.15,2700,15300,Kartu Debit,Selesai
TRX02012,2025-12-31,2025,12,December,Wednesday,API Marketplace,API,C004,GrabFood,CU0157,Reguler,P008,Roti Bakar Keju,Snack,L004,Depok,Jawa Barat,1,20000,20000,Voucher Ongkir,ONGKIR5,0.05,1000,19000,Transfer Bank,Selesai
TRX02013,2025-12-31,2025,12,December,Wednesday,CSV Marketplace,CSV,C006,Website,CU0175,Loyal,P011,Paket Kopi dan Snack,Paket,L001,Bekasi,Jawa Barat,5,35000,175000,Tidak Ada,,0.0,0,175000,QRIS,Selesai
TRX02014,2025-12-31,2025,12,December,Wednesday,CSV Marketplace,CSV,C001,POS Kasir,CU0056,Baru,P007,Brownies Cokelat,Snack,L005,Tangerang,Banten,2,30000,60000,Bundling,BUNDLE12,0.12,7200,52800,QRIS,Selesai
TRX02015,2025-12-31,2025,12,December,Wednesday,Excel Cabang,Excel,C003,GoFood,CU0039,Reguler,P012,Dimsum Ayam,Makanan,L005,Tangerang,Banten,2,28000,56000,Diskon Produk,DISKON10,0.1,5600,0,Transfer Bank,Dibatalkan
TRX02016,2025-12-31,2025,12,December,Wednesday,Aplikasi Kasir Digital,POS,C001,POS Kasir,CU0095,Reseller,P007,Brownies Cokelat,Snack,L004,Depok,Jawa Barat,1,30000,30000,Diskon Produk,DISKON10,0.1,3000,27000,COD,Selesai
TRX02017,2025-12-31,2025,12,December,Wednesday,Database POS,Database,C001,POS Kasir,CU0040,Baru,P007,Brownies Cokelat,Snack,L004,Depok,Jawa Barat,1,30000,30000,Diskon Produk,DISKON10,0.1,3000,27000,Kartu Debit,Selesai
TRX00742,2025-05-07,2025,5,May,Wednesday,Excel Cabang,Database,C001,POS Kasir,CU0022,Reguler,P003,Teh Lemon,Minuman,L006,Bogor,Jawa Barat,3,15000,45000,Tidak Ada,,0.0,0,45000,E-Wallet,Selesai
TRX00741,2025-05-07,2025,5,May,Wednesday,CSV Marketplace,CSV,C001,POS Kasir,CU0067,Loyal,P007,Brownies Cokelat,Snack,L006,Bogor,Jawa Barat,1,30000,30000,Tidak Ada,,0.0,0,30000,E-Wallet,Selesai
TRX00124,2025-01-26,2025,1,January,Sunday,CSV Marketplace,POS,C006,Website,CU0153,Reguler,P005,Nasi Goreng Spesial,Makanan,L005,Tangerang,Banten,2,27000,54000,Diskon Produk,DISKON10,0.1,5400,48600,COD,Selesai
TRX00621,2025-04-19,2025,4,April,Saturday,CSV Marketplace,Database,C004,GrabFood,CU0085,Reguler,P009,Keripik Singkong,Snack,L001,Bekasi,Jawa Barat,2,16000,32000,Voucher Ongkir,ONGKIR5,0.05,1600,30400,E-Wallet,Selesai
TRX01191,2025-08-04,2025,8,August,Monday,Excel Cabang,CSV,C002,ShopeeFood,CU0013,Baru,P008,Roti Bakar Keju,Snack,L002,Jakarta Timur,DKI Jakarta,1,20000,20000,Diskon Produk,DISKON10,0.1,2000,18000,QRIS,Selesai
TRX00588,2025-04-14,2025,4,April,Monday,CSV Marketplace,POS,C003,GoFood,CU0138,Baru,P001,Kopi Susu Gula Aren,Minuman,L005,Tangerang,Banten,2,18000,36000,Diskon Produk,DISKON10,0.1,3600,32400,Kartu Debit,Selesai
TRX01595,2025-10-27,2025,10,October,Monday,Excel Cabang,CSV,C002,ShopeeFood,CU0155,Loyal,P008,Roti Bakar Keju,Snack,L004,Depok,Jawa Barat,1,20000,20000,Bundling,BUNDLE12,0.12,2400,17600,QRIS,Selesai
TRX01563,2025-10-22,2025,10,October,Wednesday,Excel Cabang,POS,C004,GrabFood,CU0019,Baru,P002,Es Kopi Latte,Minuman,L002,Jakarta Timur,DKI Jakarta,2,22000,44000,Tidak Ada,,0.0,0,44000,Transfer Bank,Selesai
TRX01605,2025-10-30,2025,10,October,Thursday,CSV Marketplace,Database,C003,GoFood,CU0096,Loyal,P004,Nasi Ayam Geprek,Makanan,L004,Depok,Jawa Barat,1,25000,25000,Diskon Produk,DISKON10,0.1,2500,22500,COD,Selesai
TRX00522,2025-04-02,2025,4,April,Wednesday,CSV Marketplace,CSV,C005,Tokopedia,CU0076,Loyal,P005,Nasi Goreng Spesial,Makanan,L005,Tangerang,Banten,1,27000,27000,Tidak Ada,,0.0,0,27000,Kartu Debit,Selesai
TRX00616,2025-04-18,2025,4,April,Friday,Excel Cabang,Database,C004,GrabFood,CU0109,Reguler,P003,Teh Lemon,Minuman,L006,Bogor,Jawa Barat,3,15000,45000,Payday Sale,PAYDAY15,0.15,6750,38250,COD,Selesai
TRX01344,2025-09-07,2025,9,September,Sunday,CSV Marketplace,API,C002,ShopeeFood,CU0078,Reguler,P012,Dimsum Ayam,Makanan,L003,Jakarta Selatan,DKI Jakarta,2,28000,56000,Payday Sale,PAYDAY15,0.15,8400,47600,E-Wallet,Selesai
